student_id,age,gender,socioeconomic_status,attendance_rate,avg_grade,assignment_submission_rate,lms_logins_per_week,participation_score,disciplinary_incidents,financial_aid,first_generation,distance_from_school_km,previous_failures,dropout
STU-00001,17,Female,Medium,74.4,74.69,0.738,8,3.77,0,1,1,3.32,2,0
STU-00002,23,Male,Medium,92.84,68.76,0.576,10,3.29,0,0,0,4.13,1,0
STU-00003,23,Male,High,100.0,94.48,0.832,11,6.08,0,0,0,5.47,0,0
STU-00004,20,Female,Medium,80.67,75.85,0.82,10,3.94,2,0,0,13.76,4,0
STU-00005,22,Female,Low,81.04,81.14,0.844,8,3.88,2,1,1,2.24,1,0
STU-00006,20,Female,High,71.53,46.85,0.588,8,4.31,0,0,0,25.84,3,0
STU-00007,21,Male,Medium,74.09,52.98,0.5,7,3.8,1,1,0,12.41,0,0
STU-00008,18,Male,Medium,70.18,81.61,0.911,9,6.57,3,0,0,2.96,1,0
STU-00009,22,Male,Low,81.44,64.1,0.639,8,6.14,1,1,1,18.12,0,0
STU-00010,17,Female,Medium,78.25,57.9,0.549,8,4.17,4,1,0,11.16,1,0
STU-00011,17,Female,Medium,86.1,74.3,0.594,8,5.28,2,0,0,4.52,2,0
STU-00012,20,Male,High,73.44,74.42,0.476,8,1.66,1,0,1,12.55,0,0
STU-00013,20,Female,Medium,80.16,71.9,0.518,8,5.04,2,0,0,3.12,2,0
STU-00014,21,Male,High,72.76,76.36,0.77,7,5.11,3,0,0,7.66,2,0
STU-00015,19,Female,Medium,84.06,78.68,0.655,6,6.02,2,1,0,10.52,5,0
STU-00016,24,Female,Low,62.04,64.78,0.446,9,2.59,4,0,1,3.24,4,1
STU-00017,21,Male,Medium,83.67,88.64,0.8,11,4.71,2,0,0,8.35,0,0
STU-00018,21,Male,Low,76.93,68.99,0.713,7,4.14,3,0,0,9.77,0,0
STU-00019,21,Male,High,85.24,77.23,0.801,11,7.21,0,0,0,5.39,2,0
STU-00020,23,Female,Medium,63.83,73.66,0.717,6,4.36,0,1,0,4.2,2,0
STU-00021,22,Male,Medium,89.2,83.34,0.797,9,3.27,1,1,1,7.87,0,0
STU-00022,21,Male,Medium,78.71,63.75,0.57,8,5.07,1,0,1,6.04,2,0
STU-00023,22,Male,High,85.64,76.94,0.825,9,4.65,1,0,0,20.04,1,0
STU-00024,17,Male,High,62.68,71.22,0.678,9,5.31,3,1,1,10.64,0,0
STU-00025,17,Male,Medium,68.33,61.93,0.609,7,4.58,4,0,0,6.18,1,0
STU-00026,20,Male,Low,75.71,63.15,0.754,8,6.36,1,1,0,7.18,3,0
STU-00027,20,Female,Medium,97.13,67.71,0.764,12,7.07,0,0,0,4.41,1,0
STU-00028,22,Female,Low,85.8,44.56,0.445,9,5.4,2,1,0,15.26,2,0
STU-00029,21,Male,Low,81.43,67.54,0.628,8,6.06,2,1,1,11.3,1,0
STU-00030,22,Female,Medium,71.83,70.75,0.655,9,5.27,0,0,0,20.97,1,0
STU-00031,18,Female,Medium,69.83,57.56,0.338,9,2.05,1,1,0,8.33,3,0
STU-00032,20,Male,High,86.29,91.95,1.0,12,4.28,0,0,0,6.38,1,0
STU-00033,18,Female,Medium,89.71,67.59,0.586,7,3.55,1,0,0,8.54,1,0
STU-00034,21,Male,Medium,84.3,84.59,0.918,8,6.55,0,0,1,20.42,1,0
STU-00035,17,Male,Medium,100.0,87.19,0.843,12,2.89,2,0,0,5.3,4,0
STU-00036,21,Female,Low,72.49,88.76,1.0,9,5.24,2,1,1,4.83,5,0
STU-00037,17,Male,Low,81.97,76.95,0.813,6,4.72,3,1,1,5.81,3,0
STU-00038,20,Female,Medium,63.38,50.96,0.633,7,5.39,1,1,0,4.34,1,0
STU-00039,22,Male,Low,82.32,82.26,0.724,8,4.66,3,1,0,8.97,2,0
STU-00040,21,Male,Medium,98.16,99.09,0.787,10,5.22,1,1,1,5.39,0,0
STU-00041,17,Female,Medium,70.54,51.14,0.542,9,5.55,2,0,0,17.43,1,0
STU-00042,19,Female,High,92.51,87.55,0.611,8,4.79,1,1,0,2.92,1,0
STU-00043,17,Female,Medium,97.85,90.57,0.811,12,5.45,1,0,0,11.48,0,0
STU-00044,17,Female,Medium,74.41,68.59,0.534,9,3.17,2,1,1,15.95,0,0
STU-00045,21,Female,High,88.39,54.96,0.457,6,4.64,0,0,0,2.83,1,0
STU-00046,22,Non-binary,High,100.0,81.79,0.863,10,5.6,2,0,1,10.28,2,0
STU-00047,21,Female,Medium,84.54,69.77,0.75,10,4.55,0,0,0,14.0,4,0
STU-00048,22,Male,Low,88.65,90.05,0.844,10,7.52,2,1,0,1.82,2,0
STU-00049,20,Female,Medium,62.49,64.11,0.676,9,3.84,1,0,0,3.77,0,0
STU-00050,20,Non-binary,Low,86.57,69.63,0.621,8,4.05,1,0,0,15.26,1,0
STU-00051,18,Female,Low,85.69,67.47,0.958,11,4.33,2,0,0,15.3,2,0
STU-00052,20,Female,Low,65.41,66.86,0.697,8,4.25,1,1,0,6.97,1,0
STU-00053,18,Male,Medium,71.39,69.84,0.616,13,3.2,1,1,0,8.55,2,0
STU-00054,19,Female,Medium,88.64,69.65,0.791,7,4.8,2,0,1,11.13,0,0
STU-00055,21,Male,Medium,78.67,75.4,0.884,14,3.98,0,0,0,13.69,1,0
STU-00056,20,Female,Medium,94.23,74.66,0.636,8,5.35,0,1,0,8.01,1,0
STU-00057,27,Male,Medium,85.42,50.08,0.345,11,1.92,1,0,0,13.69,2,0
STU-00058,18,Male,Medium,82.62,81.34,0.641,11,5.14,3,0,0,1.16,2,1
STU-00059,20,Male,Low,78.13,75.43,0.656,7,3.65,2,1,1,6.32,1,0
STU-00060,18,Female,Low,83.22,74.14,0.718,10,5.85,3,1,0,10.96,2,0
STU-00061,20,Female,Medium,90.83,74.17,0.53,8,5.26,1,0,0,9.37,0,0
STU-00062,20,Female,Medium,87.87,76.46,0.695,10,5.12,2,0,0,18.47,1,0
STU-00063,22,Female,Medium,77.35,80.32,0.753,9,5.88,0,0,0,3.74,1,0
STU-00064,20,Female,Medium,95.63,74.59,0.768,9,7.74,1,1,0,3.49,2,0
STU-00065,20,Male,Medium,89.23,86.43,0.905,9,7.49,1,1,0,19.94,4,0
STU-00066,20,Male,Medium,86.24,61.65,0.664,10,2.97,1,0,0,2.03,2,0
STU-00067,18,Male,Medium,83.01,76.53,0.961,8,4.76,0,0,0,12.33,1,0
STU-00068,19,Female,Medium,87.5,77.26,0.883,8,4.89,1,0,0,11.49,2,0
STU-00069,20,Female,Low,59.85,70.96,0.724,10,4.7,4,1,1,5.09,4,1
STU-00070,21,Male,Medium,84.65,66.44,0.541,10,3.61,1,0,0,19.56,1,0
STU-00071,22,Female,Low,98.04,71.16,0.618,7,4.4,1,1,0,7.27,3,0
STU-00072,20,Female,Medium,84.42,61.58,0.444,7,2.99,1,1,1,7.79,1,0
STU-00073,20,Female,High,84.17,71.48,0.72,5,5.31,1,0,0,3.82,3,0
STU-00074,17,Male,Low,73.45,70.01,0.729,10,5.32,0,1,0,4.25,1,0
STU-00075,22,Non-binary,Low,85.42,55.22,0.667,10,3.08,0,1,0,3.33,1,0
STU-00076,19,Female,Low,77.85,65.14,0.679,7,3.75,3,0,1,10.43,1,0
STU-00077,22,Male,Low,94.4,83.62,0.934,12,3.38,2,1,1,10.13,0,0
STU-00078,23,Female,Medium,72.5,68.77,0.807,13,1.3,3,1,0,1.11,3,0
STU-00079,20,Female,Medium,77.02,72.72,0.589,6,4.83,1,1,1,14.72,0,0
STU-00080,18,Male,Medium,75.39,56.13,0.506,7,4.25,0,0,0,6.68,3,0
STU-00081,20,Female,Medium,100.0,82.0,0.792,8,6.07,4,0,0,1.96,2,0
STU-00082,21,Male,Medium,79.91,73.64,0.636,11,6.65,3,1,1,18.7,1,0
STU-00083,20,Female,High,77.22,72.18,0.678,9,2.1,2,0,0,5.73,2,0
STU-00084,19,Female,Low,57.0,61.09,0.647,7,0.52,3,1,1,5.71,0,0
STU-00085,22,Male,Low,69.97,62.7,0.61,9,2.33,3,1,0,7.03,0,0
STU-00086,22,Female,Low,85.81,68.83,0.679,8,1.87,2,0,0,13.88,2,0
STU-00087,20,Male,Medium,87.76,66.73,0.547,8,3.64,0,0,1,5.03,1,0
STU-00088,17,Female,Medium,74.84,80.67,0.842,10,5.68,1,0,1,16.54,2,0
STU-00089,21,Male,Low,73.45,55.19,0.612,7,4.48,4,1,1,3.33,1,0
STU-00090,19,Female,Medium,100.0,84.58,0.724,9,7.06,1,0,1,5.45,0,0
STU-00091,21,Female,Low,100.0,98.33,0.78,10,6.31,2,1,1,0.81,1,0
STU-00092,21,Male,Medium,94.65,91.45,1.0,11,5.69,1,0,1,5.83,2,0
STU-00093,17,Female,Medium,99.15,87.69,1.0,12,5.73,0,0,1,2.38,3,0
STU-00094,21,Female,Medium,100.0,85.5,0.852,12,6.64,0,0,1,2.77,2,0
STU-00095,22,Non-binary,Medium,100.0,81.72,0.747,8,3.55,1,0,1,2.48,3,0
STU-00096,22,Male,Medium,78.68,63.75,0.76,12,0.32,2,1,1,7.22,3,0
STU-00097,21,Male,Medium,72.34,67.18,0.721,9,4.91,0,0,0,7.06,4,0
STU-00098,17,Male,Low,100.0,85.95,0.802,10,6.19,1,0,1,12.1,1,0
STU-00099,23,Male,Low,69.39,69.41,0.8,7,6.68,2,1,1,5.59,0,0
STU-00100,21,Male,High,71.94,79.17,0.671,12,5.16,1,1,1,10.58,2,0
STU-00101,18,Male,High,72.19,83.6,0.724,13,4.8,2,0,0,7.84,0,0
STU-00102,19,Female,Medium,80.55,72.08,0.75,13,4.39,1,0,0,4.65,1,0
STU-00103,21,Female,Low,58.17,62.04,0.633,8,2.31,1,1,1,14.26,3,0
STU-00104,22,Male,High,67.49,50.15,0.593,9,3.34,2,1,0,4.05,0,0
STU-00105,19,Male,Medium,75.15,93.64,1.0,12,6.72,0,1,0,1.68,1,0
STU-00106,22,Female,Medium,68.84,63.91,0.449,7,3.99,1,0,1,0.91,1,0
STU-00107,17,Female,Medium,93.69,86.49,0.837,11,7.0,4,1,1,4.88,0,0
STU-00108,18,Female,Low,80.07,66.49,0.886,10,5.39,2,1,1,6.3,2,0
STU-00109,17,Male,Low,86.35,69.27,0.611,13,3.38,0,1,0,6.38,1,0
STU-00110,19,Male,High,88.39,76.81,0.662,12,6.52,1,1,0,0.8,1,0
STU-00111,24,Female,Medium,79.73,60.82,0.34,8,4.97,1,0,0,9.28,1,0
STU-00112,25,Male,Low,90.87,51.02,0.536,12,4.86,1,0,0,5.54,2,0
STU-00113,21,Male,Medium,86.97,88.34,0.918,10,6.43,0,1,0,11.62,0,0
STU-00114,19,Male,Medium,78.5,78.14,0.829,8,5.69,0,1,0,7.19,0,0
STU-00115,20,Female,Low,61.48,52.55,0.413,7,2.23,1,0,1,10.33,1,1
STU-00116,21,Male,High,88.98,83.98,0.809,10,5.03,0,0,0,2.16,0,0
STU-00117,17,Male,Medium,68.13,75.94,0.767,7,3.05,0,0,0,11.64,5,0
STU-00118,19,Male,Medium,86.18,69.44,0.69,8,4.52,3,0,0,8.79,1,0
STU-00119,24,Female,Medium,82.87,78.9,0.635,6,6.0,2,1,0,4.16,2,0
STU-00120,18,Male,Medium,67.04,77.25,0.761,7,5.43,2,0,1,18.39,2,0
STU-00121,19,Male,Medium,84.84,61.34,0.516,9,5.05,2,1,0,27.12,2,0
STU-00122,21,Female,Medium,84.1,80.7,0.557,11,5.71,0,0,0,4.25,3,0
STU-00123,21,Female,Low,82.14,75.27,0.816,11,4.6,1,1,1,12.26,0,0
STU-00124,19,Male,Medium,83.62,93.94,0.914,11,3.84,0,0,0,6.84,1,0
STU-00125,21,Male,Low,72.82,72.73,0.783,6,4.36,2,1,0,10.03,1,0
STU-00126,22,Female,Medium,88.51,73.37,0.654,8,4.77,4,0,0,8.25,1,0
STU-00127,25,Female,Medium,74.44,67.78,0.745,9,5.48,0,0,0,11.99,2,0
STU-00128,20,Female,Low,68.18,85.16,0.943,11,5.6,0,1,0,1.11,1,0
STU-00129,20,Male,Low,87.42,70.61,0.905,9,7.04,2,1,0,9.81,2,0
STU-00130,24,Non-binary,Medium,92.3,85.17,0.918,8,3.07,4,1,0,8.57,1,0
STU-00131,19,Female,Low,86.67,71.42,0.747,12,3.97,0,1,1,7.43,3,0
STU-00132,18,Female,High,80.97,86.43,0.666,8,4.45,0,0,1,15.47,1,0
STU-00133,21,Female,Medium,60.67,75.43,0.723,6,4.51,1,0,0,2.85,0,0
STU-00134,23,Female,Medium,98.3,81.96,0.622,10,8.15,2,0,1,11.58,1,0
STU-00135,21,Male,Medium,60.49,59.97,0.503,7,1.76,1,0,0,3.88,1,0
STU-00136,20,Male,Low,86.45,69.39,0.918,9,4.63,3,1,0,4.81,3,0
STU-00137,17,Female,High,100.0,67.48,0.544,10,4.45,1,0,0,4.24,1,0
STU-00138,20,Female,Medium,83.64,76.15,0.461,7,3.0,0,0,0,7.34,0,0
STU-00139,23,Female,Medium,85.2,76.7,0.845,9,4.09,1,0,0,11.71,1,0
STU-00140,18,Male,Low,84.17,64.44,0.56,9,4.44,0,0,0,6.87,1,0
STU-00141,20,Male,Medium,84.18,57.06,0.668,6,6.1,0,0,0,13.03,1,0
STU-00142,20,Male,Medium,100.0,85.06,0.679,12,5.64,2,1,0,5.31,2,0
STU-00143,19,Female,High,73.98,75.58,0.686,6,3.12,1,0,1,1.84,3,0
STU-00144,21,Male,Medium,71.34,73.19,0.86,7,4.49,0,1,0,8.2,3,0
STU-00145,21,Female,Medium,78.4,62.73,0.467,10,2.37,1,0,0,6.01,1,0
STU-00146,21,Male,Low,99.15,83.76,0.788,11,7.16,1,0,1,18.11,2,0
STU-00147,18,Male,Medium,75.65,69.53,0.72,9,6.57,2,1,0,3.17,5,1
STU-00148,17,Male,Medium,86.73,85.28,0.735,6,2.82,1,1,1,9.19,0,0
STU-00149,21,Male,Medium,93.78,70.27,0.72,9,5.64,0,1,0,6.9,2,0
STU-00150,19,Female,Low,88.57,86.22,0.832,10,4.36,0,1,1,2.0,0,0
STU-00151,24,Male,High,94.45,97.19,0.989,10,6.3,2,1,0,1.41,1,0
STU-00152,24,Female,High,98.85,85.36,1.0,13,6.33,1,1,0,1.51,2,0
STU-00153,25,Female,Low,83.39,76.26,1.0,14,3.88,3,1,0,11.69,2,0
STU-00154,19,Female,Medium,76.97,79.79,0.829,10,6.61,0,0,0,6.76,1,0
STU-00155,22,Female,Low,81.62,61.12,0.598,8,4.17,1,0,0,10.16,1,0
STU-00156,22,Female,Medium,78.27,67.71,0.722,11,3.97,2,0,1,10.5,6,0
STU-00157,22,Female,Low,100.0,82.04,0.766,9,5.91,3,0,0,20.06,0,0
STU-00158,20,Male,Medium,76.14,91.82,0.688,4,3.21,2,0,0,13.58,0,0
STU-00159,23,Female,Medium,87.31,64.95,0.639,7,4.52,1,1,1,6.71,3,0
STU-00160,21,Female,Medium,65.49,82.81,0.93,5,2.15,2,0,0,9.69,1,0
STU-00161,21,Non-binary,Low,81.46,69.37,0.507,8,0.79,2,0,1,2.59,4,1
STU-00162,17,Male,High,80.09,74.85,0.613,8,3.01,2,0,0,2.18,1,0
STU-00163,22,Female,Low,87.43,86.35,0.761,7,4.42,1,0,1,6.12,0,0
STU-00164,20,Female,Low,87.72,94.52,0.947,9,3.32,0,1,1,4.03,1,0
STU-00165,21,Male,Medium,97.59,86.07,1.0,8,5.69,0,0,0,7.08,0,0
STU-00166,21,Male,Medium,96.71,93.07,0.792,10,4.94,1,0,1,4.86,1,0
STU-00167,21,Female,High,82.52,67.16,0.675,8,4.59,0,0,1,12.88,4,0
STU-00168,20,Male,High,72.86,66.43,0.658,10,5.05,2,1,0,9.53,0,0
STU-00169,22,Female,Medium,72.9,56.47,0.535,8,6.19,0,0,1,4.23,1,0
STU-00170,20,Female,High,86.58,73.15,0.71,12,5.57,0,0,0,10.59,3,0
STU-00171,17,Male,Low,81.74,77.09,0.695,8,3.32,2,0,1,2.67,1,0
STU-00172,22,Male,Medium,84.84,77.84,1.0,14,6.75,4,0,1,6.58,2,1
STU-00173,19,Male,Low,74.11,85.05,0.909,9,7.01,1,1,0,13.09,1,0
STU-00174,18,Female,High,99.06,100.0,0.895,10,4.55,0,1,0,1.12,2,0
STU-00175,18,Female,Low,63.8,61.46,0.756,13,2.6,0,1,1,15.93,3,0
STU-00176,21,Female,Low,73.5,60.69,0.639,5,2.16,2,0,1,5.02,2,0
STU-00177,20,Female,Medium,70.15,80.27,0.785,8,3.68,0,0,1,13.26,2,0
STU-00178,17,Female,High,80.95,88.25,0.826,6,5.61,1,0,0,5.03,0,0
STU-00179,20,Male,High,96.96,87.7,0.813,7,7.84,3,0,0,1.65,0,0
STU-00180,23,Male,Medium,78.83,79.9,0.628,5,5.61,3,1,0,4.41,0,0
STU-00181,20,Male,High,84.37,82.74,0.599,10,5.05,2,0,0,14.96,0,0
STU-00182,20,Female,High,90.56,70.33,0.736,7,5.29,0,1,0,7.76,1,0
STU-00183,23,Female,Medium,78.31,60.4,0.582,8,4.74,0,0,1,13.46,3,0
STU-00184,22,Male,Medium,86.21,75.87,0.845,11,6.01,1,0,0,5.14,2,0
STU-00185,23,Female,Medium,84.76,73.67,0.614,10,6.4,1,1,1,3.58,4,0
STU-00186,17,Male,Medium,69.56,71.16,0.567,9,3.72,1,0,0,12.91,1,0
STU-00187,24,Female,Medium,76.89,70.6,0.787,11,5.15,1,0,0,6.68,0,0
STU-00188,22,Male,Low,83.9,55.44,0.527,12,3.69,0,1,1,8.67,0,0
STU-00189,26,Male,Medium,96.1,60.01,0.704,8,5.54,1,1,0,9.16,1,0
STU-00190,19,Male,Low,94.09,84.74,0.821,11,5.3,1,1,0,1.04,1,0
STU-00191,17,Male,High,100.0,78.12,0.985,11,4.79,0,0,1,10.88,1,0
STU-00192,21,Male,Low,85.34,70.84,0.787,9,6.38,1,1,1,2.69,4,0
STU-00193,20,Female,Low,75.45,62.84,0.676,6,6.44,2,0,0,1.4,1,0
STU-00194,22,Male,High,82.55,67.24,0.761,8,4.9,0,0,1,4.57,0,0
STU-00195,23,Male,Low,78.75,60.6,0.574,8,4.65,3,1,1,5.92,2,0
STU-00196,20,Non-binary,Low,75.51,78.64,0.567,11,5.22,2,1,0,17.05,3,0
STU-00197,20,Female,Medium,86.21,73.99,0.767,8,4.93,3,0,1,11.31,1,0
STU-00198,22,Female,High,87.97,85.33,1.0,6,6.22,0,0,1,1.3,1,0
STU-00199,20,Male,Low,67.09,72.09,0.432,8,2.9,3,0,1,8.6,3,0
STU-00200,20,Male,Medium,93.97,83.27,0.86,8,5.01,3,1,0,6.63,1,0
STU-00201,23,Female,Medium,61.8,72.68,0.528,7,4.0,0,0,0,3.1,1,1
STU-00202,23,Female,High,80.8,75.68,0.735,10,5.51,1,0,0,10.47,2,0
STU-00203,23,Female,Medium,94.64,94.07,0.908,10,7.25,0,0,0,17.0,0,0
STU-00204,20,Female,Low,86.68,82.04,0.883,9,5.52,3,1,0,7.12,1,0
STU-00205,17,Female,Low,76.07,78.28,0.786,9,3.06,2,1,1,5.1,2,0
STU-00206,20,Female,Low,100.0,70.81,0.861,12,7.6,1,1,1,7.41,4,0
STU-00207,19,Female,Low,75.16,70.91,0.837,7,3.83,1,0,0,8.62,2,0
STU-00208,20,Male,Medium,59.98,45.44,0.452,8,1.89,0,0,0,23.26,3,1
STU-00209,19,Female,Low,84.98,87.0,0.968,8,4.98,4,1,1,3.84,2,0
STU-00210,20,Female,Medium,62.44,58.74,0.553,9,0.94,2,1,1,3.98,1,0
STU-00211,18,Female,Medium,72.85,65.12,0.588,6,3.66,1,0,1,12.69,1,1
STU-00212,18,Female,Medium,88.85,63.97,0.492,10,5.24,3,0,0,4.73,2,0
STU-00213,23,Non-binary,Low,74.93,67.8,0.827,9,4.21,0,1,0,0.96,2,0
STU-00214,18,Male,High,89.64,77.09,0.714,10,6.99,0,1,1,17.14,2,0
STU-00215,21,Female,Medium,69.26,86.47,0.541,10,5.44,0,0,0,16.53,0,0
STU-00216,23,Female,Medium,91.44,87.49,0.906,9,7.06,1,0,1,2.31,2,0
STU-00217,22,Female,Low,61.4,56.53,0.519,7,0.52,6,1,1,7.13,3,0
STU-00218,22,Female,Low,94.5,60.9,0.574,10,6.9,1,1,1,1.37,1,0
STU-00219,21,Female,High,78.02,51.36,0.499,8,3.57,2,0,1,11.94,2,1
STU-00220,22,Female,Medium,98.84,72.18,0.667,11,7.73,0,0,0,11.57,3,0
STU-00221,23,Female,Medium,72.75,56.61,0.9,10,4.11,3,1,0,6.75,4,1
STU-00222,21,Male,Medium,100.0,86.49,1.0,10,6.3,1,1,0,13.98,2,0
STU-00223,17,Female,Medium,71.47,67.85,0.754,11,4.55,1,0,0,1.52,4,0
STU-00224,19,Female,High,63.52,67.41,0.695,9,2.58,1,0,0,8.07,3,1
STU-00225,22,Male,Low,80.47,61.34,0.749,8,2.55,3,1,1,0.96,2,0
STU-00226,19,Female,High,96.82,84.75,0.846,9,2.51,0,0,1,3.03,0,0
STU-00227,24,Female,Low,88.7,60.57,0.705,9,9.18,1,1,1,1.34,1,0
STU-00228,20,Female,Medium,94.79,79.62,0.839,11,3.42,1,0,1,18.82,1,0
STU-00229,21,Female,Medium,90.92,86.94,0.851,6,3.3,1,1,0,13.59,0,0
STU-00230,23,Female,Low,70.98,62.61,0.737,7,5.15,3,1,1,1.06,5,0
STU-00231,20,Male,Low,88.43,79.08,0.717,9,3.08,1,1,0,8.44,0,0
STU-00232,21,Male,Medium,83.02,55.08,0.566,6,2.09,2,1,0,1.07,1,0
STU-00233,22,Female,High,75.44,52.39,0.418,6,0.0,2,1,0,10.89,2,0
STU-00234,17,Female,Medium,83.97,78.58,0.66,9,5.1,0,1,1,12.58,0,0
STU-00235,20,Male,High,82.63,86.88,0.532,8,2.72,1,1,0,11.0,2,0
STU-00236,22,Male,High,98.83,81.8,0.846,10,6.86,1,0,0,8.41,0,0
STU-00237,21,Female,Medium,76.34,93.09,0.977,7,5.26,1,0,1,5.91,2,0
STU-00238,24,Female,Medium,75.82,56.96,0.706,8,4.59,2,0,0,8.02,3,0
STU-00239,17,Female,Low,72.31,60.11,0.47,5,2.92,2,0,0,3.14,3,0
STU-00240,17,Male,Low,100.0,81.6,0.842,13,5.61,3,1,1,8.45,1,0
STU-00241,22,Female,High,76.18,77.96,0.758,12,3.4,3,1,0,5.24,2,0
STU-00242,22,Female,Medium,96.27,75.37,0.824,9,4.65,3,0,0,1.36,2,0
STU-00243,20,Female,Low,68.65,54.56,0.476,6,1.88,1,0,0,2.7,1,1
STU-00244,21,Female,Medium,87.57,83.24,0.763,11,7.3,2,0,0,12.54,0,0
STU-00245,22,Female,Medium,84.89,77.08,0.564,10,3.87,0,1,1,1.5,0,0
STU-00246,19,Male,High,96.82,79.78,0.688,13,2.19,0,0,1,7.52,0,0
STU-00247,19,Male,Medium,93.97,85.09,0.82,14,6.02,4,0,0,4.98,2,0
STU-00248,21,Female,Medium,82.9,73.43,0.739,6,3.77,0,1,0,2.68,0,0
STU-00249,22,Female,Medium,76.09,70.13,0.487,10,3.72,3,0,0,14.19,2,0
STU-00250,18,Male,Medium,99.87,81.17,0.724,10,5.24,4,0,0,15.85,0,0
STU-00251,20,Female,Medium,74.99,62.79,0.645,10,6.33,1,1,0,1.68,4,0
STU-00252,20,Female,High,58.31,55.51,0.732,9,3.23,1,1,1,7.68,1,0
STU-00253,21,Female,Medium,61.56,59.29,0.494,9,4.29,2,0,0,5.57,2,0
STU-00254,20,Male,Low,62.23,62.39,0.681,10,4.78,3,1,0,7.46,4,0
STU-00255,19,Male,Low,86.55,55.03,0.491,8,2.35,1,1,0,32.42,1,0
STU-00256,23,Male,Medium,100.0,92.45,0.83,9,6.22,2,0,0,5.02,1,0
STU-00257,19,Male,High,60.81,66.12,0.55,10,2.23,0,0,0,3.53,2,0
STU-00258,20,Female,Low,71.39,55.82,0.44,6,1.73,0,1,1,6.31,3,0
STU-00259,17,Female,Low,80.98,87.24,0.782,13,3.26,2,1,1,8.87,0,0
STU-00260,19,Female,Medium,99.0,82.94,0.927,9,7.37,2,0,1,4.81,0,0
STU-00261,22,Male,Low,71.33,53.09,0.451,7,7.15,3,0,1,30.63,2,1
STU-00262,21,Male,High,89.75,95.55,0.802,10,4.28,1,0,0,3.31,3,0
STU-00263,22,Female,Medium,79.25,86.59,0.858,7,5.41,3,0,1,11.06,1,0
STU-00264,22,Male,Low,100.0,71.11,0.699,7,5.97,1,0,0,17.95,2,0
STU-00265,25,Female,High,84.84,74.24,0.717,11,4.17,1,1,0,0.5,0,0
STU-00266,19,Female,Low,83.91,67.9,0.701,6,6.79,0,1,0,9.44,4,0
STU-00267,17,Female,Low,80.93,52.15,0.412,13,6.84,1,0,1,3.45,3,0
STU-00268,18,Male,Low,75.44,71.66,0.595,8,3.26,0,1,1,2.72,3,0
STU-00269,19,Male,Low,90.45,84.07,0.929,8,8.27,4,1,1,5.92,2,0
STU-00270,18,Male,Low,67.25,71.05,0.68,9,3.24,0,1,0,17.14,2,0
STU-00271,21,Male,Low,57.98,60.36,0.676,3,2.22,1,1,1,12.96,1,1
STU-00272,23,Male,Low,78.35,79.23,0.916,9,5.06,3,1,1,1.33,1,0
STU-00273,24,Male,Low,88.97,63.55,0.734,9,6.37,4,1,1,12.9,3,0
STU-00274,22,Male,Medium,75.61,89.48,0.694,7,4.28,1,1,1,3.38,2,0
STU-00275,25,Female,Medium,84.05,67.62,0.654,8,5.71,2,0,0,15.28,6,0
STU-00276,20,Male,Medium,68.57,61.3,0.738,11,4.56,1,0,0,0.78,5,1
STU-00277,17,Male,Medium,93.69,74.22,0.788,10,7.43,0,0,0,9.97,0,0
STU-00278,23,Male,Medium,89.17,71.32,0.722,10,5.87,0,0,0,3.02,1,0
STU-00279,17,Female,High,83.47,74.89,0.534,7,6.41,1,1,0,12.81,3,0
STU-00280,19,Male,High,85.11,75.29,0.661,7,3.54,1,1,0,20.25,1,0
STU-00281,22,Male,Low,64.67,64.54,0.65,8,3.5,2,0,1,6.0,3,0
STU-00282,20,Female,Low,65.16,55.29,0.39,3,2.98,2,0,0,4.24,3,1
STU-00283,20,Non-binary,Low,78.66,71.62,0.798,7,3.7,2,1,1,5.35,2,0
STU-00284,18,Female,Low,85.65,62.41,0.609,7,3.19,2,1,0,6.41,2,0
STU-00285,20,Female,Medium,88.21,84.66,0.579,5,5.16,0,0,1,9.74,5,0
STU-00286,23,Female,Medium,78.01,79.64,0.705,10,5.5,2,1,1,1.49,2,0
STU-00287,21,Male,Low,88.2,74.48,0.693,9,5.15,4,1,1,2.41,3,0
STU-00288,19,Male,Medium,97.63,75.36,0.72,9,6.98,0,0,1,7.31,1,0
STU-00289,18,Female,Medium,81.02,77.0,0.92,11,3.85,1,1,0,6.57,0,0
STU-00290,19,Male,Low,83.41,63.36,0.7,6,4.25,1,1,1,2.26,3,0
STU-00291,21,Female,High,80.96,75.96,0.577,6,2.64,1,0,1,14.79,1,0
STU-00292,21,Female,Low,78.61,68.41,0.496,10,4.12,2,1,1,3.79,0,0
STU-00293,19,Male,High,85.12,100.0,0.918,14,6.25,1,0,1,23.12,1,0
STU-00294,17,Male,Low,98.74,67.32,0.681,11,7.3,0,1,0,9.48,2,0
STU-00295,21,Male,High,93.32,54.87,0.676,11,3.52,2,1,1,12.1,0,0
STU-00296,19,Male,High,92.33,74.69,0.937,9,6.47,0,1,1,8.04,0,0
STU-00297,22,Non-binary,High,78.26,57.16,0.791,8,6.86,1,0,0,4.27,3,0
STU-00298,19,Female,High,73.37,64.7,0.59,9,2.59,0,1,0,7.83,1,0
STU-00299,18,Female,Medium,86.28,63.44,0.744,12,3.33,2,1,0,5.78,1,0
STU-00300,21,Female,Medium,95.68,71.88,0.756,11,3.46,0,1,1,1.8,3,0
STU-00301,25,Male,Medium,100.0,72.35,0.578,12,6.02,1,1,0,1.85,1,0
STU-00302,22,Male,Low,53.02,67.28,0.438,5,1.57,0,0,0,5.04,3,0
STU-00303,21,Male,Medium,100.0,82.51,0.815,12,6.58,1,0,0,9.94,2,0
STU-00304,21,Female,Medium,86.59,87.32,0.66,8,4.51,2,0,0,5.03,0,0
STU-00305,17,Female,High,93.25,81.91,0.69,10,7.73,1,0,1,5.17,2,0
STU-00306,18,Male,Medium,62.86,74.46,0.645,9,4.8,0,0,1,10.17,0,0
STU-00307,17,Non-binary,Medium,79.39,70.09,0.716,8,3.54,0,1,0,4.98,3,0
STU-00308,24,Female,Medium,91.05,94.65,1.0,9,5.67,1,0,0,29.05,0,0
STU-00309,24,Female,Low,67.08,69.11,0.682,9,5.11,3,1,0,3.78,1,0
STU-00310,21,Female,Low,48.23,47.55,0.429,6,0.85,2,0,0,12.7,0,1
STU-00311,21,Female,Medium,85.69,82.32,0.548,9,6.06,2,1,0,7.26,0,0
STU-00312,17,Female,Medium,81.45,74.37,0.782,11,4.62,0,0,0,35.0,1,0
STU-00313,20,Female,Low,95.85,76.19,0.746,12,6.63,1,0,1,4.69,4,0
STU-00314,24,Male,Medium,80.24,74.48,0.662,10,4.25,1,0,0,11.33,1,0
STU-00315,21,Female,Medium,81.05,81.41,0.928,11,4.68,0,0,0,6.49,2,0
STU-00316,19,Female,Medium,89.67,56.87,0.432,8,3.25,0,0,0,0.68,2,0
STU-00317,17,Female,Medium,93.37,76.31,0.661,9,7.54,0,1,1,6.99,2,0
STU-00318,23,Male,Medium,74.2,77.44,0.724,10,4.04,1,0,0,4.66,0,0
STU-00319,20,Female,Low,90.39,78.07,0.691,9,9.39,3,1,0,8.36,2,0
STU-00320,17,Female,High,77.51,62.69,0.691,10,4.71,1,1,0,3.6,1,0
STU-00321,19,Female,High,83.43,53.12,0.598,7,3.28,1,1,0,0.45,3,0
STU-00322,18,Male,Medium,89.38,94.91,1.0,14,3.8,1,0,0,19.24,3,0
STU-00323,20,Male,Medium,91.3,76.95,0.809,10,7.22,0,0,0,4.02,3,0
STU-00324,21,Female,Medium,85.5,91.18,0.859,10,5.13,0,1,0,12.35,2,0
STU-00325,19,Female,High,71.36,78.95,0.726,8,5.49,5,1,1,6.12,1,0
STU-00326,22,Female,Medium,61.43,56.55,0.626,11,6.82,2,0,1,8.26,5,0
STU-00327,21,Male,High,81.18,50.7,0.498,6,4.98,1,0,1,7.72,0,0
STU-00328,23,Male,Medium,92.68,74.87,0.737,9,5.8,0,0,1,4.98,2,0
STU-00329,20,Female,Medium,86.95,76.36,0.805,11,7.01,0,1,1,7.03,1,0
STU-00330,27,Female,Low,82.66,76.38,0.761,10,6.08,2,1,1,11.85,3,0
STU-00331,19,Male,Medium,81.92,63.21,0.667,8,2.85,3,1,0,7.26,3,0
STU-00332,19,Male,Low,83.4,74.01,0.629,8,6.43,2,1,1,13.56,1,0
STU-00333,18,Female,Medium,71.06,70.89,0.858,8,4.68,0,1,0,4.64,2,0
STU-00334,20,Female,High,91.83,90.69,0.736,10,7.44,0,0,0,6.49,3,0
STU-00335,17,Female,Low,89.31,72.0,0.759,13,5.96,3,0,0,2.45,3,0
STU-00336,21,Male,Medium,78.09,76.91,0.69,10,6.19,1,0,0,8.79,2,0
STU-00337,17,Male,Low,84.81,75.79,0.869,12,5.08,3,1,0,6.09,1,0
STU-00338,21,Male,Medium,63.12,74.05,0.83,8,2.17,1,0,0,7.62,1,0
STU-00339,18,Male,Low,81.98,63.35,0.631,10,5.3,1,1,0,18.47,1,0
STU-00340,20,Female,High,81.79,45.3,0.66,6,5.96,1,0,1,6.19,6,0
STU-00341,22,Female,Low,93.85,74.88,0.709,10,4.51,1,1,1,17.01,1,0
STU-00342,25,Female,High,81.06,73.35,0.824,10,4.8,1,1,1,3.31,1,0
STU-00343,18,Male,High,92.81,69.72,0.599,13,1.79,0,0,1,3.64,3,0
STU-00344,20,Male,Medium,77.7,57.21,0.626,11,4.08,1,0,0,3.42,3,0
STU-00345,19,Female,Medium,56.85,56.54,0.46,7,1.08,2,0,1,2.17,2,0
STU-00346,19,Female,Medium,79.52,72.02,0.709,8,5.37,0,1,0,7.29,2,0
STU-00347,19,Male,High,85.41,78.7,0.758,8,5.54,0,0,0,9.85,3,0
STU-00348,22,Male,Low,81.66,48.54,0.608,8,4.44,1,1,0,24.04,4,0
STU-00349,19,Male,Medium,83.83,57.7,0.501,11,6.03,0,0,0,5.99,4,0
STU-00350,25,Female,Low,74.43,79.22,1.0,10,5.69,1,1,1,17.95,3,0
STU-00351,21,Male,Medium,78.44,70.75,0.529,9,4.29,1,0,0,2.57,4,0
STU-00352,18,Male,Low,67.61,64.63,0.67,10,4.44,2,1,1,3.77,2,0
STU-00353,20,Male,Medium,60.04,50.49,0.554,6,2.46,0,0,1,5.76,2,0
STU-00354,19,Male,Medium,80.83,73.75,0.786,8,6.34,0,1,1,2.71,2,0
STU-00355,22,Male,Medium,73.8,66.67,0.598,9,2.75,2,0,1,7.91,6,0
STU-00356,17,Male,Medium,93.88,73.88,0.751,9,6.02,0,0,0,2.02,2,0
STU-00357,18,Male,Medium,58.0,48.22,0.432,4,4.5,4,0,0,6.81,2,0
STU-00358,19,Female,Medium,85.2,67.21,0.889,8,4.04,0,1,0,6.47,1,0
STU-00359,22,Female,Medium,100.0,100.0,0.873,13,4.22,0,1,0,8.8,1,0
STU-00360,23,Male,Medium,79.99,69.9,0.67,8,3.08,0,0,0,16.93,0,0
STU-00361,23,Male,High,83.22,84.59,0.736,10,7.44,0,1,0,3.85,1,0
STU-00362,22,Female,Low,84.69,70.89,0.6,7,3.68,4,1,0,21.31,2,0
STU-00363,20,Female,Low,85.55,70.14,0.522,10,2.64,0,1,1,13.64,4,0
STU-00364,22,Male,Low,75.51,62.08,0.701,8,4.95,2,1,0,8.72,2,0
STU-00365,18,Male,Medium,70.91,82.49,0.717,9,0.47,2,1,1,2.07,4,0
STU-00366,17,Male,Medium,89.18,81.54,0.693,9,3.7,0,0,0,7.78,1,0
STU-00367,21,Female,Medium,61.01,56.39,0.455,8,4.98,0,0,0,2.46,3,0
STU-00368,18,Male,Medium,91.15,74.81,0.767,9,4.02,2,0,0,10.51,1,0
STU-00369,20,Male,Medium,77.69,83.05,0.805,9,4.51,2,0,1,4.73,1,0
STU-00370,21,Female,High,83.28,48.34,0.504,8,4.57,0,1,0,15.64,2,0
STU-00371,21,Female,Medium,76.22,74.69,0.638,9,4.68,1,0,0,16.05,1,0
STU-00372,22,Non-binary,Low,95.74,83.53,0.859,11,5.11,1,0,0,11.14,2,0
STU-00373,22,Female,Medium,84.74,68.18,0.593,8,5.28,1,0,1,2.83,0,0
STU-00374,21,Male,Medium,78.46,74.21,0.734,9,6.7,1,1,0,5.31,1,0
STU-00375,20,Male,Low,76.15,73.78,0.705,9,3.0,0,0,1,16.11,1,0
STU-00376,21,Male,Low,78.37,57.51,0.377,9,2.86,2,1,1,30.41,2,0
STU-00377,19,Female,High,100.0,93.17,1.0,11,6.35,0,0,1,4.46,3,0
STU-00378,20,Male,Medium,67.51,70.38,0.761,7,5.25,0,0,0,7.84,2,0
STU-00379,26,Female,Medium,93.91,78.55,0.785,10,5.58,3,0,0,4.56,0,0
STU-00380,21,Male,Medium,88.25,78.41,0.802,11,5.16,1,0,0,2.99,2,0
STU-00381,21,Female,Medium,98.94,89.56,1.0,9,4.28,0,1,0,3.57,3,0
STU-00382,19,Male,High,90.17,100.0,1.0,8,4.47,1,0,0,6.64,1,0
STU-00383,23,Male,Medium,82.04,80.48,0.822,8,5.39,0,0,1,1.43,2,0
STU-00384,22,Female,Medium,93.22,87.85,0.759,10,4.7,1,0,0,14.07,1,0
STU-00385,22,Female,Medium,84.53,77.51,0.688,5,4.33,1,0,0,5.63,1,0
STU-00386,21,Male,High,91.55,99.71,0.731,11,5.17,3,0,1,8.28,0,0
STU-00387,23,Female,Medium,97.71,67.24,0.621,9,8.46,1,0,1,8.08,1,0
STU-00388,23,Female,High,84.27,59.82,0.68,5,4.07,0,1,0,5.73,1,0
STU-00389,21,Female,Low,75.33,69.89,0.764,7,6.58,2,1,0,4.35,2,1
STU-00390,20,Male,High,76.17,79.91,0.849,9,6.78,1,0,0,3.95,0,0
STU-00391,22,Male,Medium,86.96,50.99,0.462,6,5.32,0,0,0,13.51,3,0
STU-00392,19,Female,Low,70.34,65.93,0.719,10,3.08,1,1,1,2.08,0,0
STU-00393,19,Non-binary,Medium,78.15,70.71,0.794,10,5.05,1,0,0,11.08,1,0
STU-00394,20,Female,Medium,71.36,76.69,0.48,9,3.0,1,1,1,11.53,0,0
STU-00395,17,Female,Low,85.59,77.57,0.791,8,8.0,0,1,0,3.88,1,0
STU-00396,22,Female,Medium,73.73,52.31,0.785,10,5.2,1,1,0,4.9,3,0
STU-00397,18,Female,High,69.1,59.12,0.559,7,3.4,0,0,0,8.6,4,0
STU-00398,20,Female,Low,67.78,56.67,0.27,7,5.21,0,1,0,8.12,2,0
STU-00399,20,Male,Medium,75.72,78.73,0.667,9,3.85,0,1,0,13.46,1,0
STU-00400,21,Female,Medium,76.72,75.57,0.519,8,4.69,2,1,0,11.76,3,0
STU-00401,20,Male,Medium,84.77,69.48,0.608,10,5.54,0,0,0,3.56,2,1
STU-00402,20,Female,High,81.47,77.3,0.605,9,4.89,1,1,0,15.7,1,0
STU-00403,20,Female,Medium,86.07,65.74,0.763,9,4.97,0,1,0,4.75,0,0
STU-00404,20,Female,Low,84.96,93.48,0.986,12,6.95,0,1,1,2.01,1,0
STU-00405,19,Male,High,91.4,86.36,0.872,12,4.82,2,0,0,1.51,1,0
STU-00406,23,Male,High,62.26,74.5,0.875,9,5.96,1,0,0,10.81,1,0
STU-00407,17,Female,Low,67.6,78.42,0.694,11,3.67,1,1,1,25.72,1,0
STU-00408,20,Female,High,89.35,89.8,0.87,10,7.48,1,1,0,3.35,1,0
STU-00409,20,Female,Low,82.33,72.03,0.97,10,7.07,1,1,1,1.31,2,0
STU-00410,21,Male,High,94.0,80.02,0.846,10,6.51,1,0,0,10.09,2,0
STU-00411,17,Female,Medium,65.02,79.09,0.838,8,4.28,4,0,1,2.71,1,0
STU-00412,19,Male,Medium,76.77,72.12,0.615,8,5.77,0,0,1,12.49,1,0
STU-00413,20,Female,Low,76.74,61.54,0.565,7,4.86,3,0,1,5.77,3,0
STU-00414,23,Female,High,85.08,97.26,0.805,8,0.7,0,0,0,3.58,0,0
STU-00415,21,Male,Low,80.39,61.43,0.816,10,3.88,0,1,0,5.97,2,0
STU-00416,18,Female,Low,85.16,55.73,0.378,11,4.08,2,1,1,18.12,4,1
STU-00417,19,Female,Low,78.74,79.92,0.885,11,5.57,2,0,0,1.2,1,0
STU-00418,22,Male,Medium,97.1,74.29,0.796,11,6.71,0,1,1,12.85,0,0
STU-00419,18,Female,Low,98.6,83.88,0.617,12,7.38,2,1,1,13.71,2,0
STU-00420,20,Female,High,70.95,88.98,0.991,9,5.98,1,0,0,4.79,0,0
STU-00421,20,Female,Medium,82.5,60.85,0.578,7,1.44,3,0,0,10.52,1,0
STU-00422,20,Male,Low,88.78,74.4,0.568,9,4.89,1,1,1,8.57,2,0
STU-00423,26,Male,Low,86.44,88.52,0.894,10,7.25,1,1,1,13.61,3,0
STU-00424,20,Female,Low,75.51,75.27,0.636,8,4.39,1,1,0,6.0,0,0
STU-00425,21,Male,Medium,84.8,73.91,0.698,10,5.13,1,1,0,1.89,0,0
STU-00426,19,Male,High,65.83,92.24,0.821,10,3.7,2,0,0,16.34,1,0
STU-00427,22,Male,Low,79.79,69.55,0.579,6,5.57,5,1,0,3.75,2,0
STU-00428,22,Male,High,67.19,72.97,0.572,8,3.16,0,1,0,4.7,0,0
STU-00429,19,Male,Low,85.59,89.78,0.956,5,6.54,1,1,0,5.54,1,0
STU-00430,20,Male,High,70.97,80.63,0.82,9,5.22,3,1,1,14.95,3,0
STU-00431,19,Female,High,85.04,90.79,0.901,10,5.59,2,0,0,23.11,1,0
STU-00432,18,Female,Medium,85.51,67.05,0.619,12,5.31,2,1,1,5.13,2,0
STU-00433,23,Male,Medium,82.83,87.04,0.843,12,5.51,0,0,1,5.29,1,0
STU-00434,19,Female,High,76.3,75.07,0.644,10,6.08,1,1,0,8.33,1,0
STU-00435,17,Male,Low,77.69,62.03,0.529,7,4.94,2,0,0,2.91,2,0
STU-00436,24,Female,Low,92.99,79.06,0.973,9,7.55,1,1,0,10.16,0,0
STU-00437,19,Male,Low,75.33,70.26,0.797,7,3.67,0,1,0,10.23,3,0
STU-00438,20,Female,Medium,82.24,93.15,0.823,12,3.98,3,0,1,8.5,2,0
STU-00439,24,Male,Medium,75.88,75.23,0.555,7,4.08,3,0,0,2.08,1,0
STU-00440,20,Female,Medium,93.22,71.94,0.501,8,5.65,0,1,0,22.54,1,0
STU-00441,20,Female,High,84.11,67.01,0.587,7,5.21,1,0,0,10.8,2,0
STU-00442,18,Male,Low,71.6,66.09,0.668,6,3.11,3,0,0,20.51,0,0
STU-00443,17,Male,Medium,82.08,60.93,0.624,10,5.58,2,0,0,2.38,4,0
STU-00444,20,Male,Low,77.35,62.17,0.638,9,3.44,0,1,1,3.29,2,0
STU-00445,21,Non-binary,Low,95.32,75.51,0.777,6,6.52,0,0,1,3.97,4,0
STU-00446,21,Female,Medium,81.51,69.91,0.563,6,4.67,3,0,0,23.29,2,1
STU-00447,19,Male,High,68.04,76.68,0.928,10,4.52,0,0,0,8.05,3,0
STU-00448,21,Female,Medium,87.48,69.61,0.662,9,4.1,0,0,0,6.81,1,0
STU-00449,17,Male,Low,99.65,55.33,0.597,9,5.38,2,1,1,0.64,4,0
STU-00450,21,Female,Medium,95.17,63.82,0.556,11,4.98,0,0,0,5.25,4,0
STU-00451,21,Female,Low,67.87,64.6,0.679,6,2.56,0,1,1,6.04,1,0
STU-00452,25,Male,High,80.29,69.42,0.933,9,6.24,0,0,0,8.76,1,0
STU-00453,21,Male,Medium,81.66,61.83,0.499,9,5.69,0,1,0,23.53,1,0
STU-00454,19,Female,Low,79.8,90.09,0.729,8,5.93,1,1,1,17.81,1,0
STU-00455,20,Male,Low,84.19,80.9,0.68,10,5.2,1,1,1,5.76,1,0
STU-00456,20,Male,Low,76.21,68.2,0.633,7,3.63,2,1,0,3.18,1,0
STU-00457,21,Female,High,73.18,74.21,0.663,7,4.39,1,0,0,5.68,0,0
STU-00458,21,Male,Medium,92.47,76.73,0.622,6,4.77,0,1,0,7.51,2,0
STU-00459,18,Female,Medium,69.64,55.89,0.56,4,3.9,2,0,0,10.51,6,0
STU-00460,17,Female,Medium,73.18,80.43,0.967,9,6.5,2,0,0,0.24,0,0
STU-00461,21,Male,Medium,69.57,76.91,0.731,9,4.12,1,0,0,5.75,0,0
STU-00462,23,Female,Low,86.73,54.06,0.539,9,1.85,1,1,0,6.09,0,0
STU-00463,21,Female,High,84.42,79.54,0.813,12,6.32,0,0,0,5.62,1,0
STU-00464,22,Male,Medium,91.72,82.39,0.874,10,6.28,2,0,0,23.42,2,0
STU-00465,23,Female,Medium,73.36,67.0,0.827,5,4.96,0,0,1,6.36,1,0
STU-00466,21,Male,Medium,68.22,88.72,0.88,10,3.04,5,0,0,7.05,4,0
STU-00467,19,Male,Medium,77.12,91.9,0.879,7,3.92,0,1,1,21.63,0,0
STU-00468,21,Female,High,81.24,71.97,0.587,9,3.33,1,1,0,17.63,1,0
STU-00469,23,Male,Low,82.3,69.48,0.773,5,4.16,2,1,0,15.98,0,0
STU-00470,22,Female,Medium,63.49,62.07,0.518,7,2.63,1,0,1,8.48,2,0
STU-00471,22,Male,Medium,87.27,70.77,0.59,10,2.96,1,1,0,4.98,2,0
STU-00472,20,Female,Medium,72.16,60.43,0.629,9,7.07,1,0,1,3.1,5,0
STU-00473,20,Male,Low,72.88,72.25,0.893,9,7.04,0,1,1,13.69,1,0
STU-00474,20,Female,Low,92.91,96.41,1.0,11,6.57,1,1,0,20.4,1,0
STU-00475,20,Male,Low,55.98,74.57,0.724,7,3.59,1,1,1,10.53,2,0
STU-00476,23,Female,Medium,85.55,83.95,0.692,9,7.42,1,0,0,2.67,0,0
STU-00477,17,Female,Medium,85.51,51.97,0.715,11,7.21,2,0,0,8.02,1,0
STU-00478,21,Female,Medium,72.99,51.39,0.52,7,2.71,0,0,1,15.65,3,0
STU-00479,20,Male,Medium,77.08,82.64,0.764,8,5.06,0,0,0,3.38,1,0
STU-00480,18,Non-binary,Medium,95.43,97.0,0.99,8,6.01,1,0,1,3.53,0,0
STU-00481,22,Female,Medium,100.0,88.54,0.796,12,5.47,1,0,0,9.99,0,0
STU-00482,19,Female,Low,91.71,73.17,0.626,9,4.7,2,1,1,10.63,3,0
STU-00483,20,Female,Medium,100.0,96.52,0.84,8,5.87,2,0,0,9.68,0,0
STU-00484,24,Female,Medium,74.4,78.25,0.681,10,4.62,2,1,0,16.96,1,0
STU-00485,23,Male,Low,62.62,73.63,0.585,8,3.79,2,0,1,6.96,2,0
STU-00486,22,Male,Medium,81.42,55.52,0.414,7,5.8,1,0,1,4.67,2,0
STU-00487,21,Male,Medium,90.85,82.04,0.91,12,4.67,1,0,1,12.97,0,0
STU-00488,20,Female,Low,59.6,78.55,0.843,8,5.53,3,1,1,26.69,0,0
STU-00489,25,Female,Medium,71.81,74.74,0.631,5,2.55,1,1,0,4.92,2,0
STU-00490,22,Male,Medium,73.03,79.54,0.878,11,5.23,1,0,0,11.78,1,0
STU-00491,19,Female,Medium,85.92,76.61,0.783,8,6.63,3,0,0,18.41,1,0
STU-00492,18,Male,Medium,84.5,76.62,0.707,15,5.66,1,1,0,8.97,0,0
STU-00493,22,Female,Medium,73.47,84.29,0.666,8,3.79,3,0,0,2.77,1,0
STU-00494,20,Female,Medium,83.98,68.61,0.718,6,5.27,1,0,0,9.15,2,1
STU-00495,17,Male,Medium,69.41,60.64,0.831,12,6.9,2,0,0,10.24,1,0
STU-00496,21,Female,Medium,77.31,67.33,0.667,9,3.59,2,0,1,5.89,1,0
STU-00497,20,Non-binary,Medium,68.09,67.92,0.79,9,5.19,1,1,0,5.76,2,1
STU-00498,22,Female,Medium,80.35,57.47,0.554,9,5.54,5,0,1,2.15,4,0
STU-00499,21,Female,Medium,73.19,77.44,0.864,7,4.32,0,0,0,4.05,4,0
STU-00500,19,Female,Medium,89.59,76.36,0.726,6,7.58,3,0,0,4.5,2,0
STU-00501,22,Female,Medium,81.71,82.76,0.511,12,7.01,0,0,0,3.53,1,0
STU-00502,19,Male,High,80.76,54.32,0.466,5,5.46,0,1,1,6.67,2,0
STU-00503,20,Female,High,100.0,93.33,0.907,14,7.74,0,1,0,14.31,3,0
STU-00504,19,Male,Medium,86.22,89.75,0.99,11,3.43,2,1,0,4.35,2,0
STU-00505,23,Male,Medium,77.95,76.8,0.729,9,2.79,0,1,0,19.38,3,0
STU-00506,20,Female,Medium,75.58,71.58,0.706,8,4.34,1,0,0,9.84,1,0
STU-00507,23,Female,Medium,69.01,76.78,0.677,12,3.15,3,0,0,32.58,0,0
STU-00508,24,Female,High,82.53,89.08,1.0,9,6.59,0,0,0,11.88,2,0
STU-00509,19,Male,Medium,85.38,81.21,0.966,9,1.75,1,0,1,1.76,3,0
STU-00510,17,Male,Low,58.94,66.47,0.577,9,4.17,1,1,0,17.15,1,0
STU-00511,23,Female,Low,65.0,79.97,0.593,7,3.38,3,1,0,1.08,1,0
STU-00512,20,Male,High,77.57,81.6,0.573,7,3.36,1,0,0,1.45,1,0
STU-00513,19,Female,Low,67.92,56.8,0.646,8,6.59,1,0,0,14.31,2,0
STU-00514,19,Female,Low,80.48,83.49,0.822,11,4.62,0,1,1,24.61,1,0
STU-00515,20,Female,Medium,84.0,74.08,0.63,12,2.33,1,0,1,24.67,1,0
STU-00516,23,Non-binary,Low,78.65,70.29,0.724,13,5.3,2,0,0,9.17,1,0
STU-00517,21,Female,Medium,88.05,78.33,0.614,6,5.26,0,0,0,5.69,0,0
STU-00518,23,Female,Medium,75.57,80.96,0.879,11,4.77,0,0,0,6.85,1,0
STU-00519,22,Female,Low,79.5,87.85,0.798,7,8.22,0,1,1,6.95,1,0
STU-00520,20,Male,High,72.21,71.66,0.573,6,4.18,2,1,0,7.86,3,1
STU-00521,20,Female,High,86.38,95.53,0.867,9,6.88,3,1,1,3.88,0,0
STU-00522,22,Female,Medium,82.83,76.41,0.696,8,5.21,1,0,0,7.6,2,0
STU-00523,22,Female,Low,66.82,78.29,0.805,7,6.16,5,1,1,4.95,1,0
STU-00524,23,Male,Medium,80.29,75.53,0.877,5,4.76,3,0,0,3.53,2,0
STU-00525,20,Female,Low,79.58,65.48,0.783,12,3.4,1,1,0,19.83,0,0
STU-00526,21,Male,Medium,85.09,95.06,0.926,12,6.66,1,1,0,10.59,0,0
STU-00527,22,Female,High,86.75,72.51,0.688,9,5.32,1,1,0,10.48,1,0
STU-00528,20,Female,High,75.32,66.35,0.589,7,5.19,1,1,0,8.01,1,0
STU-00529,18,Male,Medium,90.4,65.83,0.44,11,3.41,2,1,0,3.89,2,0
STU-00530,19,Male,Medium,87.75,89.79,0.859,10,6.17,0,0,0,7.46,1,0
STU-00531,20,Female,Medium,74.03,85.57,0.722,8,2.21,1,1,0,24.07,2,0
STU-00532,22,Male,Medium,69.43,72.06,0.853,6,3.98,3,0,0,10.61,0,0
STU-00533,23,Male,Medium,74.87,61.1,0.587,9,3.06,0,0,1,6.64,0,0
STU-00534,18,Female,Medium,65.81,66.52,0.748,8,4.85,1,1,1,9.6,0,0
STU-00535,19,Male,Low,82.29,68.67,0.619,9,3.81,1,1,0,5.62,3,0
STU-00536,20,Male,Low,93.02,66.54,0.578,10,2.91,3,0,0,5.39,1,0
STU-00537,22,Female,Medium,97.64,76.98,0.822,11,5.03,0,0,0,14.83,2,0
STU-00538,19,Male,Low,68.02,69.91,0.721,9,5.01,0,1,1,8.04,0,0
STU-00539,20,Female,Low,88.65,68.7,0.716,9,5.26,1,0,0,10.95,5,0
STU-00540,18,Female,High,84.18,80.07,0.765,10,3.99,1,0,0,7.72,0,0
STU-00541,22,Non-binary,High,56.89,46.3,0.577,9,4.38,1,0,1,12.59,5,1
STU-00542,20,Male,Medium,78.34,89.4,0.935,12,7.51,1,0,0,5.34,2,0
STU-00543,19,Male,High,78.37,70.45,0.431,6,4.98,4,0,0,6.07,0,0
STU-00544,20,Male,High,96.57,91.81,0.847,12,2.63,4,0,0,22.61,2,0
STU-00545,23,Male,Low,70.42,67.89,0.792,6,4.84,6,0,0,1.44,1,0
STU-00546,18,Female,Medium,88.19,81.36,0.665,11,4.7,1,0,0,12.36,0,0
STU-00547,19,Non-binary,Medium,80.82,62.47,0.42,7,0.93,2,1,0,8.6,2,0
STU-00548,23,Male,Low,64.1,55.36,0.545,9,1.62,2,0,1,6.31,1,1
STU-00549,21,Male,Medium,75.93,64.07,0.7,11,5.57,1,0,0,4.01,4,0
STU-00550,22,Female,Medium,98.85,82.7,0.744,11,5.89,1,0,0,16.57,1,0
STU-00551,21,Female,Medium,80.09,86.71,0.989,10,5.68,0,0,0,24.45,4,0
STU-00552,20,Female,Low,89.96,79.72,0.994,10,5.12,0,0,0,6.0,1,0
STU-00553,20,Female,Low,89.36,66.09,0.424,8,5.69,0,1,1,11.55,0,0
STU-00554,22,Female,High,78.32,75.22,0.688,11,2.8,2,0,0,11.24,4,1
STU-00555,23,Male,Low,65.88,63.02,0.354,7,1.65,1,0,0,11.84,1,0
STU-00556,23,Male,Low,67.33,61.01,0.69,4,3.59,2,1,1,2.6,1,0
STU-00557,18,Female,Low,95.97,78.11,0.678,11,3.15,1,1,0,15.47,1,0
STU-00558,23,Female,Medium,83.67,82.8,0.743,11,3.71,1,1,0,1.87,1,0
STU-00559,20,Male,Medium,62.93,58.01,0.722,8,5.43,1,0,1,11.14,2,0
STU-00560,19,Female,Medium,91.17,75.3,0.575,8,3.56,1,0,0,17.78,4,1
STU-00561,20,Male,Low,60.34,70.99,0.508,5,4.23,1,1,1,5.08,2,0
STU-00562,22,Female,Low,70.91,70.93,0.423,6,4.24,0,0,0,8.45,3,0
STU-00563,22,Female,High,84.14,89.93,1.0,11,5.55,1,1,0,12.79,0,0
STU-00564,20,Female,Medium,100.0,97.36,1.0,8,4.51,1,1,0,6.22,3,0
STU-00565,22,Male,Medium,90.98,65.06,0.61,10,4.94,0,1,0,3.69,1,0
STU-00566,21,Female,Medium,76.69,74.7,0.577,9,1.14,2,0,0,11.77,1,1
STU-00567,19,Male,Medium,82.31,69.43,0.784,12,4.27,2,0,1,3.07,2,0
STU-00568,19,Female,Low,90.12,63.47,0.962,12,6.28,4,1,0,1.17,1,0
STU-00569,21,Female,Medium,97.64,73.98,0.695,9,6.64,3,1,1,8.15,0,0
STU-00570,20,Male,Medium,79.28,70.04,0.545,5,3.9,1,1,1,6.25,1,0
STU-00571,18,Female,Medium,79.6,70.26,0.84,8,4.22,1,0,0,11.89,2,1
STU-00572,22,Female,High,74.12,66.26,0.52,11,2.84,1,1,0,8.61,3,0
STU-00573,19,Male,Medium,89.32,77.74,0.712,10,4.44,1,0,0,27.05,1,0
STU-00574,24,Male,Medium,93.29,100.0,0.633,11,5.9,2,0,1,16.97,2,0
STU-00575,18,Female,High,61.92,49.22,0.472,6,3.59,3,0,0,9.32,3,1
STU-00576,20,Female,Medium,77.64,83.64,0.654,10,4.36,1,1,0,15.64,2,0
STU-00577,19,Non-binary,High,69.9,70.12,0.841,6,5.52,0,0,1,18.71,1,0
STU-00578,18,Male,Medium,83.66,70.78,0.578,11,4.42,1,0,0,18.71,3,0
STU-00579,19,Male,High,69.63,49.99,0.608,6,2.01,1,1,1,3.35,4,1
STU-00580,24,Male,Medium,67.48,75.02,0.72,5,2.59,1,0,0,4.0,2,1
STU-00581,21,Male,Medium,94.36,65.88,0.668,14,6.03,2,0,0,20.94,2,0
STU-00582,19,Female,Medium,80.18,81.76,0.854,10,3.22,2,1,0,8.35,2,0
STU-00583,17,Female,Low,79.34,87.7,0.836,10,4.51,3,1,0,8.73,3,0
STU-00584,17,Male,Medium,86.75,63.81,0.557,6,4.33,0,0,0,10.83,3,0
STU-00585,19,Male,High,93.93,93.52,0.796,11,4.13,1,0,0,6.99,0,0
STU-00586,19,Male,Medium,77.4,72.4,0.771,11,2.41,2,1,1,22.3,2,0
STU-00587,20,Male,Low,75.64,47.57,0.265,7,1.41,5,1,0,9.88,0,0
STU-00588,17,Female,Medium,77.69,60.24,0.805,11,2.34,2,1,0,14.58,2,0
STU-00589,20,Male,Low,91.9,78.09,0.775,12,6.27,2,0,1,5.85,2,0
STU-00590,23,Male,Low,79.25,74.25,0.685,10,5.12,2,1,1,6.54,4,0
STU-00591,24,Female,High,80.05,59.37,0.628,5,3.35,0,1,0,3.89,3,1
STU-00592,17,Male,Medium,86.3,76.74,0.676,7,2.93,0,1,0,13.36,2,0
STU-00593,19,Male,Medium,100.0,91.24,0.852,14,7.66,1,1,0,7.36,1,0
STU-00594,19,Female,Medium,82.82,84.74,0.681,9,5.32,2,0,0,13.38,0,0
STU-00595,21,Male,Low,77.04,65.05,0.691,9,3.61,1,1,1,12.5,1,0
STU-00596,18,Male,Low,100.0,84.58,0.806,9,7.54,1,1,1,3.58,1,0
STU-00597,24,Male,Medium,96.63,92.11,0.903,9,6.23,1,1,1,6.74,2,0
STU-00598,21,Female,Medium,95.03,89.14,1.0,13,6.72,1,1,0,3.23,3,0
STU-00599,20,Male,High,77.74,82.98,0.705,12,3.1,0,0,1,3.64,0,0
STU-00600,24,Female,Medium,75.4,72.33,0.693,10,2.29,0,0,0,2.98,1,0
STU-00601,20,Male,Medium,61.82,63.73,0.436,8,0.78,1,0,1,4.17,2,1
STU-00602,21,Female,Medium,92.61,82.18,0.861,11,8.64,0,1,1,4.82,1,0
STU-00603,19,Male,High,84.1,69.48,0.682,9,3.61,3,1,0,30.99,2,0
STU-00604,18,Male,Medium,62.19,75.97,0.743,6,4.07,1,1,0,6.2,3,1
STU-00605,19,Male,High,96.47,67.75,0.65,7,5.87,1,0,0,13.93,1,0
STU-00606,25,Male,Medium,78.29,67.54,0.598,11,4.21,0,1,0,11.38,4,0
STU-00607,22,Female,High,80.9,75.22,1.0,10,5.42,0,0,1,9.83,2,0
STU-00608,21,Male,Low,63.36,67.31,0.67,9,3.55,3,1,1,15.12,3,0
STU-00609,18,Female,Medium,87.41,83.53,0.842,10,6.1,1,0,0,9.33,0,0
STU-00610,22,Male,Medium,87.52,91.9,0.742,10,3.66,1,0,1,3.9,1,0
STU-00611,18,Female,Medium,81.47,74.88,0.837,10,4.53,2,1,0,10.62,1,0
STU-00612,17,Male,Medium,77.4,64.97,0.63,10,1.07,1,0,0,12.48,5,0
STU-00613,19,Female,High,100.0,83.3,0.858,9,3.44,2,0,0,3.17,1,0
STU-00614,25,Male,High,70.01,67.16,0.772,11,2.6,2,0,1,9.23,3,0
STU-00615,24,Male,Low,72.06,71.99,0.694,7,5.46,2,1,1,14.63,2,0
STU-00616,20,Female,Medium,89.79,67.43,0.585,10,4.33,1,1,0,7.82,3,0
STU-00617,19,Female,Medium,70.84,67.25,0.385,5,4.2,1,0,0,25.03,1,0
STU-00618,17,Male,Medium,70.03,84.84,0.771,8,4.96,3,0,0,5.0,2,0
STU-00619,21,Male,Low,92.45,78.37,0.68,8,5.5,4,1,1,6.34,3,0
STU-00620,21,Female,Low,86.66,63.27,0.493,9,2.96,1,0,0,10.95,0,0
STU-00621,22,Female,Medium,87.33,73.52,0.894,11,5.69,1,0,0,5.3,1,0
STU-00622,22,Female,Medium,84.0,52.99,0.659,9,5.04,0,0,0,5.2,2,0
STU-00623,20,Male,High,75.64,72.47,0.491,12,6.85,0,0,0,17.73,0,0
STU-00624,22,Male,Medium,79.22,89.5,0.877,11,4.69,2,0,0,6.42,1,0
STU-00625,19,Female,High,82.38,64.43,0.542,8,5.27,1,0,1,14.72,1,0
STU-00626,22,Male,Medium,91.31,64.27,0.683,9,4.92,0,0,0,3.51,2,0
STU-00627,19,Male,Medium,86.68,70.08,0.593,10,3.62,0,1,0,6.3,2,0
STU-00628,21,Male,Low,69.79,74.91,0.667,10,5.29,2,1,1,6.09,1,0
STU-00629,21,Female,Medium,90.68,95.58,1.0,8,8.73,0,0,0,6.44,0,0
STU-00630,21,Female,High,64.79,72.33,0.807,10,4.67,0,1,1,3.52,2,0
STU-00631,22,Female,High,79.73,62.16,0.802,7,4.0,0,0,0,5.78,1,0
STU-00632,17,Female,High,70.69,70.46,0.667,9,4.77,2,0,1,7.75,0,0
STU-00633,18,Female,Low,70.57,83.97,0.635,10,4.4,1,1,1,1.6,3,0
STU-00634,20,Female,Medium,100.0,79.89,0.885,11,9.24,0,0,1,5.1,1,0
STU-00635,17,Female,Low,63.82,64.24,0.75,4,5.11,0,1,0,10.87,2,0
STU-00636,20,Male,Low,70.99,68.68,0.753,5,3.1,0,0,1,4.46,2,0
STU-00637,20,Female,Medium,87.61,61.6,0.526,10,6.21,4,0,0,9.01,0,0
STU-00638,23,Male,Medium,76.83,81.86,0.663,4,5.47,1,1,1,4.21,2,0
STU-00639,21,Female,Medium,83.71,83.72,0.872,11,6.67,0,1,0,7.28,0,0
STU-00640,23,Male,High,98.98,64.32,0.533,11,5.58,0,0,0,1.15,2,0
STU-00641,21,Female,Medium,89.2,64.51,0.604,11,6.16,0,1,1,10.66,1,0
STU-00642,19,Male,High,78.09,64.54,0.99,9,6.1,0,0,1,5.21,4,1
STU-00643,21,Male,Low,78.53,77.38,1.0,11,5.18,2,1,0,13.62,2,0
STU-00644,22,Female,Low,85.84,65.89,0.748,10,5.24,1,0,0,6.73,3,0
STU-00645,23,Male,Medium,88.98,81.73,0.711,7,4.92,0,0,0,5.57,1,0
STU-00646,20,Female,High,83.48,75.0,0.646,10,5.1,4,1,1,4.65,2,0
STU-00647,17,Male,Low,83.97,73.22,0.803,12,5.26,3,1,1,5.17,0,0
STU-00648,17,Female,Medium,85.98,81.23,0.966,11,5.32,2,0,1,5.02,3,0
STU-00649,20,Female,Medium,80.99,76.6,0.685,8,4.38,1,0,0,4.14,0,0
STU-00650,17,Female,Low,73.34,67.21,0.61,10,4.05,3,1,1,4.44,3,0
STU-00651,24,Male,Medium,90.17,81.55,0.8,12,2.92,1,0,1,23.97,2,0
STU-00652,22,Female,High,86.46,80.42,0.613,11,6.09,1,0,0,6.87,0,0
STU-00653,19,Male,Medium,59.11,61.28,0.45,9,3.39,2,0,0,1.63,1,0
STU-00654,18,Female,Low,70.92,61.93,0.477,5,2.66,0,1,1,1.64,2,0
STU-00655,23,Female,High,77.96,92.98,0.954,10,6.19,0,1,0,24.36,3,0
STU-00656,18,Female,Medium,79.79,68.87,0.712,10,3.96,2,0,0,6.67,1,0
STU-00657,18,Male,High,96.49,96.74,1.0,13,5.63,0,0,1,2.95,0,0
STU-00658,19,Male,Low,100.0,73.35,0.509,11,5.45,1,0,1,14.67,3,0
STU-00659,21,Female,Medium,54.95,69.48,0.502,10,4.88,1,1,0,4.53,0,0
STU-00660,22,Male,Medium,85.35,93.8,0.95,7,6.07,0,1,0,7.54,0,0
STU-00661,23,Female,Low,80.77,67.59,0.563,10,3.15,3,0,0,8.43,2,0
STU-00662,23,Female,High,81.26,69.08,0.585,10,3.84,0,0,0,3.15,1,0
STU-00663,21,Male,Low,85.97,69.17,0.803,11,6.43,2,1,1,4.62,3,0
STU-00664,23,Female,Low,81.65,71.2,0.633,12,5.06,2,1,1,11.81,1,0
STU-00665,19,Female,Medium,78.02,75.67,0.686,7,5.85,1,0,0,17.87,2,0
STU-00666,17,Male,Medium,82.32,74.11,0.694,12,5.28,3,1,0,12.65,3,0
STU-00667,19,Female,High,89.37,75.45,0.713,11,6.18,1,0,0,9.4,3,0
STU-00668,19,Male,High,88.33,98.69,1.0,10,8.79,2,1,0,5.54,2,0
STU-00669,19,Male,Low,82.07,69.59,0.54,7,2.33,2,1,1,10.25,2,0
STU-00670,18,Male,Medium,75.58,65.08,0.623,9,7.57,4,0,1,11.55,2,0
STU-00671,20,Male,Low,100.0,88.51,0.989,12,7.78,2,1,0,17.56,2,0
STU-00672,22,Male,Medium,85.95,84.72,1.0,11,9.54,2,1,0,7.29,2,0
STU-00673,24,Female,High,91.64,94.86,0.742,9,3.92,0,1,0,29.65,0,0
STU-00674,17,Male,Medium,76.41,90.96,0.911,11,5.69,0,1,1,13.94,0,0
STU-00675,18,Male,Medium,84.09,78.82,0.743,9,5.18,0,1,0,6.77,2,0
STU-00676,19,Male,Medium,84.0,72.44,0.698,11,6.05,2,0,1,15.7,0,0
STU-00677,22,Female,High,62.22,47.59,0.399,10,3.53,1,0,0,5.72,4,0
STU-00678,20,Male,Medium,74.12,61.2,0.703,7,4.89,2,0,0,4.56,2,0
STU-00679,19,Male,Low,71.91,68.8,0.763,9,5.57,2,1,0,1.68,2,0
STU-00680,22,Female,Medium,75.39,59.38,0.899,11,4.92,1,0,1,23.65,3,0
STU-00681,23,Male,Low,68.23,49.1,0.348,8,2.26,2,1,1,5.57,1,1
STU-00682,20,Female,Low,80.48,71.49,0.492,6,4.63,3,0,1,11.45,2,0
STU-00683,19,Female,Low,95.37,85.75,1.0,12,5.57,2,1,0,14.07,1,0
STU-00684,21,Male,Medium,83.44,72.58,0.705,8,4.63,1,1,1,5.74,0,0
STU-00685,20,Female,Medium,69.01,77.09,0.696,9,2.11,1,0,1,6.16,1,0
STU-00686,20,Female,Medium,70.66,75.08,0.755,7,4.48,4,0,1,1.63,1,0
STU-00687,19,Female,Medium,77.85,83.86,0.642,10,3.06,0,0,0,3.31,0,0
STU-00688,22,Female,High,67.68,90.97,0.916,8,4.73,1,1,1,2.17,1,0
STU-00689,21,Male,Medium,85.35,100.0,0.94,12,4.13,2,1,0,27.52,0,0
STU-00690,23,Male,Medium,96.88,88.82,0.981,10,6.27,0,0,0,6.49,2,0
STU-00691,23,Male,Low,73.67,62.96,0.73,8,5.71,1,1,0,4.43,2,0
STU-00692,21,Female,High,84.09,77.73,0.869,11,4.53,2,0,0,5.37,1,0
STU-00693,19,Male,Low,75.28,84.07,0.834,7,3.55,2,1,1,7.48,1,0
STU-00694,23,Male,Medium,75.07,62.1,0.813,12,5.87,0,0,0,3.92,4,0
STU-00695,21,Male,High,85.34,92.19,0.951,10,6.96,0,0,1,11.22,3,0
STU-00696,26,Female,Medium,74.7,69.16,0.617,7,4.73,3,1,1,14.08,3,0
STU-00697,21,Female,Medium,73.11,72.36,0.612,8,3.4,1,1,0,6.59,0,0
STU-00698,22,Male,Medium,64.19,57.73,0.498,8,2.4,0,0,1,4.75,0,0
STU-00699,21,Male,Medium,82.71,61.46,0.685,11,4.25,3,1,0,5.66,0,0
STU-00700,20,Female,Low,91.74,73.45,0.559,8,4.63,1,1,1,3.42,2,0
STU-00701,20,Male,Low,87.78,87.36,0.858,9,3.08,2,0,1,6.22,4,0
STU-00702,21,Female,Medium,98.41,75.22,0.634,10,3.88,0,0,0,12.0,1,0
STU-00703,22,Female,Low,72.58,83.16,0.653,11,5.91,2,1,1,20.41,2,0
STU-00704,23,Male,High,92.61,75.47,0.605,11,5.19,1,1,0,9.39,1,0
STU-00705,21,Male,Low,67.87,54.1,0.548,11,5.32,1,1,0,11.82,2,0
STU-00706,20,Female,Medium,89.8,80.64,0.873,10,7.06,1,1,0,6.68,1,0
STU-00707,20,Male,Medium,100.0,89.79,0.78,13,5.36,0,1,1,15.06,1,0
STU-00708,18,Male,Medium,87.48,78.87,0.517,11,3.97,0,1,1,4.09,1,0
STU-00709,24,Female,Medium,100.0,84.51,1.0,12,7.85,0,0,0,2.62,3,0
STU-00710,19,Male,Medium,75.41,87.23,0.973,11,6.37,1,0,0,6.44,0,0
STU-00711,23,Male,High,81.77,76.95,0.861,9,6.62,0,0,0,10.15,1,0
STU-00712,21,Male,Medium,71.93,64.82,0.839,12,4.7,0,0,0,2.47,2,0
STU-00713,21,Non-binary,High,83.63,65.56,0.661,9,4.88,0,1,0,22.76,4,0
STU-00714,20,Male,High,86.22,90.87,0.854,11,5.05,1,0,0,3.49,3,0
STU-00715,19,Female,Medium,82.29,70.24,0.853,11,5.16,1,0,0,5.25,2,0
STU-00716,18,Female,Low,74.78,64.82,0.805,7,3.78,1,1,0,10.17,2,0
STU-00717,24,Male,Medium,76.6,82.29,0.869,9,4.92,1,1,0,9.17,1,0
STU-00718,21,Non-binary,Low,83.8,92.96,0.994,11,5.53,0,0,1,15.39,0,0
STU-00719,23,Female,Medium,80.25,76.03,0.592,9,3.66,1,0,0,12.23,2,0
STU-00720,23,Female,High,70.58,69.26,0.651,8,5.17,0,0,1,3.58,4,0
STU-00721,20,Male,Medium,61.13,64.29,0.843,11,2.28,1,1,0,5.41,3,0
STU-00722,21,Female,Medium,75.45,66.66,0.756,7,5.09,0,0,0,10.81,2,0
STU-00723,21,Female,Low,64.8,59.74,0.424,5,1.78,0,0,0,6.65,0,0
STU-00724,18,Male,High,74.06,68.79,0.614,7,2.91,3,1,0,3.51,2,0
STU-00725,20,Male,Low,75.34,77.47,0.939,11,4.13,2,0,1,1.15,2,0
STU-00726,22,Male,Low,78.39,68.95,0.734,11,5.34,2,1,1,17.79,0,0
STU-00727,19,Male,Low,72.67,80.68,0.803,10,1.48,1,1,1,5.2,2,0
STU-00728,20,Female,Low,100.0,79.04,0.793,12,6.07,2,0,1,10.72,1,0
STU-00729,20,Male,Medium,68.13,64.03,0.627,9,3.94,1,0,0,3.74,2,0
STU-00730,25,Female,Medium,95.3,93.52,0.83,9,4.39,2,1,1,9.45,2,0
STU-00731,17,Female,Medium,80.21,73.72,0.621,7,4.65,2,0,0,1.41,3,0
STU-00732,22,Male,Low,72.77,65.86,0.774,7,2.85,4,0,1,3.69,1,0
STU-00733,20,Male,Low,86.46,74.04,0.752,9,5.04,3,1,1,5.84,1,0
STU-00734,19,Male,Medium,77.02,86.64,0.918,11,3.45,1,0,0,4.09,2,0
STU-00735,20,Female,Low,71.12,69.4,0.749,9,7.27,1,1,1,4.6,2,0
STU-00736,22,Male,Medium,100.0,95.49,1.0,11,7.71,2,0,0,12.55,0,0
STU-00737,22,Male,Low,55.86,56.67,0.627,6,3.67,4,1,1,5.17,1,0
STU-00738,21,Male,Medium,79.31,83.96,0.909,14,3.94,0,1,1,3.13,1,0
STU-00739,23,Male,Medium,84.09,77.74,0.776,8,4.68,0,0,0,5.24,1,0
STU-00740,23,Female,Medium,97.49,90.62,0.754,10,5.27,0,1,0,1.11,2,0
STU-00741,22,Male,Low,75.62,78.16,0.733,11,4.89,1,1,1,6.02,4,0
STU-00742,19,Male,Low,100.0,70.78,0.766,10,6.31,1,1,1,5.66,1,0
STU-00743,22,Male,High,91.6,81.44,0.869,9,6.02,1,1,0,6.0,3,0
STU-00744,22,Male,Low,53.96,67.67,0.843,9,4.4,1,1,1,2.24,1,0
STU-00745,19,Male,Medium,66.01,77.85,0.702,6,3.78,1,1,1,8.49,2,0
STU-00746,17,Female,Medium,84.61,88.15,0.874,13,5.88,1,1,1,6.37,3,0
STU-00747,17,Female,Medium,69.42,69.37,0.668,9,3.17,0,0,0,17.43,3,1
STU-00748,21,Male,Medium,88.03,92.65,1.0,10,4.47,2,1,0,13.24,1,0
STU-00749,21,Non-binary,Medium,77.01,65.39,0.694,6,7.07,1,0,0,3.78,3,0
STU-00750,18,Non-binary,High,70.09,55.45,0.61,6,4.49,3,0,0,3.66,2,0
STU-00751,23,Female,Low,69.39,62.73,0.621,8,6.44,1,1,0,13.53,3,0
STU-00752,21,Female,Medium,91.37,90.82,0.843,14,5.22,2,1,0,3.24,2,0
STU-00753,23,Male,Low,57.75,49.06,0.333,7,5.84,1,1,0,3.45,1,1
STU-00754,21,Male,Medium,93.5,65.18,0.495,10,4.7,2,0,0,8.97,1,0
STU-00755,18,Female,Medium,93.82,62.83,0.648,10,6.7,1,1,0,4.57,1,0
STU-00756,21,Male,Low,76.35,76.21,0.749,13,4.68,3,1,1,9.02,2,0
STU-00757,22,Female,Medium,66.55,52.47,0.558,7,3.81,0,1,0,1.53,2,0
STU-00758,19,Male,High,89.36,85.14,0.933,13,5.65,3,0,0,5.21,0,0
STU-00759,17,Female,Low,74.65,64.75,0.654,8,3.56,2,1,0,14.45,2,0
STU-00760,21,Female,Medium,65.33,58.65,0.548,7,4.87,1,0,0,3.58,1,0
STU-00761,18,Female,Medium,100.0,73.01,0.69,10,5.49,2,0,0,4.73,0,0
STU-00762,23,Male,Low,70.27,67.99,0.701,8,5.37,1,1,0,5.91,1,0
STU-00763,20,Male,Low,63.81,55.29,0.515,9,4.59,0,0,1,4.92,2,0
STU-00764,24,Male,Low,83.14,72.06,0.834,5,7.19,0,0,0,1.53,4,0
STU-00765,17,Female,High,82.5,80.37,0.777,10,5.59,2,0,0,13.69,0,0
STU-00766,21,Female,Low,96.35,84.57,0.846,9,3.73,2,1,0,6.26,2,0
STU-00767,24,Female,Low,75.81,77.93,0.66,7,3.87,2,1,0,9.51,1,0
STU-00768,19,Male,Low,75.93,70.29,0.819,7,4.8,1,1,1,15.08,1,0
STU-00769,20,Female,Low,83.69,61.87,0.791,9,5.11,3,1,1,4.69,2,0
STU-00770,20,Male,Medium,84.19,80.07,0.613,8,6.4,0,0,0,8.6,2,0
STU-00771,19,Male,Low,82.53,78.38,0.81,9,6.7,1,0,1,0.33,2,0
STU-00772,21,Male,Medium,84.99,73.98,0.71,6,4.69,0,1,0,0.71,0,0
STU-00773,18,Female,Medium,83.81,72.35,0.743,10,8.35,1,1,0,6.89,2,0
STU-00774,20,Male,High,78.67,99.26,0.997,8,5.04,1,0,0,1.95,2,0
STU-00775,22,Female,Low,89.16,62.07,0.352,6,3.56,4,1,0,9.66,0,0
STU-00776,20,Female,High,79.29,79.75,0.865,9,3.61,0,0,1,10.94,1,0
STU-00777,18,Male,Medium,90.85,89.07,0.988,9,3.87,2,0,0,4.02,1,0
STU-00778,23,Male,Low,95.27,74.51,0.875,10,4.23,2,1,0,10.42,1,0
STU-00779,22,Male,Medium,74.55,69.1,0.567,7,5.39,2,1,0,5.53,1,0
STU-00780,18,Female,High,100.0,80.74,0.778,8,6.83,1,0,0,16.75,1,0
STU-00781,18,Non-binary,Low,72.16,66.84,0.597,7,2.72,4,1,1,2.41,2,0
STU-00782,19,Non-binary,High,75.49,81.98,0.563,5,4.14,0,0,1,6.23,1,0
STU-00783,22,Female,Medium,87.94,75.23,0.66,11,6.0,3,1,0,8.22,1,0
STU-00784,21,Male,Medium,86.86,100.0,0.819,12,2.48,0,0,0,12.06,3,0
STU-00785,22,Female,High,84.04,72.56,0.751,12,7.47,1,1,1,11.42,1,0
STU-00786,20,Male,Medium,91.0,92.46,0.688,9,6.57,1,0,0,5.03,1,0
STU-00787,19,Male,High,86.03,83.48,0.688,12,6.01,1,0,0,5.69,0,0
STU-00788,22,Male,Medium,100.0,84.08,0.749,11,7.38,2,1,0,3.49,2,0
STU-00789,19,Male,Medium,81.41,88.79,0.944,8,2.63,0,0,0,15.54,0,0
STU-00790,21,Female,Medium,72.6,53.85,0.882,8,4.58,0,1,0,20.02,3,0
STU-00791,17,Male,Low,73.93,71.94,0.742,9,6.26,1,1,1,1.28,4,1
STU-00792,19,Male,Medium,87.18,69.68,0.562,9,4.51,1,0,0,13.37,3,0
STU-00793,23,Female,Medium,87.35,72.57,0.63,10,5.78,0,0,0,10.96,0,0
STU-00794,19,Female,Low,82.27,66.86,0.74,9,6.9,2,0,0,0.59,1,0
STU-00795,22,Male,Low,70.66,56.48,0.41,7,4.28,0,0,1,12.64,3,0
STU-00796,17,Male,Medium,94.2,63.69,0.765,12,5.13,0,1,0,17.31,0,0
STU-00797,19,Male,Low,100.0,84.09,0.844,10,6.81,3,1,1,11.82,3,0
STU-00798,20,Male,Low,80.32,70.1,0.675,9,2.23,0,1,1,3.27,1,0
STU-00799,24,Male,Medium,100.0,79.99,0.573,9,5.82,1,0,1,22.32,0,0
STU-00800,18,Female,Medium,91.53,86.53,0.943,10,6.99,1,0,1,13.92,0,0
STU-00801,22,Female,Medium,100.0,87.52,0.75,8,5.91,2,0,1,3.45,3,0
STU-00802,23,Male,Medium,87.2,74.19,0.744,8,6.73,2,1,1,9.87,1,0
STU-00803,19,Male,High,84.75,100.0,0.931,14,5.98,1,0,0,9.46,0,0
STU-00804,20,Male,Medium,91.27,88.99,0.664,7,5.24,0,0,0,2.34,0,0
STU-00805,21,Male,Low,75.23,92.76,0.859,10,7.5,5,0,1,7.6,1,0
STU-00806,17,Male,Low,84.48,68.6,0.531,9,2.96,2,1,0,9.11,3,0
STU-00807,20,Male,Medium,96.64,83.88,0.731,12,7.44,1,1,0,4.83,2,0
STU-00808,23,Male,Low,89.01,62.54,0.676,10,6.81,3,1,1,18.6,3,0
STU-00809,22,Female,Medium,81.66,70.89,0.781,13,6.16,1,0,1,5.95,1,0
STU-00810,20,Male,High,85.45,71.93,0.703,10,4.33,0,0,0,10.45,2,0
STU-00811,21,Male,Low,88.33,100.0,0.843,12,5.95,0,1,0,7.33,0,0
STU-00812,22,Female,Low,87.97,67.5,0.589,11,3.52,1,1,0,4.0,0,0
STU-00813,22,Male,High,91.5,78.33,0.681,12,4.31,1,0,1,8.65,1,0
STU-00814,19,Male,Medium,85.73,61.62,0.359,8,3.99,4,0,0,6.72,6,1
STU-00815,24,Male,Low,70.93,71.58,0.711,9,3.03,1,1,1,22.07,0,0
STU-00816,23,Male,High,75.93,64.2,0.438,7,3.29,1,0,0,13.48,1,0
STU-00817,22,Female,High,88.32,88.33,0.857,10,3.97,1,0,0,1.77,3,0
STU-00818,19,Female,Medium,91.15,60.87,0.434,9,5.2,0,1,0,3.86,3,0
STU-00819,18,Female,Medium,89.72,76.85,0.604,6,7.06,1,0,1,3.4,3,0
STU-00820,20,Female,Low,72.57,48.58,0.583,8,7.01,0,1,0,0.58,2,0
STU-00821,21,Male,Low,78.34,64.9,0.647,10,2.95,2,1,0,11.13,2,0
STU-00822,17,Male,Medium,69.08,65.29,0.422,5,2.06,1,0,0,9.68,0,0
STU-00823,22,Male,Low,64.69,57.26,0.511,6,3.28,1,1,1,2.83,3,0
STU-00824,23,Female,Medium,82.9,69.79,0.718,11,5.98,2,1,1,2.93,1,0
STU-00825,22,Female,High,98.19,93.59,0.82,13,5.71,0,1,0,1.02,0,0
STU-00826,19,Female,Low,81.1,92.87,0.846,8,6.67,2,1,1,3.62,1,0
STU-00827,19,Male,Medium,100.0,86.39,0.861,11,6.96,4,0,0,9.36,4,0
STU-00828,21,Female,Low,78.19,61.13,0.617,9,1.98,1,1,0,23.78,1,0
STU-00829,20,Male,High,83.59,77.52,0.635,11,4.83,1,1,0,1.84,1,0
STU-00830,21,Male,Low,69.1,61.82,0.62,7,2.32,3,1,1,8.77,6,1
STU-00831,22,Male,Medium,78.18,81.42,0.754,8,4.1,0,0,0,26.02,6,0
STU-00832,23,Female,Medium,68.91,70.96,0.904,11,4.38,2,1,0,6.29,0,0
STU-00833,18,Female,Medium,65.0,50.42,0.506,6,4.54,0,0,0,6.17,1,0
STU-00834,21,Male,Medium,69.1,79.15,0.784,8,4.54,1,1,0,7.2,0,0
STU-00835,20,Male,Medium,82.94,84.48,0.846,10,4.74,1,0,0,6.56,0,0
STU-00836,20,Female,Medium,73.9,85.42,0.784,12,7.73,3,0,0,11.53,1,0
STU-00837,22,Male,Medium,76.5,66.56,0.572,6,2.98,1,0,0,31.41,5,0
STU-00838,23,Male,High,87.76,81.88,0.847,9,6.02,0,0,0,3.98,4,0
STU-00839,23,Female,Medium,64.96,54.33,0.609,9,4.76,1,0,1,2.19,1,0
STU-00840,21,Female,Medium,82.89,74.28,0.976,11,6.04,3,1,0,3.0,1,0
STU-00841,20,Female,Low,89.33,79.05,0.856,10,4.46,1,1,1,12.15,1,0
STU-00842,20,Female,Medium,92.28,72.93,0.805,10,4.36,1,0,0,8.14,3,0
STU-00843,17,Female,Medium,87.68,80.51,0.866,10,6.54,1,0,1,13.59,0,0
STU-00844,23,Male,Medium,81.43,75.76,0.656,6,6.18,0,0,1,1.29,0,0
STU-00845,20,Female,Low,73.14,62.81,0.475,8,3.69,1,1,1,5.98,5,1
STU-00846,22,Male,High,82.34,90.25,0.744,12,3.2,0,1,0,11.25,2,0
STU-00847,22,Male,Medium,100.0,80.66,0.864,8,6.23,1,0,0,1.25,2,0
STU-00848,18,Female,Medium,85.0,77.13,0.921,9,7.85,0,1,1,8.71,2,0
STU-00849,19,Female,Low,78.82,55.37,0.65,8,3.17,4,1,0,6.16,2,0
STU-00850,24,Male,High,89.45,84.88,0.798,9,5.09,2,0,0,20.07,3,0
STU-00851,21,Non-binary,Low,80.55,66.09,0.856,13,5.4,0,1,0,2.0,1,0
STU-00852,19,Male,Low,82.48,81.36,0.734,8,6.54,3,1,1,14.38,4,0
STU-00853,20,Female,High,80.54,62.3,0.484,6,3.39,0,0,0,4.96,1,0
STU-00854,23,Female,High,78.69,78.83,0.796,11,5.72,1,0,0,1.2,1,0
STU-00855,22,Female,Low,90.96,54.04,0.705,9,7.25,1,0,0,4.19,2,0
STU-00856,17,Male,Medium,60.55,70.22,0.589,9,1.49,1,0,0,13.2,1,0
STU-00857,24,Male,Medium,87.26,75.14,0.529,9,2.74,1,0,0,12.42,1,0
STU-00858,23,Male,High,78.01,78.19,0.764,10,4.78,1,0,0,10.4,2,0
STU-00859,20,Male,Medium,61.04,58.3,0.68,5,5.25,3,0,0,3.01,4,1
STU-00860,18,Female,Medium,71.28,59.72,0.244,8,3.41,3,1,1,20.42,3,0
STU-00861,23,Male,Medium,81.6,69.82,0.804,10,6.7,2,0,0,7.15,0,0
STU-00862,22,Female,Medium,83.12,76.82,0.584,8,2.18,1,0,1,5.97,1,0
STU-00863,17,Male,Medium,90.14,84.03,0.898,8,6.37,1,0,0,7.1,2,0
STU-00864,20,Male,Medium,90.89,81.66,0.551,10,0.82,1,0,0,2.25,0,0
STU-00865,27,Male,Low,62.99,53.07,0.364,8,4.81,2,0,0,1.29,0,0
STU-00866,21,Female,High,87.4,97.08,0.998,9,7.75,1,0,1,6.27,0,0
STU-00867,19,Male,High,91.26,83.88,0.955,10,5.66,3,1,1,0.93,2,0
STU-00868,18,Male,Medium,84.41,69.29,0.681,11,1.7,2,0,0,12.81,5,0
STU-00869,24,Female,Low,85.53,77.5,1.0,13,5.71,2,1,1,17.95,4,0
STU-00870,22,Female,Low,58.74,62.96,0.505,9,4.78,0,1,0,30.13,1,0
STU-00871,23,Male,Medium,71.11,67.38,0.542,8,4.47,1,0,1,3.86,1,0
STU-00872,21,Female,Low,95.03,74.88,0.695,9,8.04,0,1,0,12.44,5,0
STU-00873,23,Female,High,80.17,85.08,0.778,9,4.64,2,0,0,11.98,2,0
STU-00874,19,Female,Medium,100.0,100.0,0.984,9,9.44,0,1,0,6.4,2,0
STU-00875,21,Female,Medium,67.94,47.25,0.402,7,0.47,0,1,0,9.96,3,1
STU-00876,21,Female,High,100.0,97.06,0.992,13,5.57,0,0,1,16.21,3,0
STU-00877,23,Male,Medium,75.28,71.33,0.766,9,2.98,3,0,0,5.29,0,0
STU-00878,21,Female,Medium,91.49,81.28,0.98,9,7.24,1,1,0,10.67,0,0
STU-00879,19,Male,Medium,78.75,86.32,0.772,8,3.27,2,0,0,9.76,4,0
STU-00880,21,Female,Medium,83.27,48.42,0.542,9,5.84,0,0,1,8.41,2,0
STU-00881,17,Female,Medium,88.55,85.65,0.898,8,6.77,1,1,1,3.45,1,0
STU-00882,17,Female,Medium,75.25,83.95,0.809,7,5.18,1,0,0,2.84,0,0
STU-00883,22,Male,High,92.06,74.05,0.699,12,5.17,2,0,1,5.34,1,0
STU-00884,20,Male,Medium,79.08,59.02,0.346,6,2.14,0,0,0,12.92,2,0
STU-00885,20,Male,Low,81.96,87.94,0.855,8,6.22,1,1,1,8.44,1,0
STU-00886,22,Female,Medium,52.9,42.83,0.524,8,2.29,0,1,1,10.51,2,0
STU-00887,23,Female,Medium,78.29,76.77,0.741,8,5.91,4,1,0,9.95,1,0
STU-00888,22,Female,Low,93.9,87.5,0.747,10,7.66,2,0,1,28.69,0,0
STU-00889,25,Male,Low,87.64,78.23,0.559,11,4.24,1,1,0,12.02,0,0
STU-00890,22,Female,Medium,91.75,84.69,0.871,7,7.71,1,1,1,3.44,1,0
STU-00891,21,Non-binary,Medium,82.59,71.99,0.71,11,5.2,2,1,0,6.3,3,0
STU-00892,21,Male,High,100.0,89.38,1.0,10,7.48,0,0,0,13.73,0,0
STU-00893,18,Male,Low,83.17,65.04,0.472,8,2.34,1,0,1,1.08,3,0
STU-00894,23,Male,Low,72.74,61.33,0.557,12,3.04,2,0,1,6.92,0,0
STU-00895,17,Female,Medium,91.41,79.23,0.61,7,4.03,0,1,0,5.1,2,0
STU-00896,19,Male,High,93.4,66.18,0.779,11,7.52,0,1,0,3.05,2,0
STU-00897,21,Female,Low,86.93,79.69,0.922,12,5.31,1,1,0,2.89,0,0
STU-00898,19,Male,Low,75.57,43.67,0.69,8,5.43,3,1,0,11.68,3,0
STU-00899,20,Male,Low,83.1,75.71,0.801,8,5.14,0,0,0,12.88,3,0
STU-00900,24,Female,Medium,97.33,86.29,0.925,10,5.78,1,1,1,5.23,1,0
STU-00901,23,Male,Medium,87.25,68.94,0.732,8,3.15,3,0,0,5.59,1,0
STU-00902,19,Female,Low,63.74,50.46,0.588,8,1.02,1,1,0,6.51,1,0
STU-00903,20,Female,Low,73.08,63.2,0.635,10,3.79,1,1,0,0.47,4,0
STU-00904,18,Male,Medium,74.57,77.19,0.825,8,4.55,0,1,0,22.5,1,0
STU-00905,22,Female,High,74.95,76.18,0.999,11,4.28,1,0,0,11.19,1,0
STU-00906,20,Male,Medium,58.78,52.1,0.559,10,3.58,1,0,0,13.71,1,0
STU-00907,17,Male,Medium,100.0,84.06,0.814,11,8.8,1,0,0,5.29,1,0
STU-00908,21,Male,Low,70.36,68.59,0.7,9,6.44,1,1,1,11.08,0,0
STU-00909,21,Female,Low,71.16,68.55,0.658,7,4.23,2,0,1,2.33,1,0
STU-00910,23,Female,Low,58.64,50.48,0.549,3,3.36,1,1,1,10.68,1,1
STU-00911,20,Non-binary,Medium,91.53,80.49,0.758,11,6.33,2,0,1,7.26,4,0
STU-00912,20,Female,High,82.25,85.41,0.96,11,6.0,1,0,0,2.41,2,0
STU-00913,25,Male,High,79.39,80.23,0.903,10,6.25,2,1,1,19.68,3,0
STU-00914,21,Female,High,79.97,79.25,1.0,12,6.07,1,0,1,11.45,2,0
STU-00915,22,Female,High,89.72,96.24,0.914,9,5.98,2,0,0,30.54,0,0
STU-00916,19,Male,High,77.97,75.85,0.774,10,3.96,3,0,0,3.4,2,0
STU-00917,22,Male,Low,58.12,51.68,0.559,10,3.78,0,0,1,6.11,2,0
STU-00918,17,Male,Low,65.79,55.39,0.586,9,0.53,2,0,1,11.61,2,1
STU-00919,20,Male,Medium,67.22,69.03,0.816,11,4.87,2,1,0,0.87,0,0
STU-00920,18,Female,Medium,85.03,61.44,0.419,11,1.14,4,0,0,8.62,1,0
STU-00921,19,Female,Low,90.23,72.4,0.765,8,5.75,1,0,0,11.73,0,0
STU-00922,23,Female,High,99.37,89.09,1.0,12,5.17,1,1,0,2.96,2,0
STU-00923,19,Male,Medium,64.02,77.44,0.917,8,6.47,3,0,0,7.43,2,0
STU-00924,22,Female,Medium,88.82,62.19,0.771,8,5.45,1,1,0,4.01,3,0
STU-00925,24,Male,Low,73.23,68.34,0.775,8,4.65,0,0,0,9.33,3,0
STU-00926,20,Female,Low,100.0,79.52,0.7,13,6.17,0,0,1,10.91,0,0
STU-00927,23,Male,Low,95.22,78.28,0.671,9,4.09,3,0,0,7.17,2,0
STU-00928,22,Male,High,100.0,86.17,0.74,7,7.31,2,0,0,12.73,0,0
STU-00929,21,Male,Medium,90.83,78.28,0.624,7,5.92,2,0,1,2.33,2,0
STU-00930,22,Female,Medium,86.2,90.3,0.979,11,5.11,2,0,0,13.04,0,0
STU-00931,24,Non-binary,Low,75.57,80.91,0.96,8,3.86,0,1,1,22.46,0,0
STU-00932,19,Female,Medium,75.41,92.63,0.938,6,4.67,0,0,0,2.68,3,0
STU-00933,18,Female,Medium,73.2,70.03,0.786,6,4.46,1,0,0,2.56,4,1
STU-00934,18,Female,Medium,88.79,73.51,0.754,10,3.69,2,1,0,18.07,1,0
STU-00935,23,Female,Medium,99.16,72.92,0.782,12,5.13,1,0,0,8.41,2,0
STU-00936,23,Male,Low,76.08,63.52,0.378,7,2.61,3,0,1,11.96,1,0
STU-00937,19,Female,High,75.3,80.04,0.814,10,4.51,3,0,0,4.16,3,0
STU-00938,17,Female,Low,63.68,71.45,0.65,10,3.47,3,1,0,5.01,1,0
STU-00939,19,Male,High,85.94,84.76,0.812,8,5.95,0,0,1,15.66,0,0
STU-00940,22,Male,Low,93.52,70.45,0.72,10,5.36,3,1,1,5.64,3,0
STU-00941,20,Male,Low,94.07,70.76,0.609,8,5.55,2,1,0,4.57,1,0
STU-00942,21,Male,High,98.41,100.0,0.82,11,6.2,2,0,1,1.25,1,0
STU-00943,19,Female,Low,84.57,64.47,0.551,8,4.1,2,1,1,4.95,0,0
STU-00944,23,Male,Medium,82.99,89.0,0.68,7,5.67,1,0,0,2.59,2,0
STU-00945,21,Female,Medium,96.1,85.18,0.682,10,1.47,0,0,0,3.09,1,0
STU-00946,22,Female,Low,67.79,57.41,0.457,10,2.81,3,1,1,3.8,2,0
STU-00947,21,Female,Medium,77.15,60.19,0.431,9,2.85,0,0,0,13.58,2,0
STU-00948,22,Male,High,100.0,77.86,0.821,12,6.09,0,0,0,1.16,1,0
STU-00949,21,Female,High,71.43,75.21,0.626,10,3.13,0,0,0,7.74,3,1
STU-00950,19,Male,Medium,81.62,65.08,0.422,8,4.59,1,1,0,5.18,3,0
STU-00951,21,Female,Medium,88.94,93.24,0.843,9,6.51,0,1,0,8.9,1,0
STU-00952,22,Female,Low,80.91,68.96,0.546,7,2.25,0,0,0,9.91,0,0
STU-00953,23,Female,Low,92.64,83.67,0.983,8,6.43,1,0,0,3.76,2,0
STU-00954,21,Female,Low,96.78,84.85,0.834,13,4.03,2,1,1,14.0,1,0
STU-00955,18,Female,High,88.53,95.46,0.734,9,5.8,0,0,0,23.17,1,0
STU-00956,19,Male,High,98.54,79.67,0.841,7,5.27,1,0,0,2.42,0,0
STU-00957,20,Male,Medium,71.78,70.52,0.703,11,3.16,0,0,1,11.29,2,0
STU-00958,21,Female,Medium,80.27,59.51,0.569,9,1.84,1,0,0,6.47,5,0
STU-00959,20,Male,Medium,100.0,84.03,1.0,13,6.37,3,0,1,7.29,2,0
STU-00960,18,Female,Medium,100.0,94.4,0.784,10,4.19,2,1,1,14.28,0,0
STU-00961,18,Female,Medium,67.95,69.81,0.811,7,2.38,1,0,0,11.22,0,0
STU-00962,17,Female,Medium,81.86,97.42,0.878,10,5.55,1,0,0,5.57,0,0
STU-00963,17,Male,Low,81.5,76.52,0.743,10,6.2,0,0,1,15.5,1,0
STU-00964,20,Female,Low,84.58,67.4,0.576,8,5.0,4,1,1,6.61,3,0
STU-00965,25,Male,High,97.26,87.99,0.763,13,3.61,0,0,1,3.79,1,0
STU-00966,24,Female,Medium,100.0,68.37,0.622,12,5.1,2,0,0,8.1,2,0
STU-00967,18,Male,High,83.66,68.92,0.451,10,4.96,1,0,1,16.87,2,0
STU-00968,21,Female,Low,92.34,64.35,0.681,8,4.94,2,0,0,1.77,2,0
STU-00969,17,Male,Medium,89.13,77.94,0.772,8,5.74,0,1,0,10.61,1,0
STU-00970,18,Male,Low,79.77,69.88,0.508,11,3.4,0,1,1,0.95,1,0
STU-00971,18,Female,Low,61.32,73.68,0.8,4,3.58,3,1,1,11.94,1,0
STU-00972,20,Female,Low,91.2,74.99,0.907,10,4.88,2,1,1,9.43,2,0
STU-00973,20,Male,Low,86.66,63.77,0.555,9,5.33,0,1,0,19.27,4,0
STU-00974,21,Non-binary,High,87.54,94.36,0.806,9,6.26,1,0,0,2.1,1,0
STU-00975,22,Non-binary,Medium,71.21,39.73,0.559,8,3.02,1,0,1,8.64,2,0
STU-00976,20,Female,Medium,100.0,83.38,0.853,11,7.09,3,1,0,3.67,1,0
STU-00977,21,Male,Medium,83.68,77.34,0.736,8,2.92,2,1,0,5.35,2,0
STU-00978,18,Female,Medium,69.44,68.23,0.771,10,4.15,0,1,0,21.5,2,0
STU-00979,18,Female,Medium,67.67,72.48,0.743,10,2.33,0,1,0,9.01,0,0
STU-00980,17,Male,Low,87.45,75.28,0.906,10,4.05,2,1,0,10.56,2,0
STU-00981,22,Male,High,91.03,85.44,0.821,9,3.61,0,1,0,5.18,0,0
STU-00982,20,Male,High,78.16,68.24,0.725,9,3.72,3,1,0,7.02,5,0
STU-00983,17,Male,Medium,87.09,62.21,0.753,13,6.0,1,0,0,14.52,1,0
STU-00984,20,Female,Medium,89.34,77.42,0.459,7,4.18,0,0,0,19.22,3,0
STU-00985,18,Male,Low,81.54,61.07,0.747,12,4.04,2,1,1,7.11,0,0
STU-00986,24,Female,High,75.54,65.72,0.591,5,3.85,1,1,0,16.77,2,0
STU-00987,19,Female,Medium,92.57,91.05,0.932,9,3.07,0,1,0,6.95,2,0
STU-00988,22,Female,Low,89.21,90.6,1.0,9,6.82,1,0,0,3.91,1,0
STU-00989,23,Male,Medium,88.24,88.78,0.815,12,2.23,5,0,0,8.32,1,0
STU-00990,18,Male,Medium,72.83,79.53,0.717,9,3.38,0,1,0,3.56,3,0
STU-00991,21,Female,Medium,67.36,67.93,0.664,11,3.85,2,0,0,8.78,5,1
STU-00992,22,Male,Medium,82.84,84.92,0.644,8,5.21,0,0,0,2.42,0,0
STU-00993,21,Non-binary,Medium,92.23,82.82,1.0,11,6.48,1,0,1,11.51,1,0
STU-00994,21,Male,Low,91.44,95.57,0.906,10,5.74,2,0,0,2.58,2,0
STU-00995,18,Male,High,89.68,70.61,0.892,14,7.73,0,1,0,3.93,1,0
STU-00996,22,Female,Medium,77.05,78.71,0.724,7,7.41,1,0,0,4.51,2,0
STU-00997,19,Male,Medium,73.15,57.47,0.584,7,3.97,0,0,0,2.85,5,0
STU-00998,21,Male,Low,79.81,77.29,0.865,8,5.02,3,1,1,6.86,0,0
STU-00999,22,Male,High,83.17,59.48,0.465,10,3.81,0,0,1,0.4,1,0
STU-01000,22,Male,Low,92.18,64.31,0.627,7,4.1,1,0,1,6.21,0,0
STU-01001,21,Female,Low,74.72,55.24,0.669,12,4.83,0,1,1,0.2,2,0
STU-01002,22,Female,Medium,77.64,74.79,0.705,9,6.33,0,0,0,9.02,1,0
STU-01003,22,Male,Low,100.0,83.75,0.75,11,2.21,0,1,0,2.35,0,0
STU-01004,24,Female,Low,97.06,100.0,1.0,12,6.13,1,1,1,9.57,1,0
STU-01005,20,Female,Medium,72.29,68.79,0.846,9,6.85,0,1,0,16.35,0,0
STU-01006,21,Male,Medium,98.16,89.84,1.0,11,6.97,0,0,1,4.57,2,0
STU-01007,22,Male,High,70.91,72.4,0.629,8,4.58,1,0,0,7.45,1,0
STU-01008,19,Male,Medium,77.23,78.96,0.697,10,2.26,0,1,1,1.98,0,0
STU-01009,18,Male,Medium,78.48,74.11,0.668,7,5.45,1,0,0,9.63,2,0
STU-01010,22,Male,Medium,81.15,84.95,0.905,8,6.76,1,0,1,11.19,0,0
STU-01011,20,Male,Medium,88.82,67.11,0.52,10,4.74,2,0,1,1.72,2,0
STU-01012,18,Male,Medium,83.17,50.45,0.382,8,2.85,1,1,0,11.38,1,0
STU-01013,22,Female,Medium,88.76,81.78,0.705,6,5.67,1,1,1,25.8,3,0
STU-01014,24,Male,High,78.83,56.54,0.459,7,2.36,0,0,0,5.52,1,0
STU-01015,17,Female,Medium,86.12,89.45,0.964,13,4.12,1,0,0,4.74,0,0
STU-01016,23,Female,Low,80.87,65.54,0.748,9,5.96,0,1,1,14.1,1,0
STU-01017,17,Female,Medium,66.73,56.65,0.515,7,4.98,1,0,0,4.41,2,0
STU-01018,20,Male,High,88.56,100.0,0.926,8,4.71,0,0,0,2.12,0,0
STU-01019,24,Male,Low,81.06,70.92,0.392,7,2.07,3,1,1,6.38,2,0
STU-01020,20,Male,Medium,74.15,68.49,0.621,6,2.89,0,0,1,12.26,3,0
STU-01021,21,Non-binary,High,78.58,81.95,0.942,10,5.63,2,0,1,6.62,1,0
STU-01022,22,Male,Medium,77.6,80.4,0.718,9,2.96,1,0,0,5.55,1,0
STU-01023,17,Female,High,80.56,86.81,0.704,8,6.47,1,0,0,10.08,1,0
STU-01024,21,Male,Medium,100.0,69.67,0.851,9,5.37,2,1,0,3.36,1,0
STU-01025,21,Male,Medium,100.0,88.36,0.715,13,6.1,2,0,0,7.72,1,0
STU-01026,24,Male,Medium,52.01,57.03,0.761,6,2.54,3,1,1,1.0,2,1
STU-01027,18,Female,High,88.62,70.08,1.0,9,6.81,2,1,1,9.68,1,0
STU-01028,20,Female,Medium,92.5,79.88,0.762,9,6.33,0,1,0,14.78,2,0
STU-01029,19,Male,Medium,79.62,55.11,0.708,9,2.3,1,0,0,18.64,1,0
STU-01030,18,Female,Medium,92.21,88.49,0.649,10,4.08,1,0,0,13.01,1,0
STU-01031,23,Female,Medium,100.0,80.09,0.571,11,4.91,0,0,0,11.06,2,0
STU-01032,21,Female,Medium,66.91,62.34,0.526,9,2.76,1,0,0,6.55,2,0
STU-01033,19,Female,Medium,83.47,73.69,0.819,14,6.4,1,0,0,11.52,3,0
STU-01034,19,Female,High,100.0,83.07,0.803,7,5.03,1,0,0,7.22,2,0
STU-01035,19,Non-binary,Medium,68.38,79.23,0.747,9,5.27,3,0,0,2.36,0,0
STU-01036,20,Male,Medium,80.73,62.79,0.471,7,4.62,0,1,1,15.27,3,0
STU-01037,18,Male,Medium,77.07,68.17,0.658,12,4.22,1,0,0,1.0,2,0
STU-01038,20,Female,Medium,93.57,77.75,0.679,10,6.24,1,1,0,4.85,1,0
STU-01039,20,Female,Medium,95.1,70.0,0.578,6,2.78,2,1,0,3.74,1,0
STU-01040,19,Female,Low,81.79,73.05,0.594,10,4.3,0,1,0,7.35,4,0
STU-01041,21,Female,Low,80.35,63.53,0.655,9,3.43,3,1,1,12.67,6,0
STU-01042,21,Female,Medium,63.09,51.24,0.439,9,2.89,0,0,1,10.76,1,0
STU-01043,19,Male,Medium,97.65,87.14,0.837,9,5.22,1,1,0,1.43,0,0
STU-01044,20,Non-binary,Medium,78.12,87.97,0.633,9,4.42,1,1,1,2.41,1,0
STU-01045,25,Male,Low,78.43,70.33,0.752,9,4.75,1,1,1,11.12,1,0
STU-01046,25,Female,Medium,92.69,78.46,0.791,9,5.7,0,1,1,27.83,0,0
STU-01047,18,Female,Low,82.17,70.4,0.664,10,4.87,3,1,1,4.39,2,0
STU-01048,19,Female,Medium,93.04,74.5,0.747,10,6.18,0,1,1,2.19,3,0
STU-01049,18,Female,High,89.89,91.6,0.989,12,4.25,0,1,0,5.21,0,0
STU-01050,23,Male,Low,82.24,72.62,0.538,9,4.93,1,0,1,1.92,0,0
STU-01051,20,Female,Medium,85.41,54.21,0.559,10,2.32,3,0,1,6.12,3,0
STU-01052,21,Male,Low,67.65,76.66,0.59,6,0.0,1,1,1,7.46,2,0
STU-01053,25,Male,Low,78.36,79.35,0.781,12,7.59,3,1,1,14.66,1,0
STU-01054,20,Female,Low,91.92,82.34,0.765,9,4.07,3,1,1,10.14,0,0
STU-01055,22,Female,Low,70.11,38.3,0.41,9,2.64,0,1,0,12.34,5,0
STU-01056,22,Female,Medium,74.13,70.55,0.795,9,2.07,0,1,1,6.08,1,0
STU-01057,19,Female,High,73.57,81.0,0.883,9,4.3,0,1,0,21.81,1,0
STU-01058,23,Male,Low,81.69,75.2,0.864,11,5.53,0,1,0,1.92,0,0
STU-01059,19,Male,Medium,97.43,83.82,0.761,6,5.96,0,0,1,6.28,1,0
STU-01060,23,Male,Medium,88.02,86.2,0.914,9,4.0,0,0,0,6.1,1,0
STU-01061,19,Male,High,59.3,66.61,0.72,9,3.15,3,1,0,3.91,0,0
STU-01062,19,Female,Medium,89.13,89.82,0.817,13,5.94,0,1,0,16.49,1,0
STU-01063,18,Female,Low,75.14,69.88,0.702,9,4.76,3,1,1,0.4,0,0
STU-01064,19,Female,Medium,87.6,77.87,0.741,5,5.29,3,0,0,2.8,1,0
STU-01065,20,Female,Medium,80.36,82.49,0.965,9,6.57,0,0,0,7.45,2,0
STU-01066,17,Male,High,73.78,68.18,0.77,9,4.43,1,0,1,5.44,1,0
STU-01067,20,Male,Medium,81.21,63.01,0.588,11,6.28,0,0,0,6.43,0,0
STU-01068,19,Female,Medium,77.14,72.07,0.658,9,3.97,0,0,0,3.06,2,0
STU-01069,22,Female,Low,83.38,78.13,0.874,7,6.32,1,1,1,4.47,2,0
STU-01070,21,Female,Medium,72.25,78.94,0.927,11,6.04,0,0,0,14.16,2,0
STU-01071,19,Male,High,70.88,80.08,0.814,10,2.3,3,0,1,10.7,2,0
STU-01072,20,Female,Medium,90.05,77.54,0.833,9,6.14,3,1,0,6.77,2,0
STU-01073,20,Female,Medium,94.2,78.5,0.919,12,5.08,2,0,1,11.95,1,0
STU-01074,24,Female,High,89.63,73.85,0.701,9,3.66,1,0,0,13.73,1,0
STU-01075,19,Male,High,76.11,75.78,0.749,8,4.03,1,1,0,24.4,1,0
STU-01076,19,Male,Medium,73.86,54.04,0.608,7,4.3,0,0,0,11.49,1,0
STU-01077,18,Male,Medium,74.49,70.98,0.646,8,2.03,1,0,0,13.33,2,0
STU-01078,17,Female,Medium,91.79,100.0,1.0,12,6.17,3,0,0,3.62,1,0
STU-01079,21,Female,Medium,72.92,54.97,0.505,5,3.39,2,1,0,9.52,2,0
STU-01080,21,Male,Medium,91.72,80.6,0.788,12,6.9,1,0,0,7.17,0,0
STU-01081,23,Female,Low,87.01,77.74,0.986,11,4.98,2,1,1,13.61,0,0
STU-01082,23,Female,High,96.86,88.31,0.624,9,6.82,2,0,0,13.1,2,0
STU-01083,26,Male,High,94.94,72.66,0.738,10,5.97,2,1,0,12.79,0,0
STU-01084,20,Female,High,89.22,84.73,0.738,8,5.13,1,1,0,15.89,3,1
STU-01085,20,Female,High,67.09,63.61,0.633,5,5.63,2,1,0,10.16,3,0
STU-01086,18,Male,Medium,88.71,63.31,0.486,7,7.04,0,0,1,3.89,2,0
STU-01087,22,Male,Medium,83.27,84.49,0.77,6,4.72,0,0,1,10.91,0,0
STU-01088,21,Female,Medium,77.89,79.04,0.77,7,3.73,1,0,0,13.48,1,0
STU-01089,22,Female,Medium,96.98,71.89,0.734,7,6.11,3,0,0,13.79,2,0
STU-01090,18,Male,Medium,80.34,68.12,0.78,12,2.92,1,0,0,4.94,2,0
STU-01091,21,Female,Low,74.18,62.0,0.34,5,1.41,0,1,1,1.02,1,0
STU-01092,21,Female,Medium,94.36,63.86,0.62,10,6.86,1,1,1,17.95,3,0
STU-01093,21,Male,Low,75.54,76.09,0.721,11,5.31,1,1,0,4.58,3,0
STU-01094,19,Male,Low,73.63,75.54,0.729,10,3.24,3,1,1,6.24,3,0
STU-01095,23,Non-binary,Medium,69.6,65.08,0.65,8,8.4,5,1,0,5.39,0,0
STU-01096,25,Female,Medium,72.98,69.75,0.587,8,2.03,0,1,0,8.14,1,0
STU-01097,18,Female,Low,71.92,67.87,0.485,8,4.45,2,1,1,5.46,2,0
STU-01098,22,Male,High,90.08,82.43,0.823,14,4.37,0,1,0,7.62,2,0
STU-01099,17,Male,High,72.04,57.85,0.464,9,6.02,1,0,0,3.58,1,0
STU-01100,22,Female,Low,59.56,65.68,0.699,9,2.98,2,0,1,16.52,0,0
STU-01101,17,Male,Low,83.34,60.45,0.493,13,3.73,1,1,1,10.46,0,0
STU-01102,19,Female,Medium,75.03,77.83,0.84,10,2.33,2,0,0,7.57,3,0
STU-01103,18,Male,Medium,81.82,63.63,0.627,11,7.4,1,1,0,0.66,4,0
STU-01104,20,Male,High,97.36,70.48,0.695,11,4.54,3,0,0,3.04,0,0
STU-01105,22,Female,Low,80.79,70.7,0.665,10,5.24,1,0,1,11.91,2,0
STU-01106,17,Non-binary,Medium,98.61,81.83,0.743,8,5.62,1,0,0,3.44,1,0
STU-01107,20,Non-binary,Low,79.25,71.28,0.672,7,3.74,0,1,1,9.76,0,0
STU-01108,19,Female,Medium,93.08,70.75,0.837,9,2.55,1,1,1,5.6,1,0
STU-01109,24,Female,High,77.23,75.85,0.555,10,3.73,1,0,0,7.58,1,0
STU-01110,21,Male,Low,81.18,74.14,0.647,10,4.14,2,0,0,5.78,1,0
STU-01111,18,Female,Low,69.74,77.33,0.879,11,5.2,0,0,1,6.18,3,0
STU-01112,20,Female,Medium,73.04,71.91,0.804,9,7.66,0,0,0,11.68,4,0
STU-01113,24,Female,Medium,79.53,67.18,0.825,10,5.92,0,0,0,11.94,1,0
STU-01114,22,Male,High,68.64,56.22,0.562,9,4.89,1,0,0,8.13,1,0
STU-01115,19,Female,High,85.0,62.25,0.463,8,3.68,3,0,1,12.14,1,0
STU-01116,20,Male,Low,76.67,72.23,0.575,8,2.25,2,1,1,2.24,5,0
STU-01117,20,Female,Low,82.58,79.77,0.738,7,4.49,2,1,1,7.05,1,0
STU-01118,19,Female,Medium,67.55,58.52,0.68,8,2.99,1,1,1,5.06,1,1
STU-01119,17,Male,Low,87.72,76.86,0.718,9,4.97,0,1,1,4.92,1,0
STU-01120,19,Female,High,100.0,83.01,0.762,12,5.05,0,1,0,4.52,3,0
STU-01121,23,Female,Medium,98.35,89.39,0.905,13,3.77,1,0,1,15.22,1,0
STU-01122,20,Female,Low,100.0,88.86,0.856,11,7.81,2,1,1,2.94,0,0
STU-01123,20,Male,High,83.72,54.27,0.499,12,3.97,0,0,0,4.54,1,0
STU-01124,21,Female,Low,76.12,79.06,0.647,9,3.83,0,1,1,8.09,3,0
STU-01125,25,Female,Medium,87.36,79.46,0.885,12,4.02,0,0,0,4.75,2,0
STU-01126,21,Female,Medium,79.38,67.79,0.795,9,4.25,1,0,1,4.69,1,0
STU-01127,23,Female,Medium,62.86,60.14,0.476,5,1.94,5,1,0,5.26,3,0
STU-01128,19,Female,Medium,91.01,79.0,0.719,9,3.52,0,1,0,10.62,2,0
STU-01129,20,Male,Medium,79.42,68.08,0.752,12,5.01,1,0,0,15.83,4,0
STU-01130,21,Female,High,67.11,59.59,0.462,7,2.64,3,1,0,11.84,1,0
STU-01131,19,Female,High,77.66,66.95,0.706,8,5.6,2,1,0,23.22,2,0
STU-01132,20,Male,Medium,79.67,62.84,0.587,9,3.76,2,0,0,20.26,2,0
STU-01133,22,Male,Low,80.13,84.13,0.666,8,4.7,2,0,1,1.36,1,0
STU-01134,19,Female,Medium,82.26,75.04,0.946,12,5.65,1,0,0,15.44,2,0
STU-01135,21,Female,High,98.31,100.0,0.909,14,6.67,0,1,1,19.84,1,0
STU-01136,22,Female,Medium,67.83,71.27,0.763,9,3.11,1,0,0,10.31,0,0
STU-01137,19,Male,Medium,80.33,79.45,0.636,10,5.71,1,1,1,6.23,0,0
STU-01138,23,Female,Medium,72.33,59.1,0.78,11,2.9,3,1,0,3.48,4,0
STU-01139,21,Female,Low,93.82,75.05,0.966,11,6.17,3,0,1,11.21,3,0
STU-01140,20,Female,Medium,75.82,72.12,0.527,7,2.21,0,1,1,2.38,2,0
STU-01141,17,Female,Medium,78.22,66.17,0.636,8,4.18,0,0,1,7.8,1,0
STU-01142,20,Female,Medium,93.55,75.25,0.894,11,7.12,1,0,0,33.09,1,0
STU-01143,21,Female,High,97.82,87.91,0.788,11,6.5,0,0,0,1.95,0,0
STU-01144,24,Male,High,99.45,88.88,0.902,8,7.64,2,0,1,7.97,1,0
STU-01145,22,Male,Medium,63.93,52.31,0.333,6,2.32,2,0,0,13.8,2,0
STU-01146,23,Male,Medium,87.31,79.75,0.679,8,6.17,2,1,0,8.69,1,0
STU-01147,18,Male,Medium,84.97,81.32,0.824,11,4.29,0,1,0,11.34,3,0
STU-01148,20,Female,High,82.69,70.54,0.623,8,3.87,3,0,1,2.0,2,1
STU-01149,23,Male,Medium,82.73,67.79,0.626,8,4.71,0,1,0,22.67,1,0
STU-01150,19,Male,High,97.39,87.91,0.663,9,6.49,0,1,0,8.47,1,0
STU-01151,23,Male,Low,91.42,50.35,0.596,11,4.06,1,1,0,2.48,0,0
STU-01152,22,Male,High,93.12,81.47,0.628,11,5.97,0,0,0,13.34,1,0
STU-01153,21,Female,Low,82.28,88.04,1.0,11,6.03,0,0,0,22.31,2,0
STU-01154,20,Female,Low,100.0,54.24,0.47,11,5.27,1,1,1,5.77,1,0
STU-01155,18,Female,Medium,77.59,80.47,0.876,12,3.9,0,0,0,6.81,2,0
STU-01156,24,Female,Low,62.22,67.51,0.751,5,3.47,1,1,1,15.52,0,0
STU-01157,22,Female,Low,77.08,54.82,0.438,9,3.54,1,1,1,12.89,2,0
STU-01158,21,Female,Low,80.64,76.11,0.673,8,5.05,1,1,1,3.9,0,0
STU-01159,20,Female,Medium,96.34,91.26,0.819,8,4.62,1,0,1,1.0,0,0
STU-01160,21,Male,Medium,76.38,59.9,0.554,8,2.2,3,0,0,22.61,0,0
STU-01161,21,Male,Low,85.4,66.12,0.499,10,1.25,0,1,1,5.3,1,0
STU-01162,21,Male,Medium,65.75,66.82,0.725,11,5.12,1,0,0,2.8,2,0
STU-01163,22,Female,High,95.15,92.2,0.799,8,6.96,0,0,0,4.15,2,0
STU-01164,19,Male,Low,80.75,65.55,0.636,10,1.66,1,1,0,17.87,2,0
STU-01165,17,Male,Low,76.91,68.7,0.798,13,4.92,0,1,1,0.22,3,1
STU-01166,21,Male,High,100.0,78.1,0.828,14,5.42,0,1,0,15.25,2,0
STU-01167,17,Male,High,95.02,82.6,0.724,4,7.1,1,0,0,10.34,2,0
STU-01168,20,Female,Medium,70.56,79.34,0.895,13,4.54,2,0,0,6.06,1,0
STU-01169,19,Female,High,82.05,77.19,0.831,11,5.92,3,0,0,8.04,1,0
STU-01170,22,Male,Low,100.0,76.63,0.662,6,4.82,4,1,1,12.34,3,0
STU-01171,25,Non-binary,Medium,100.0,82.67,0.737,9,4.7,1,0,0,5.54,1,0
STU-01172,17,Female,Medium,92.15,71.23,0.819,12,6.64,1,0,1,4.15,3,0
STU-01173,25,Female,Low,59.68,50.9,0.616,8,4.97,1,0,0,11.85,4,0
STU-01174,20,Female,Medium,96.65,93.43,0.712,9,3.65,0,1,0,8.73,3,0
STU-01175,21,Female,Medium,75.01,87.38,0.719,9,6.08,0,0,1,18.66,2,0
STU-01176,18,Non-binary,Medium,96.56,63.43,0.715,11,4.07,4,0,0,17.62,4,0
STU-01177,23,Male,Medium,74.05,76.37,0.603,7,0.8,1,1,1,6.07,2,0
STU-01178,21,Female,Medium,87.38,85.53,0.92,10,5.69,4,1,0,7.27,2,0
STU-01179,20,Female,Low,72.96,55.1,0.791,11,5.33,1,1,0,16.91,1,0
STU-01180,17,Female,Low,76.0,63.96,0.681,8,2.28,1,0,0,13.93,2,0
STU-01181,21,Female,Medium,88.84,71.87,0.594,7,1.92,2,1,1,10.6,1,0
STU-01182,22,Male,Low,65.49,82.65,0.82,7,3.68,0,0,1,15.68,0,0
STU-01183,20,Male,Low,100.0,96.72,1.0,9,5.62,1,1,0,2.19,1,0
STU-01184,23,Male,Low,68.7,55.96,0.579,7,5.66,0,0,0,10.52,1,0
STU-01185,23,Female,Low,68.09,50.29,0.575,5,3.72,3,1,1,3.65,1,0
STU-01186,19,Male,High,90.13,87.74,0.747,10,6.27,2,0,0,13.2,2,0
STU-01187,24,Male,Medium,96.21,86.62,0.746,12,5.81,1,0,0,10.4,0,0
STU-01188,21,Female,High,79.69,87.44,0.949,8,7.62,0,0,1,15.22,1,0
STU-01189,21,Male,Low,68.21,54.35,0.467,7,2.12,1,0,0,17.91,2,0
STU-01190,21,Male,Medium,71.85,76.73,0.437,7,3.31,0,0,0,2.62,2,0
STU-01191,21,Male,Medium,70.67,61.6,0.579,7,1.64,1,0,0,10.63,0,1
STU-01192,17,Female,Medium,85.39,82.22,0.833,12,6.44,0,0,0,4.9,1,0
STU-01193,20,Female,High,82.48,75.97,0.868,8,6.85,1,0,0,12.34,4,0
STU-01194,18,Male,High,87.93,97.96,1.0,9,7.18,0,0,1,4.73,1,0
STU-01195,24,Female,High,87.26,83.11,0.813,8,5.15,2,0,0,5.03,3,0
STU-01196,24,Female,Low,89.07,71.81,0.783,12,3.23,2,1,0,8.46,1,0
STU-01197,22,Male,Low,75.49,69.81,0.702,8,4.32,0,1,1,2.52,4,0
STU-01198,20,Female,Medium,73.88,69.46,0.726,12,3.5,0,0,0,3.69,2,0
STU-01199,18,Female,Low,81.72,59.88,0.578,9,5.62,0,1,0,11.29,2,0
STU-01200,19,Non-binary,Medium,81.4,93.32,0.938,12,4.87,0,0,0,20.75,1,0
STU-01201,25,Male,Medium,84.78,91.68,0.79,9,4.51,2,1,1,1.39,1,0
STU-01202,19,Male,Medium,74.17,68.84,0.916,8,8.11,2,1,1,4.49,1,0
STU-01203,17,Male,High,90.31,87.1,0.55,9,5.74,0,1,1,9.9,1,0
STU-01204,23,Female,Medium,69.04,88.65,0.919,8,6.36,1,0,1,1.74,1,0
STU-01205,24,Female,Low,75.16,80.64,0.82,6,4.09,0,1,1,6.23,1,0
STU-01206,24,Male,Low,92.42,73.49,0.764,12,3.86,3,0,1,9.16,1,0
STU-01207,23,Female,Medium,69.56,67.51,0.525,8,5.1,1,0,1,7.51,0,0
STU-01208,23,Female,Medium,93.55,62.73,0.424,8,6.46,0,0,0,5.28,0,0
STU-01209,21,Female,Low,64.5,70.91,0.769,9,2.36,0,1,0,2.21,1,0
STU-01210,17,Male,Medium,64.56,78.42,0.923,9,3.93,0,1,0,29.56,1,0
STU-01211,21,Female,Medium,65.57,78.97,0.793,11,3.01,1,0,1,4.32,0,0
STU-01212,22,Male,High,84.53,84.34,0.91,11,6.19,0,0,0,12.94,1,0
STU-01213,20,Female,Medium,90.03,81.74,0.736,9,6.73,1,0,1,11.47,1,0
STU-01214,20,Male,Medium,96.22,71.21,0.739,11,4.98,2,0,0,6.28,0,0
STU-01215,18,Female,Low,93.34,80.2,0.924,10,5.44,0,1,0,5.37,0,0
STU-01216,18,Female,Medium,91.49,72.6,0.674,10,2.33,2,1,1,2.37,1,0
STU-01217,24,Male,Medium,72.85,75.22,0.876,11,3.55,2,1,0,14.33,3,0
STU-01218,24,Male,Medium,72.75,62.28,0.425,6,5.55,2,0,0,15.17,1,0
STU-01219,20,Female,Medium,90.67,83.71,0.734,8,5.92,4,0,0,6.5,2,0
STU-01220,21,Female,Low,95.63,91.34,0.94,10,7.41,1,1,0,4.57,1,0
STU-01221,18,Female,Low,68.66,68.93,0.908,9,4.28,4,1,0,3.37,4,0
STU-01222,22,Female,Low,94.23,80.72,0.784,12,5.17,0,0,0,6.89,3,0
STU-01223,24,Male,High,62.13,75.7,0.614,5,3.59,0,1,0,3.87,1,0
STU-01224,17,Female,Medium,86.29,94.12,1.0,10,6.34,0,0,0,8.41,2,0
STU-01225,21,Male,Low,78.86,68.98,0.665,8,6.4,2,0,0,9.32,3,0
STU-01226,22,Female,High,81.0,80.84,0.863,13,4.26,2,0,0,9.37,1,0
STU-01227,22,Male,Medium,82.34,89.64,0.819,11,4.93,1,0,0,3.47,1,0
STU-01228,24,Female,Medium,72.61,76.55,0.763,9,3.4,0,1,0,3.77,0,0
STU-01229,25,Female,High,88.16,59.04,0.526,11,1.69,3,0,0,6.44,2,0
STU-01230,20,Female,Low,80.67,63.76,0.905,7,6.62,1,1,0,14.11,1,0
STU-01231,22,Male,Low,90.29,83.05,0.945,14,8.33,1,0,0,9.34,0,0
STU-01232,21,Male,Medium,99.49,78.76,0.977,9,7.48,0,0,0,3.25,0,0
STU-01233,19,Male,Low,81.4,85.67,0.73,11,5.12,2,1,0,9.54,1,0
STU-01234,21,Female,Medium,72.99,88.62,0.632,9,6.7,0,0,1,12.06,2,0
STU-01235,22,Female,Low,67.48,58.69,0.555,8,4.26,2,1,1,15.63,3,1
STU-01236,21,Female,Low,98.68,69.24,0.984,13,7.51,0,1,1,5.08,2,0
STU-01237,19,Female,Low,97.27,75.28,0.696,12,5.6,2,1,1,7.81,2,0
STU-01238,20,Male,Medium,91.76,74.86,0.857,10,6.08,0,0,1,3.67,1,0
STU-01239,20,Male,Low,80.66,86.28,0.707,8,4.51,1,1,1,2.88,2,0
STU-01240,19,Male,Low,88.97,64.55,0.542,9,5.7,2,1,1,13.77,1,0
STU-01241,21,Male,High,97.6,91.02,0.862,10,4.42,0,1,1,3.81,0,0
STU-01242,21,Female,Medium,75.2,84.98,1.0,10,5.97,1,0,0,7.63,0,0
STU-01243,23,Female,Medium,82.33,82.71,0.931,12,4.29,0,0,0,10.74,1,0
STU-01244,19,Male,Low,67.83,69.12,0.435,8,3.96,0,0,0,8.45,1,0
STU-01245,19,Female,Medium,80.58,72.06,0.787,10,8.29,0,0,1,2.11,0,0
STU-01246,24,Female,Low,96.99,97.24,0.788,9,6.67,0,1,1,6.57,3,0
STU-01247,20,Male,Medium,93.86,77.6,0.673,10,6.82,1,0,0,11.83,1,0
STU-01248,21,Non-binary,Low,81.49,80.8,0.844,7,6.43,0,1,0,6.63,1,0
STU-01249,20,Male,High,53.62,60.9,0.777,6,0.44,2,1,0,6.86,1,0
STU-01250,23,Female,High,76.04,54.83,0.719,10,4.34,1,0,0,13.07,2,0
STU-01251,23,Male,Low,81.13,68.44,0.715,11,5.37,1,0,1,11.15,0,0
STU-01252,23,Female,Low,77.62,67.9,0.712,9,1.65,3,1,1,5.16,1,0
STU-01253,21,Female,Low,80.36,69.34,0.844,10,4.72,3,1,1,18.12,2,0
STU-01254,19,Female,Medium,84.67,69.04,0.491,9,4.07,1,0,0,3.96,0,0
STU-01255,25,Male,Low,74.13,74.04,0.943,11,3.43,1,1,0,4.95,3,0
STU-01256,22,Male,High,83.17,84.04,0.722,9,3.5,1,0,0,7.55,1,0
STU-01257,20,Male,Medium,80.36,70.51,0.724,7,6.61,1,0,1,10.76,2,1
STU-01258,23,Female,High,75.51,69.85,0.628,9,0.0,0,0,0,16.39,2,0
STU-01259,19,Male,Medium,100.0,72.49,0.572,13,5.51,3,1,0,5.09,2,0
STU-01260,23,Female,High,78.01,76.74,0.803,8,6.51,0,1,1,7.74,3,0
STU-01261,24,Male,Low,55.2,72.48,0.739,8,3.61,0,1,1,18.15,0,0
STU-01262,19,Female,Medium,100.0,96.79,0.909,10,8.18,1,1,0,13.69,2,0
STU-01263,22,Female,Medium,72.69,63.9,0.617,13,3.45,1,0,0,9.65,0,0
STU-01264,22,Male,High,93.15,100.0,1.0,9,4.92,1,0,0,8.44,1,0
STU-01265,26,Female,Medium,74.51,67.14,0.927,9,5.11,2,0,0,1.89,3,0
STU-01266,19,Male,High,89.51,69.56,0.835,9,4.97,3,0,0,10.64,2,0
STU-01267,24,Female,Low,79.47,56.73,0.607,6,3.52,2,1,0,5.4,2,0
STU-01268,21,Male,High,94.25,71.23,0.503,7,4.4,1,0,0,14.85,6,0
STU-01269,18,Female,Medium,79.65,76.57,0.821,10,3.9,2,1,0,8.19,2,0
STU-01270,20,Female,Medium,74.79,68.33,0.755,10,3.41,2,0,0,2.47,1,0
STU-01271,21,Female,High,86.08,71.75,0.796,9,3.65,1,1,0,3.26,0,0
STU-01272,18,Female,Medium,77.79,63.87,0.498,11,4.48,0,0,0,24.99,3,0
STU-01273,21,Male,Medium,60.78,53.31,0.646,4,2.2,1,0,0,11.11,2,0
STU-01274,23,Female,Medium,75.38,62.29,0.809,7,3.04,1,0,0,4.94,3,0
STU-01275,21,Female,Low,100.0,90.35,0.748,9,4.19,0,1,1,8.5,1,0
STU-01276,19,Male,Medium,61.96,82.78,0.882,9,4.7,0,0,1,6.4,4,0
STU-01277,20,Female,Low,82.65,90.52,0.77,9,5.92,2,0,1,14.71,0,0
STU-01278,20,Male,Low,77.33,76.19,0.73,9,5.67,0,1,1,11.92,2,0
STU-01279,21,Male,High,100.0,79.83,0.66,11,5.71,3,0,1,32.77,3,0
STU-01280,23,Female,Medium,69.78,61.82,0.575,11,4.53,2,1,1,9.33,0,0
STU-01281,21,Male,Medium,83.11,82.46,0.756,11,4.88,1,1,1,2.87,0,0
STU-01282,18,Female,Medium,89.55,75.52,0.786,10,5.98,1,1,0,1.32,0,0
STU-01283,19,Female,Medium,80.03,77.53,0.861,9,5.77,0,0,1,0.8,1,0
STU-01284,21,Female,Medium,73.56,89.61,1.0,12,4.29,3,0,0,13.83,0,0
STU-01285,23,Male,High,83.01,78.76,0.687,13,3.23,2,0,0,8.09,2,0
STU-01286,23,Male,High,79.85,97.85,0.974,11,7.4,1,1,1,6.41,1,0
STU-01287,24,Male,Medium,78.56,61.44,0.483,7,4.05,3,0,0,3.5,3,0
STU-01288,21,Non-binary,Medium,92.24,83.75,0.795,10,6.97,1,0,1,7.09,3,0
STU-01289,22,Female,Medium,86.43,79.62,0.778,11,3.64,4,1,1,11.86,1,0
STU-01290,17,Male,Medium,88.07,67.43,0.556,8,3.97,2,1,0,6.52,0,0
STU-01291,21,Male,Medium,85.63,84.12,0.879,11,3.54,3,0,0,15.4,1,0
STU-01292,18,Male,Medium,92.56,94.74,0.885,11,6.7,1,0,1,21.34,0,0
STU-01293,20,Male,Medium,96.35,100.0,0.968,13,5.37,2,1,0,8.51,0,0
STU-01294,27,Non-binary,Medium,78.85,76.96,0.896,8,4.44,0,0,0,6.07,1,0
STU-01295,21,Female,Medium,91.01,59.69,0.548,6,7.39,1,0,0,5.67,1,0
STU-01296,19,Male,Medium,67.74,72.29,0.811,8,5.38,2,0,1,8.2,2,0
STU-01297,21,Male,Low,55.22,66.12,0.828,8,4.85,0,1,0,8.45,2,0
STU-01298,19,Male,Low,100.0,77.85,0.923,8,4.57,2,1,1,9.35,1,0
STU-01299,18,Female,Medium,78.33,74.75,0.707,8,1.99,1,1,0,1.85,3,0
STU-01300,25,Non-binary,Medium,84.78,70.86,0.579,11,5.83,4,0,1,9.1,1,0
STU-01301,23,Female,Low,66.52,62.79,0.541,9,0.39,3,0,1,8.95,0,0
STU-01302,21,Male,Medium,68.02,77.82,0.566,8,2.97,0,1,0,11.59,2,0
STU-01303,20,Male,Medium,74.16,84.49,0.897,7,3.87,1,0,0,12.81,1,0
STU-01304,20,Female,Low,87.07,61.29,0.703,12,3.67,0,1,0,16.11,2,0
STU-01305,24,Male,High,77.57,68.87,0.693,8,3.89,1,0,0,9.62,0,0
STU-01306,21,Female,High,79.56,59.05,0.428,8,2.27,0,1,0,12.89,2,0
STU-01307,17,Male,Medium,73.81,88.81,0.808,10,3.01,0,0,0,9.69,0,0
STU-01308,26,Male,Medium,94.82,89.22,1.0,11,6.62,2,0,0,15.91,2,0
STU-01309,21,Female,Low,89.55,55.18,0.633,12,6.35,4,1,1,7.28,5,1
STU-01310,21,Male,High,77.92,73.51,0.813,10,2.48,2,1,0,5.02,2,0
STU-01311,23,Female,Medium,89.53,75.14,1.0,11,6.3,2,0,0,7.94,0,0
STU-01312,21,Male,High,80.55,67.86,0.709,9,5.45,3,1,1,18.29,0,0
STU-01313,22,Male,Medium,78.29,82.94,0.542,9,4.68,2,0,0,5.29,3,0
STU-01314,20,Female,Low,79.45,80.47,0.648,8,4.14,1,1,0,18.06,0,0
STU-01315,18,Male,Low,87.08,76.69,0.784,10,4.39,1,1,1,9.94,5,0
STU-01316,21,Male,Medium,72.19,63.23,0.632,8,5.13,3,0,0,13.75,0,0
STU-01317,24,Male,Medium,87.53,70.68,0.674,8,5.36,2,0,1,10.58,2,0
STU-01318,19,Male,Low,100.0,80.64,0.763,9,3.09,1,1,1,8.38,1,0
STU-01319,19,Male,Medium,84.01,70.76,0.601,8,4.19,2,1,0,4.98,2,0
STU-01320,23,Male,High,83.64,76.84,0.793,9,5.18,0,1,0,30.84,0,0
STU-01321,20,Female,Medium,81.07,79.5,0.939,13,3.92,0,0,0,2.25,0,0
STU-01322,20,Female,Medium,87.26,61.55,0.823,12,5.02,4,0,0,15.08,1,0
STU-01323,20,Male,Low,62.29,54.52,0.759,8,4.72,2,1,0,1.59,2,0
STU-01324,20,Female,Medium,100.0,82.66,0.684,9,4.33,0,1,1,20.19,0,0
STU-01325,17,Male,Medium,92.79,95.19,0.905,11,6.2,1,1,0,11.87,3,0
STU-01326,19,Female,High,76.16,81.76,0.753,12,3.25,0,1,1,3.93,0,0
STU-01327,21,Male,Medium,82.35,74.49,0.799,11,3.33,1,1,0,4.2,2,0
STU-01328,21,Male,Medium,75.87,75.44,0.726,6,5.4,1,0,0,7.96,1,0
STU-01329,23,Female,Low,83.29,71.16,0.672,11,6.34,1,1,1,1.46,1,0
STU-01330,24,Female,Low,80.67,81.7,0.965,12,3.86,2,0,0,15.74,0,0
STU-01331,24,Female,Medium,84.51,79.9,0.787,14,6.45,1,0,0,4.64,1,0
STU-01332,22,Male,Medium,70.69,81.72,0.805,8,4.54,3,0,1,2.54,1,0
STU-01333,20,Male,Medium,76.7,58.26,0.636,9,1.19,1,0,0,14.07,0,0
STU-01334,19,Female,High,95.86,74.7,0.811,11,3.7,3,1,0,1.19,6,0
STU-01335,21,Male,High,77.38,76.64,0.828,8,5.78,1,1,1,7.34,2,0
STU-01336,22,Female,High,54.17,67.69,0.855,7,1.7,0,1,1,3.32,0,0
STU-01337,22,Female,Low,78.34,93.81,0.741,10,3.83,1,1,0,10.35,3,0
STU-01338,22,Female,Medium,100.0,64.92,0.683,7,5.37,2,0,0,15.95,1,0
STU-01339,20,Female,High,92.59,80.86,0.771,8,6.06,1,0,0,1.41,1,0
STU-01340,22,Male,Medium,75.57,70.5,0.657,10,4.56,2,1,0,16.05,2,0
STU-01341,23,Male,Low,79.44,72.71,0.803,10,7.14,0,1,0,6.61,1,0
STU-01342,22,Male,High,90.73,97.63,1.0,13,4.94,0,1,0,2.97,3,0
STU-01343,20,Male,Medium,62.68,73.85,0.651,9,3.84,0,0,0,2.8,2,0
STU-01344,19,Female,Medium,72.58,53.8,0.75,9,5.1,2,1,0,6.64,0,0
STU-01345,19,Female,High,87.63,94.15,0.727,12,6.07,0,1,0,1.19,1,0
STU-01346,19,Male,Medium,99.54,97.84,1.0,10,7.95,1,0,0,6.42,4,0
STU-01347,21,Male,Medium,77.17,74.67,0.622,8,3.66,0,1,1,7.09,2,0
STU-01348,22,Male,Medium,99.24,66.46,0.581,10,6.04,0,0,0,10.89,0,0
STU-01349,18,Male,Medium,73.7,68.86,0.686,9,3.02,0,1,0,15.04,0,0
STU-01350,19,Male,Low,42.76,57.41,0.531,6,2.32,1,0,0,11.58,4,1
STU-01351,21,Male,Medium,90.18,88.25,0.504,6,5.17,1,0,0,18.41,1,0
STU-01352,19,Male,High,89.19,61.86,0.691,9,6.39,0,0,0,3.39,0,0
STU-01353,21,Male,Low,88.1,66.8,0.754,10,5.98,1,0,0,9.93,2,0
STU-01354,20,Female,Medium,89.67,89.02,0.835,10,5.63,0,1,0,10.54,1,0
STU-01355,19,Female,High,85.36,92.74,0.858,9,5.27,1,0,0,18.14,3,0
STU-01356,21,Male,Low,77.15,73.54,0.675,10,5.2,1,0,0,10.43,2,0
STU-01357,21,Female,Medium,79.57,84.68,0.611,6,7.4,1,0,0,4.23,6,0
STU-01358,19,Male,Medium,76.94,76.48,0.527,9,5.14,2,0,1,7.48,2,0
STU-01359,20,Male,Medium,77.6,81.88,0.888,13,5.67,3,0,0,10.03,2,0
STU-01360,21,Female,Low,60.08,62.49,0.751,7,1.99,3,1,1,2.02,1,0
STU-01361,19,Female,Medium,68.64,72.75,0.784,9,3.22,1,0,1,19.71,0,0
STU-01362,17,Male,Medium,80.2,61.28,0.658,8,4.06,1,1,1,7.58,2,0
STU-01363,17,Male,Medium,57.35,69.75,0.78,8,5.15,0,0,0,25.38,0,0
STU-01364,20,Female,Low,57.91,47.48,0.579,6,1.95,0,1,1,2.34,1,0
STU-01365,18,Male,Medium,78.32,79.81,0.68,12,5.4,1,1,0,3.57,1,0
STU-01366,20,Female,Medium,80.59,69.29,0.709,10,4.86,3,1,0,10.8,2,0
STU-01367,24,Female,Low,76.55,72.65,0.676,8,4.91,2,0,0,5.72,1,0
STU-01368,18,Female,Low,53.82,48.51,0.468,5,2.42,3,1,1,14.61,1,1
STU-01369,20,Male,Low,97.08,73.76,0.858,11,5.08,1,0,1,8.0,1,0
STU-01370,25,Male,Medium,66.2,70.46,0.882,5,3.24,3,0,0,7.71,2,0
STU-01371,21,Male,Low,71.0,73.82,0.44,10,4.26,1,1,0,7.49,3,0
STU-01372,20,Female,High,69.37,80.99,0.754,8,4.23,0,1,1,2.61,1,0
STU-01373,20,Non-binary,Medium,96.29,69.72,0.649,10,3.7,0,0,0,8.15,1,0
STU-01374,21,Male,High,87.89,63.92,0.775,10,5.55,1,1,0,3.38,0,0
STU-01375,24,Female,High,78.04,64.46,0.466,10,8.6,1,0,0,26.04,1,0
STU-01376,19,Female,Low,74.02,57.07,0.218,8,2.54,2,1,0,0.94,1,0
STU-01377,19,Female,Medium,83.98,90.98,0.97,11,8.0,0,0,0,8.95,1,0
STU-01378,18,Male,High,69.54,83.53,0.922,11,1.26,0,0,1,9.75,1,0
STU-01379,21,Female,Medium,86.19,66.4,0.443,8,3.72,0,0,1,10.87,2,1
STU-01380,18,Female,Medium,75.96,88.57,0.835,13,6.23,0,0,0,12.9,0,0
STU-01381,20,Male,Medium,87.72,89.91,1.0,11,5.97,1,0,1,1.65,0,0
STU-01382,19,Male,Low,85.34,56.87,0.445,9,3.17,1,0,1,10.01,2,0
STU-01383,23,Male,Medium,75.47,60.92,0.622,7,4.15,1,0,0,7.16,2,0
STU-01384,19,Male,High,60.67,49.28,0.569,7,4.73,1,0,0,6.39,1,0
STU-01385,21,Female,High,80.53,74.54,0.557,9,7.21,1,0,1,14.04,1,0
STU-01386,17,Male,Low,64.06,63.12,0.561,8,4.97,3,1,0,16.98,1,0
STU-01387,21,Female,Medium,82.86,74.93,0.529,12,3.51,1,0,0,2.24,0,0
STU-01388,18,Female,Medium,79.18,52.74,0.519,8,3.7,0,1,1,7.55,4,0
STU-01389,20,Non-binary,High,76.78,59.33,0.501,9,3.54,0,1,1,12.43,2,0
STU-01390,25,Female,Low,65.75,66.36,0.682,6,2.73,1,1,0,8.09,2,0
STU-01391,22,Female,High,96.3,89.2,0.932,15,5.9,0,1,0,16.14,1,0
STU-01392,20,Male,High,78.26,54.12,0.717,7,4.23,0,0,1,4.11,1,0
STU-01393,27,Female,Low,100.0,67.39,0.946,15,4.65,5,1,0,15.26,3,0
STU-01394,19,Female,Low,80.38,81.01,0.809,9,6.18,1,1,0,5.76,5,0
STU-01395,23,Male,High,87.12,66.32,0.619,5,5.29,0,0,0,3.33,2,0
STU-01396,17,Male,Low,80.43,70.66,0.649,11,3.6,0,1,0,8.14,3,0
STU-01397,20,Male,Medium,85.76,62.97,0.512,9,4.5,2,0,1,6.67,0,0
STU-01398,18,Female,High,95.27,90.79,0.923,10,4.69,4,0,0,2.02,0,0
STU-01399,21,Male,Medium,94.15,60.02,0.543,11,4.0,1,0,1,7.62,4,0
STU-01400,21,Male,Medium,62.57,61.99,0.681,9,4.76,1,0,0,13.65,0,0
STU-01401,20,Female,Medium,91.41,88.28,0.736,11,5.93,2,1,0,17.67,3,0
STU-01402,23,Female,Low,85.47,79.33,0.714,11,4.21,1,0,1,12.38,2,0
STU-01403,19,Female,High,83.64,72.26,0.76,10,5.43,1,0,0,3.87,6,0
STU-01404,21,Male,Medium,100.0,76.01,0.726,11,5.52,1,0,0,9.63,2,0
STU-01405,22,Female,Low,99.28,77.53,0.524,9,3.55,1,1,1,1.74,4,0
STU-01406,17,Male,Low,89.95,62.48,0.622,11,4.6,3,0,1,11.31,0,0
STU-01407,19,Non-binary,High,77.27,72.84,0.617,8,4.86,4,0,0,10.64,2,0
STU-01408,21,Female,Low,66.88,63.47,0.774,7,4.71,3,1,1,3.83,1,0
STU-01409,22,Male,High,91.55,76.51,0.862,10,3.31,0,1,0,5.64,0,0
STU-01410,23,Female,Medium,96.95,91.54,0.602,9,5.32,2,0,0,8.97,2,0
STU-01411,20,Female,High,60.93,55.29,0.657,10,3.68,1,0,0,10.55,0,0
STU-01412,20,Male,High,95.2,65.4,0.695,7,2.65,2,1,0,14.02,0,0
STU-01413,19,Female,High,80.45,70.11,0.512,10,2.93,0,1,0,1.71,2,0
STU-01414,21,Male,High,63.35,68.4,0.78,7,4.84,2,0,0,1.57,0,0
STU-01415,20,Male,Low,85.16,72.01,0.553,4,6.34,2,1,0,9.17,3,0
STU-01416,20,Female,Medium,92.0,77.65,0.893,8,3.5,2,0,0,12.11,3,0
STU-01417,20,Female,Medium,78.14,61.24,0.535,8,5.4,2,0,0,5.98,0,0
STU-01418,22,Female,Medium,70.37,58.95,0.41,8,0.65,1,0,0,5.51,2,0
STU-01419,19,Male,High,100.0,79.87,1.0,11,8.46,0,0,0,3.28,4,0
STU-01420,19,Male,High,75.89,67.51,0.481,6,3.42,0,0,0,12.77,2,0
STU-01421,21,Female,Medium,94.75,91.46,0.779,9,4.55,0,1,1,8.48,2,0
STU-01422,17,Male,Medium,65.36,69.01,0.607,6,4.18,5,1,0,10.31,1,0
STU-01423,19,Male,Medium,86.58,71.23,0.645,10,3.41,1,1,0,6.4,1,0
STU-01424,18,Male,Medium,86.26,87.36,0.923,10,6.36,2,0,0,5.73,3,0
STU-01425,23,Female,Medium,91.61,83.43,0.812,11,5.35,4,0,0,7.22,0,0
STU-01426,20,Female,Medium,98.42,68.67,0.798,7,0.45,0,0,0,6.72,1,0
STU-01427,19,Female,Low,71.05,33.89,0.419,7,2.2,3,1,0,16.81,3,0
STU-01428,20,Female,Low,85.73,60.09,0.402,12,4.21,0,1,0,2.98,4,0
STU-01429,19,Female,Medium,66.97,73.09,0.782,10,5.81,2,1,0,12.93,0,0
STU-01430,20,Female,Medium,66.84,76.0,0.769,8,4.73,1,0,1,4.63,1,0
STU-01431,21,Female,High,76.89,57.05,0.501,6,5.33,2,0,0,5.54,2,0
STU-01432,20,Female,Medium,86.5,83.11,1.0,12,4.64,1,0,0,9.15,2,0
STU-01433,20,Female,Low,98.45,85.66,0.898,13,7.12,2,0,0,11.9,1,0
STU-01434,18,Male,Low,100.0,94.15,1.0,9,7.54,0,1,0,6.49,0,0
STU-01435,18,Male,Low,76.1,78.23,0.877,7,2.75,1,1,0,2.76,1,0
STU-01436,21,Female,High,86.61,91.84,0.828,10,6.89,1,0,0,20.86,1,0
STU-01437,21,Male,Low,90.37,80.46,0.856,11,6.06,1,0,0,1.88,1,0
STU-01438,18,Female,Medium,90.42,82.95,0.839,11,5.16,0,0,1,2.9,1,1
STU-01439,22,Male,High,81.39,72.44,0.643,12,4.1,0,0,0,18.16,0,0
STU-01440,22,Male,High,84.09,85.31,0.675,7,3.29,1,1,0,15.18,1,0
STU-01441,23,Male,Low,78.79,56.69,0.576,9,5.07,1,1,0,19.17,0,0
STU-01442,21,Male,Low,77.71,68.11,0.743,10,5.1,2,1,1,4.61,3,1
STU-01443,22,Male,Low,76.24,74.2,0.727,10,5.37,1,0,0,3.64,4,0
STU-01444,25,Male,Low,78.68,84.05,0.789,8,4.98,1,1,1,13.77,1,0
STU-01445,20,Female,Low,75.54,63.68,0.637,8,4.53,0,1,1,2.69,2,0
STU-01446,18,Female,Medium,69.51,78.03,0.724,8,3.83,1,0,0,3.7,3,0
STU-01447,17,Male,High,92.74,79.29,0.955,14,7.54,3,0,0,1.97,2,0
STU-01448,24,Female,Medium,87.68,86.96,0.869,8,6.37,1,0,0,4.39,1,0
STU-01449,24,Male,Medium,100.0,74.99,0.674,9,5.7,0,1,0,3.25,0,0
STU-01450,19,Male,Low,84.06,79.81,0.557,10,4.18,0,0,0,2.38,2,0
STU-01451,19,Female,High,78.66,73.56,0.696,7,2.09,1,0,1,7.71,2,0
STU-01452,20,Female,Medium,75.11,59.2,0.526,9,1.08,2,1,0,5.33,4,0
STU-01453,23,Male,High,83.77,75.43,0.662,6,4.17,0,1,0,10.05,1,0
STU-01454,18,Female,High,89.33,92.85,1.0,11,7.8,2,0,0,2.83,2,0
STU-01455,17,Male,Medium,79.31,62.88,0.636,9,3.42,2,1,0,4.28,2,0
STU-01456,25,Male,Low,63.83,47.99,0.295,7,1.69,3,0,1,1.67,2,0
STU-01457,21,Female,Low,71.87,70.69,0.769,7,3.13,0,0,0,5.16,5,0
STU-01458,21,Male,Medium,82.2,57.68,0.392,9,1.95,1,0,0,13.74,2,1
STU-01459,20,Male,High,91.39,96.25,1.0,11,4.83,0,1,0,12.02,0,0
STU-01460,21,Male,Medium,65.66,81.9,0.735,11,4.5,1,1,0,6.61,1,0
STU-01461,17,Female,Medium,84.92,86.14,0.839,11,4.62,0,0,0,25.27,3,0
STU-01462,19,Male,Medium,84.43,75.42,0.733,7,4.19,0,0,0,1.76,3,0
STU-01463,21,Male,Low,75.03,84.86,0.8,8,3.86,2,1,1,15.0,2,0
STU-01464,17,Female,Medium,75.54,84.72,0.842,8,5.23,2,0,0,2.99,2,0
STU-01465,20,Male,Medium,73.9,65.15,0.656,9,4.77,0,0,0,6.97,3,0
STU-01466,20,Male,Medium,83.55,89.49,1.0,10,3.14,3,0,0,10.88,1,0
STU-01467,20,Female,Medium,94.4,71.19,0.726,10,4.31,1,1,0,3.93,1,0
STU-01468,19,Male,Low,93.18,74.95,0.761,15,5.3,1,1,0,4.58,2,0
STU-01469,18,Male,Medium,69.64,50.49,0.434,7,3.94,2,0,0,15.02,2,1
STU-01470,17,Male,Low,77.94,71.07,0.744,12,4.87,3,1,1,7.58,2,0
STU-01471,21,Female,High,59.12,62.18,0.498,7,4.21,2,0,1,1.97,1,0
STU-01472,20,Male,Low,81.2,66.65,0.798,5,3.03,1,1,1,5.45,2,0
STU-01473,18,Non-binary,Low,86.57,72.1,0.529,9,4.97,0,1,1,4.14,0,0
STU-01474,21,Male,Medium,99.28,76.86,0.647,12,8.21,1,0,1,1.52,2,0
STU-01475,20,Female,Medium,62.35,65.34,0.453,8,3.12,0,1,0,1.99,1,0
STU-01476,20,Female,Medium,70.03,81.45,0.839,9,4.76,2,0,1,8.93,2,0
STU-01477,17,Male,Medium,83.59,64.5,0.59,9,5.18,1,0,0,3.31,2,0
STU-01478,22,Female,High,65.45,76.79,0.83,8,3.64,0,1,0,26.66,1,1
STU-01479,18,Female,Medium,83.89,77.42,0.636,11,3.29,0,0,0,9.37,3,0
STU-01480,21,Female,Medium,88.85,81.39,0.852,9,5.6,3,0,0,13.89,2,0
STU-01481,19,Male,Medium,67.91,67.29,0.735,7,1.89,1,0,0,1.21,1,0
STU-01482,20,Female,Low,81.46,64.13,0.663,10,5.14,2,1,1,9.37,1,0
STU-01483,23,Male,Medium,68.67,72.41,0.713,8,4.96,2,0,0,7.89,1,0
STU-01484,22,Male,Low,95.13,83.05,0.819,13,3.46,1,0,1,10.46,0,0
STU-01485,23,Non-binary,Medium,84.27,67.45,0.557,10,4.6,0,0,0,0.54,2,0
STU-01486,21,Male,Low,72.96,53.84,0.419,6,3.12,1,0,1,21.97,2,0
STU-01487,21,Female,High,69.63,71.03,0.763,7,6.44,2,0,0,6.65,0,0
STU-01488,17,Male,Medium,86.28,83.96,0.766,9,6.97,1,1,0,6.62,0,0
STU-01489,20,Female,High,98.19,93.93,0.951,15,7.44,1,1,1,7.52,1,0
STU-01490,20,Non-binary,Medium,73.51,82.32,0.982,9,6.95,0,0,0,3.74,1,0
STU-01491,23,Female,Low,75.16,71.99,0.651,10,3.75,1,1,1,19.7,5,0
STU-01492,19,Male,High,74.98,70.11,0.618,6,4.51,2,1,1,0.93,2,0
STU-01493,21,Male,Medium,99.11,82.55,0.759,8,5.34,1,0,1,4.99,0,0
STU-01494,21,Female,Medium,61.0,51.85,0.536,7,1.86,2,1,0,5.14,4,0
STU-01495,23,Male,Medium,96.14,74.32,0.8,13,5.8,1,0,0,3.75,1,0
STU-01496,20,Female,Medium,77.85,71.84,0.701,7,4.43,0,0,1,6.06,4,0
STU-01497,22,Female,High,82.46,73.67,0.97,9,5.33,2,0,0,4.97,1,0
STU-01498,17,Female,Medium,78.25,73.48,0.769,11,4.7,4,0,0,3.19,0,0
STU-01499,17,Female,Medium,84.64,61.88,0.712,12,4.97,1,0,0,6.92,4,0
STU-01500,17,Male,Medium,73.97,58.99,0.589,9,5.26,0,0,0,7.98,0,0
STU-01501,22,Male,Medium,93.64,87.7,0.964,12,5.28,1,0,1,29.08,1,0
STU-01502,22,Female,High,95.34,74.18,0.7,8,3.54,1,0,0,3.14,2,0
STU-01503,22,Male,Medium,71.18,62.41,0.545,6,4.7,0,0,0,9.36,1,0
STU-01504,19,Male,Medium,89.34,78.83,0.874,8,6.82,0,0,0,9.18,1,0
STU-01505,19,Male,High,79.33,65.52,0.643,7,4.93,1,1,0,13.15,2,0
STU-01506,20,Female,Medium,82.57,85.7,0.855,10,3.66,0,1,0,11.82,2,0
STU-01507,24,Male,Medium,98.78,69.84,0.805,8,5.64,1,0,1,1.27,2,0
STU-01508,24,Female,Medium,74.59,70.82,0.712,9,4.84,0,0,0,5.83,5,0
STU-01509,22,Male,Low,90.19,68.01,0.653,9,3.45,1,1,0,2.92,2,0
STU-01510,21,Male,Medium,87.03,78.34,0.697,8,3.88,2,0,0,2.03,0,0
STU-01511,23,Male,Low,77.87,64.6,0.769,11,4.56,1,1,0,5.78,0,0
STU-01512,20,Female,Low,84.04,72.3,0.668,7,6.37,1,1,1,9.64,2,0
STU-01513,20,Female,Medium,84.73,87.88,0.838,12,5.61,1,0,0,17.94,2,0
STU-01514,20,Male,Medium,69.26,61.37,0.648,10,3.19,1,0,0,7.44,1,0
STU-01515,18,Female,High,76.58,66.55,0.693,7,4.18,0,1,1,3.43,0,0
STU-01516,20,Female,Low,68.5,61.92,0.74,11,3.32,1,1,1,8.11,0,0
STU-01517,18,Male,Low,76.96,83.88,0.801,7,4.25,2,0,1,10.25,0,0
STU-01518,23,Male,High,98.05,82.91,0.966,13,7.31,1,1,1,16.21,2,0
STU-01519,22,Female,Low,86.39,86.01,0.798,10,2.55,2,1,0,2.97,1,0
STU-01520,24,Female,Low,64.24,61.27,0.657,5,5.63,3,0,1,1.98,1,1
STU-01521,17,Non-binary,Low,76.99,81.05,0.763,7,7.77,1,0,1,8.55,3,0
STU-01522,24,Female,Medium,84.57,79.67,1.0,9,6.03,1,0,1,6.87,1,0
STU-01523,17,Female,High,91.43,86.18,0.787,12,4.27,0,0,0,5.42,2,0
STU-01524,18,Female,Medium,74.84,56.57,0.541,8,5.53,2,1,0,6.56,1,0
STU-01525,19,Female,Medium,68.39,51.98,0.546,8,4.01,2,0,0,3.04,2,0
STU-01526,23,Non-binary,Low,79.38,81.0,0.752,9,4.04,3,1,1,1.11,1,0
STU-01527,21,Female,Medium,88.26,87.94,0.882,6,4.23,0,0,0,11.6,2,0
STU-01528,20,Female,Medium,84.58,99.81,1.0,12,5.24,1,0,1,11.12,0,0
STU-01529,19,Male,Low,70.27,51.07,0.542,10,3.97,2,1,1,2.18,2,0
STU-01530,18,Female,Low,99.3,84.72,0.839,12,7.21,1,0,0,6.3,3,0
STU-01531,23,Female,Medium,80.91,63.6,0.606,8,4.78,2,0,0,10.72,2,0
STU-01532,22,Non-binary,Low,82.13,64.22,0.578,7,4.98,1,1,0,9.8,2,0
STU-01533,23,Male,Medium,74.72,65.84,0.664,7,3.82,0,1,0,3.84,3,0
STU-01534,21,Female,Medium,94.17,84.03,0.812,8,6.83,0,0,0,7.93,0,0
STU-01535,17,Female,Low,86.29,66.98,0.803,14,4.96,1,0,1,2.69,4,0
STU-01536,18,Female,Medium,85.46,76.36,0.629,9,7.23,0,0,0,12.39,3,0
STU-01537,21,Female,Medium,69.33,76.6,0.921,11,3.95,1,0,0,5.95,1,0
STU-01538,20,Male,Medium,94.03,91.42,0.857,12,6.33,2,0,0,8.17,3,0
STU-01539,19,Male,High,91.58,87.63,0.86,10,8.74,1,1,0,9.2,2,0
STU-01540,18,Male,Medium,93.16,84.24,0.685,8,6.64,2,1,0,6.01,0,0
STU-01541,22,Male,High,83.66,75.49,0.804,10,6.18,0,0,0,9.2,2,0
STU-01542,21,Female,Low,79.18,64.52,0.526,7,4.46,0,1,1,12.67,0,0
STU-01543,22,Male,Medium,80.0,78.79,0.81,10,5.07,1,0,0,3.01,2,0
STU-01544,19,Male,Low,100.0,69.69,0.719,8,5.36,1,0,0,14.67,2,0
STU-01545,21,Female,Medium,76.03,72.69,0.673,8,3.59,1,1,1,4.74,2,0
STU-01546,18,Male,Medium,68.95,57.34,0.331,7,0.81,2,0,0,9.55,3,1
STU-01547,20,Female,Low,75.89,68.22,0.932,12,6.1,1,0,1,5.88,2,0
STU-01548,17,Male,Medium,76.14,61.01,0.484,4,1.62,2,0,0,8.48,1,0
STU-01549,17,Male,Medium,95.86,77.01,0.782,14,6.53,0,0,0,13.94,2,0
STU-01550,20,Female,Low,65.08,56.68,0.485,6,2.85,1,1,0,6.92,2,0
STU-01551,25,Male,Low,73.83,59.67,0.725,9,3.1,2,1,1,9.1,0,0
STU-01552,17,Female,Medium,84.1,74.49,0.682,10,6.74,3,0,1,16.69,2,0
STU-01553,18,Male,Medium,95.95,56.82,0.484,10,2.64,1,0,0,4.87,4,0
STU-01554,21,Female,Medium,89.84,60.1,0.674,11,4.07,0,1,1,3.52,4,0
STU-01555,24,Female,Low,97.81,87.19,0.686,11,4.59,1,0,0,13.28,1,0
STU-01556,21,Female,Medium,85.8,77.66,0.706,13,5.13,0,0,0,6.14,0,0
STU-01557,22,Male,High,81.01,68.4,0.758,11,4.01,2,0,1,5.49,2,0
STU-01558,20,Female,Medium,91.41,88.62,1.0,10,8.16,1,1,0,14.8,1,0
STU-01559,19,Male,Medium,66.96,60.75,0.493,7,1.47,0,0,0,3.89,4,0
STU-01560,21,Female,High,64.44,61.88,0.545,7,9.16,2,1,0,9.63,0,0
STU-01561,19,Female,High,93.99,74.03,0.766,12,4.0,0,0,1,18.61,2,0
STU-01562,22,Female,Medium,84.32,94.54,0.662,12,8.85,0,0,1,2.78,0,0
STU-01563,17,Female,High,93.85,84.15,0.975,12,7.67,0,1,0,18.96,0,0
STU-01564,22,Male,High,73.87,74.17,0.605,3,3.91,0,0,0,5.18,2,0
STU-01565,21,Female,Medium,96.13,85.81,0.774,6,5.92,1,0,0,5.47,1,0
STU-01566,20,Male,Medium,89.37,59.37,0.628,9,4.3,1,0,0,1.89,5,0
STU-01567,17,Male,Low,79.66,64.5,0.647,9,4.94,1,0,0,8.38,2,0
STU-01568,18,Male,Low,82.28,76.24,0.627,9,3.48,0,0,1,3.05,2,0
STU-01569,23,Male,Medium,85.82,76.15,0.949,12,6.69,0,0,0,9.92,2,0
STU-01570,20,Male,Medium,72.58,91.89,0.57,10,4.14,0,0,1,6.49,2,0
STU-01571,21,Male,Medium,77.76,66.98,0.528,9,2.6,1,0,0,8.28,3,0
STU-01572,19,Male,Medium,85.64,85.54,0.747,7,5.64,0,0,0,10.93,0,0
STU-01573,20,Male,Medium,77.32,80.18,0.663,7,4.91,0,0,0,22.06,0,0
STU-01574,18,Male,High,67.09,70.38,0.838,9,3.5,1,0,0,6.98,1,0
STU-01575,21,Female,Low,83.24,75.4,0.537,9,3.66,3,1,0,10.0,1,0
STU-01576,21,Male,Low,89.2,72.11,0.894,8,6.39,3,1,0,9.01,2,0
STU-01577,21,Female,Medium,93.75,60.27,0.571,11,6.37,2,0,0,8.19,1,0
STU-01578,19,Male,High,89.11,83.01,0.639,6,4.65,1,0,1,2.21,2,0
STU-01579,20,Non-binary,High,92.25,85.31,0.57,5,6.08,1,0,1,3.68,2,0
STU-01580,22,Male,High,94.11,87.78,0.817,9,7.28,1,0,1,2.37,1,0
STU-01581,20,Male,High,84.13,77.76,0.672,12,6.56,2,0,0,17.41,2,0
STU-01582,20,Male,Medium,58.69,72.88,0.742,11,4.4,1,0,0,17.64,1,0
STU-01583,24,Male,Medium,94.76,71.82,0.65,7,3.88,1,0,1,10.96,2,0
STU-01584,19,Female,Low,70.17,80.57,0.895,6,6.07,2,1,1,13.34,1,0
STU-01585,23,Female,Medium,69.56,58.51,0.572,9,3.49,1,0,0,2.43,1,0
STU-01586,18,Female,High,71.11,69.81,0.636,8,4.74,2,0,0,9.99,1,0
STU-01587,22,Female,Medium,100.0,89.81,0.978,13,5.55,0,0,0,4.31,3,0
STU-01588,22,Non-binary,Medium,86.85,71.54,0.729,11,4.2,1,0,0,3.01,0,0
STU-01589,19,Male,Low,68.54,72.59,0.804,10,3.48,1,1,0,13.35,0,0
STU-01590,18,Male,Low,72.48,63.56,0.771,7,2.67,0,1,1,9.95,2,0
STU-01591,17,Female,Low,79.99,71.78,0.669,10,3.72,1,1,1,2.65,2,0
STU-01592,19,Male,Low,85.97,71.65,0.708,13,3.49,0,1,0,16.34,4,0
STU-01593,22,Female,High,86.32,72.42,0.811,10,6.07,2,1,0,6.54,1,0
STU-01594,18,Male,Medium,71.79,91.97,0.586,8,2.41,0,0,0,11.37,1,0
STU-01595,21,Non-binary,High,86.74,69.99,0.676,9,3.93,1,1,1,4.78,2,0
STU-01596,17,Female,Medium,75.28,48.27,0.473,5,3.7,0,0,1,8.42,3,0
STU-01597,20,Female,Low,91.52,68.09,0.717,8,7.75,1,0,0,11.88,1,0
STU-01598,18,Female,Low,80.62,72.21,0.612,7,3.42,0,0,1,2.84,2,0
STU-01599,20,Female,High,74.9,68.93,0.811,6,2.83,2,0,0,19.34,1,0
STU-01600,19,Female,Low,87.58,84.42,0.726,7,3.23,1,1,0,11.09,1,0
STU-01601,18,Female,High,87.47,88.56,0.795,5,4.07,0,0,1,9.07,4,0
STU-01602,19,Female,Low,74.78,64.91,0.565,7,3.05,0,1,1,0.78,0,0
STU-01603,19,Female,Medium,90.03,61.39,0.761,11,8.51,1,0,1,7.02,4,0
STU-01604,18,Female,High,90.17,67.2,0.414,8,5.54,4,1,0,13.5,1,0
STU-01605,23,Male,Low,93.22,76.62,0.961,10,5.63,1,1,1,1.01,1,0
STU-01606,20,Female,Low,87.81,58.7,0.767,11,7.8,1,0,1,17.51,4,0
STU-01607,17,Male,High,80.9,71.9,0.637,12,3.62,1,1,0,1.83,2,0
STU-01608,19,Female,Low,61.4,75.89,0.863,13,3.75,2,0,0,8.37,0,0
STU-01609,22,Female,Medium,84.05,78.77,0.781,10,4.42,1,1,0,20.03,1,0
STU-01610,19,Female,Medium,85.76,76.62,0.945,10,7.12,1,0,0,9.33,0,0
STU-01611,24,Male,Low,80.56,60.46,0.72,8,4.63,0,0,1,12.38,5,0
STU-01612,19,Female,Medium,48.88,60.28,0.867,9,5.89,1,0,1,13.37,1,0
STU-01613,22,Male,Medium,89.47,75.36,0.548,9,5.19,0,0,0,10.35,2,0
STU-01614,23,Female,Medium,71.97,71.93,0.728,8,5.64,1,0,1,3.53,3,0
STU-01615,21,Non-binary,High,90.79,87.6,0.635,9,2.37,3,0,0,5.86,1,0
STU-01616,18,Female,Low,98.71,88.56,0.788,9,3.38,2,0,0,3.58,5,0
STU-01617,19,Female,Low,77.22,70.55,0.963,5,3.03,1,1,0,18.74,3,0
STU-01618,23,Male,Medium,86.82,81.79,0.847,9,4.82,2,0,0,5.96,2,0
STU-01619,19,Female,High,83.61,71.76,0.822,12,3.04,0,0,1,14.21,1,0
STU-01620,23,Female,Low,85.78,84.7,0.878,12,7.21,3,1,1,11.33,1,0
STU-01621,20,Male,Low,81.14,62.27,0.676,11,4.33,1,1,0,8.11,1,0
STU-01622,21,Female,Medium,76.31,69.56,0.622,8,5.09,3,1,0,3.42,1,0
STU-01623,18,Female,High,73.3,84.3,0.728,7,3.74,1,0,0,4.12,2,0
STU-01624,19,Female,Low,97.5,74.18,0.659,13,6.45,2,1,0,4.56,3,0
STU-01625,19,Female,Medium,86.82,63.27,0.303,6,0.92,0,0,1,2.5,5,1
STU-01626,21,Male,Medium,91.14,74.64,0.719,10,5.13,1,0,0,23.4,2,0
STU-01627,21,Male,Medium,86.39,90.38,0.895,13,6.25,1,0,0,10.82,0,0
STU-01628,21,Male,Low,90.73,53.04,0.467,9,5.2,4,0,0,8.09,1,0
STU-01629,19,Female,Low,70.14,66.89,0.646,8,3.58,0,0,1,1.29,1,0
STU-01630,19,Male,Medium,82.91,68.46,0.738,11,2.5,4,1,1,6.28,2,0
STU-01631,21,Male,Medium,87.56,75.35,0.841,10,6.85,1,0,0,6.69,1,0
STU-01632,18,Female,High,97.47,80.05,0.632,10,4.66,0,0,0,7.65,1,0
STU-01633,23,Male,Medium,100.0,92.6,0.79,13,5.4,1,1,1,7.77,1,0
STU-01634,20,Male,Medium,86.48,77.05,0.84,5,8.49,0,1,0,10.37,1,0
STU-01635,20,Male,High,75.98,83.32,0.875,10,5.16,0,0,0,2.33,1,0
STU-01636,21,Female,Medium,68.85,80.89,0.945,8,4.19,1,1,0,4.95,1,0
STU-01637,20,Female,Medium,72.05,69.88,0.844,9,3.93,2,0,1,9.87,1,0
STU-01638,17,Male,High,74.73,69.03,0.97,10,6.17,1,0,0,10.02,2,0
STU-01639,18,Male,Low,48.09,59.05,0.558,6,1.6,2,0,0,8.28,1,0
STU-01640,23,Female,Medium,74.57,76.49,0.935,10,5.86,0,1,0,12.6,1,0
STU-01641,21,Female,Medium,89.88,66.61,0.549,10,6.14,2,1,0,5.82,3,0
STU-01642,17,Male,Low,80.83,73.36,1.0,10,5.51,2,1,1,7.05,2,0
STU-01643,21,Female,Medium,79.16,70.46,0.747,9,6.14,1,0,0,12.7,1,0
STU-01644,19,Female,Low,62.16,57.83,0.648,8,3.57,0,0,1,2.53,2,0
STU-01645,19,Male,Low,91.55,69.24,0.801,10,4.52,0,1,1,19.0,1,0
STU-01646,18,Female,Medium,87.63,70.81,0.533,9,2.12,0,0,0,11.73,1,0
STU-01647,23,Female,Low,79.86,83.09,0.674,7,4.93,1,1,0,4.59,2,0
STU-01648,17,Female,Medium,57.77,59.09,0.608,10,3.76,0,0,0,13.04,0,0
STU-01649,19,Male,High,77.85,85.56,0.865,9,6.45,2,0,0,2.86,0,0
STU-01650,21,Female,High,88.02,80.31,1.0,10,7.2,2,1,0,17.16,2,0
STU-01651,24,Male,Low,79.69,59.12,0.48,9,6.82,3,1,1,1.39,4,0
STU-01652,22,Non-binary,Low,82.11,73.52,0.904,10,4.57,2,1,0,2.29,2,0
STU-01653,19,Male,Low,87.54,62.34,0.59,11,5.13,1,1,0,3.79,4,0
STU-01654,24,Male,Low,81.7,77.49,0.72,11,3.82,0,1,0,4.07,4,0
STU-01655,18,Male,High,90.4,78.06,0.739,10,6.54,1,0,0,8.88,2,0
STU-01656,21,Female,Medium,72.72,78.46,0.726,10,3.1,1,0,0,12.4,2,0
STU-01657,22,Male,Low,66.55,78.48,0.821,9,5.7,1,0,0,1.69,2,0
STU-01658,19,Male,High,88.5,61.88,0.571,7,3.58,0,0,1,17.89,3,0
STU-01659,22,Male,Medium,89.51,73.35,0.549,11,5.66,1,0,0,9.98,2,0
STU-01660,19,Female,Low,85.71,61.25,0.58,6,6.2,3,1,1,23.13,2,0
STU-01661,22,Female,Low,81.45,92.88,0.942,4,3.31,0,1,0,6.82,0,0
STU-01662,17,Male,Medium,78.44,68.25,0.505,10,2.06,0,0,1,19.16,1,1
STU-01663,21,Female,Medium,84.32,62.32,0.692,10,5.14,1,1,0,24.45,5,0
STU-01664,20,Male,Low,84.17,95.01,1.0,11,5.97,3,1,1,4.07,1,0
STU-01665,23,Female,High,88.08,71.77,0.882,13,5.18,1,0,1,3.67,1,0
STU-01666,20,Male,High,100.0,68.53,0.716,10,4.93,2,0,0,5.62,3,0
STU-01667,23,Male,High,73.12,60.26,0.387,7,2.13,3,0,0,5.3,0,0
STU-01668,22,Female,Low,100.0,81.63,0.868,12,6.54,2,1,1,8.68,1,0
STU-01669,20,Female,Low,66.17,64.42,0.756,7,2.85,1,1,1,5.42,2,0
STU-01670,22,Male,High,87.49,70.39,0.608,9,5.2,0,0,0,13.02,3,0
STU-01671,22,Female,Medium,68.86,63.2,0.621,9,3.08,3,0,1,10.7,0,0
STU-01672,21,Female,Medium,85.37,76.51,0.803,10,4.62,1,1,0,3.81,3,0
STU-01673,17,Male,Medium,92.8,92.78,1.0,10,7.88,0,0,0,6.78,2,0
STU-01674,18,Female,Low,80.36,74.1,0.694,8,5.97,5,0,0,13.55,3,0
STU-01675,23,Male,Medium,92.7,73.87,0.829,8,4.23,1,0,0,9.4,1,0
STU-01676,18,Female,High,78.59,72.19,0.746,8,3.5,0,0,0,11.2,2,0
STU-01677,22,Female,Medium,59.45,71.23,0.723,11,4.88,3,0,0,3.67,1,0
STU-01678,22,Male,Medium,88.89,94.47,1.0,10,3.99,2,0,0,7.4,2,0
STU-01679,19,Female,High,83.59,65.83,0.553,9,6.37,1,1,1,2.68,2,0
STU-01680,17,Female,Medium,76.72,82.97,0.829,7,5.09,0,1,0,8.09,0,0
STU-01681,19,Male,Medium,77.48,69.06,0.684,13,3.67,0,1,1,6.49,1,0
STU-01682,25,Male,High,87.72,62.61,0.444,7,4.18,0,0,0,8.49,2,0
STU-01683,19,Male,Medium,73.04,51.84,0.679,6,6.16,0,1,0,3.44,2,1
STU-01684,19,Male,Low,84.13,85.92,0.927,10,2.57,0,1,0,10.03,4,0
STU-01685,18,Female,Low,93.08,91.41,0.879,9,7.24,1,0,1,13.82,1,0
STU-01686,23,Female,Low,100.0,74.51,0.697,11,7.2,1,1,0,0.86,5,0
STU-01687,20,Male,Medium,97.45,79.65,0.773,8,5.21,0,1,0,2.1,0,0
STU-01688,19,Male,Medium,83.78,57.39,0.664,11,4.59,2,1,1,4.03,2,0
STU-01689,23,Male,Medium,84.83,83.34,0.811,11,5.4,1,0,0,5.56,3,0
STU-01690,22,Female,Medium,77.6,71.96,0.626,8,5.32,2,1,0,4.61,2,0
STU-01691,19,Female,Medium,76.88,56.38,0.508,5,2.86,2,1,0,2.55,2,0
STU-01692,18,Female,High,92.84,83.36,0.803,9,5.53,0,1,0,8.54,1,0
STU-01693,23,Male,Low,76.62,55.08,0.447,8,3.54,3,1,1,8.21,2,0
STU-01694,21,Male,Medium,86.03,81.87,0.832,8,6.28,2,0,0,4.61,3,0
STU-01695,17,Female,Medium,71.41,58.45,0.493,6,7.34,3,1,0,9.47,2,0
STU-01696,17,Female,Medium,97.07,84.97,0.704,12,4.39,1,0,0,6.29,1,0
STU-01697,18,Female,Low,76.45,62.37,1.0,10,5.55,0,0,0,19.74,2,0
STU-01698,18,Female,Medium,93.97,56.45,0.804,10,4.54,1,0,0,1.77,3,0
STU-01699,17,Male,High,75.51,82.96,0.819,10,4.13,0,0,0,3.56,0,0
STU-01700,18,Male,Medium,73.68,80.87,0.885,9,3.44,1,1,1,5.83,0,0
STU-01701,19,Female,High,97.86,78.5,0.885,10,3.89,2,0,0,14.23,1,0
STU-01702,20,Male,High,76.36,76.15,0.733,10,6.24,1,1,0,11.76,2,0
STU-01703,24,Non-binary,Medium,64.75,70.46,0.727,10,4.54,0,1,0,9.99,4,0
STU-01704,20,Female,Medium,70.56,73.57,0.688,9,4.31,1,0,0,2.24,0,0
STU-01705,20,Female,Medium,91.42,96.14,1.0,13,4.89,3,0,0,4.22,1,0
STU-01706,22,Male,High,91.62,84.89,0.971,11,5.92,0,0,1,6.29,3,0
STU-01707,20,Female,Low,71.61,63.0,0.815,6,3.01,1,1,0,12.98,1,0
STU-01708,21,Male,Medium,75.05,75.3,0.767,11,4.59,1,1,1,6.66,2,0
STU-01709,21,Male,High,90.65,75.96,1.0,10,6.55,0,0,0,10.61,2,0
STU-01710,21,Female,Low,94.48,66.89,0.653,8,4.38,4,1,0,9.62,2,0
STU-01711,26,Female,Medium,81.24,86.19,1.0,11,4.6,5,0,0,10.66,0,0
STU-01712,22,Male,Medium,88.1,82.63,0.743,10,4.45,1,0,0,3.95,1,0
STU-01713,18,Female,High,92.86,62.71,0.47,7,5.62,2,1,0,11.95,1,0
STU-01714,21,Male,High,100.0,77.91,1.0,12,6.78,1,0,0,10.21,1,0
STU-01715,19,Male,Medium,69.29,75.83,0.819,12,2.29,0,0,0,18.79,1,0
STU-01716,21,Male,Medium,74.64,55.19,0.622,9,5.16,1,0,0,5.21,1,0
STU-01717,18,Male,Medium,76.43,64.16,0.595,8,4.9,2,0,0,8.1,0,0
STU-01718,18,Male,Medium,91.1,100.0,0.848,7,5.88,1,0,0,2.52,0,0
STU-01719,21,Male,Medium,79.23,69.72,0.596,12,6.58,2,1,1,1.73,0,0
STU-01720,23,Female,High,86.68,89.19,0.872,9,5.53,2,0,0,20.63,2,0
STU-01721,22,Female,Low,81.34,86.25,0.812,7,5.66,3,1,1,9.31,3,0
STU-01722,22,Female,Low,80.02,61.52,0.382,8,4.28,0,1,1,1.59,1,0
STU-01723,21,Female,Medium,83.18,77.59,0.958,12,6.84,2,1,0,10.06,0,0
STU-01724,21,Female,Medium,93.33,100.0,0.899,13,5.57,2,0,1,5.18,2,0
STU-01725,19,Female,Medium,71.32,73.83,0.871,8,3.89,4,0,1,10.54,3,0
STU-01726,22,Female,Low,78.37,93.47,0.808,9,6.27,1,0,1,12.33,5,0
STU-01727,23,Female,Medium,68.63,61.57,0.634,8,5.21,2,0,0,8.74,2,0
STU-01728,20,Female,High,85.74,95.88,1.0,12,7.64,0,1,1,5.72,1,0
STU-01729,20,Male,Low,77.85,69.73,0.787,10,5.4,1,0,0,7.23,3,0
STU-01730,24,Male,Medium,93.76,76.73,0.715,10,3.0,1,1,1,10.84,3,0
STU-01731,20,Male,High,83.2,83.08,0.864,11,5.54,2,0,0,11.91,1,0
STU-01732,21,Male,Low,75.12,67.14,0.745,6,4.61,0,1,1,3.82,3,0
STU-01733,22,Male,Medium,79.29,72.21,0.69,10,6.3,1,1,0,2.1,1,0
STU-01734,20,Male,Low,98.96,84.55,0.682,10,6.92,0,1,1,2.69,2,0
STU-01735,19,Female,High,65.98,50.34,0.443,7,4.04,2,0,1,5.97,1,0
STU-01736,21,Non-binary,Medium,75.1,63.06,0.583,8,1.14,0,0,0,11.64,4,0
STU-01737,20,Female,High,83.65,84.13,0.815,10,4.02,2,0,0,6.23,3,0
STU-01738,24,Male,Low,73.0,77.15,0.942,8,4.59,1,1,1,2.43,0,0
STU-01739,22,Male,Medium,87.4,80.52,0.889,15,5.1,0,1,1,8.57,2,0
STU-01740,19,Female,Medium,81.38,76.82,0.65,11,4.78,0,1,1,6.75,0,0
STU-01741,22,Male,Low,82.82,75.98,0.961,12,7.67,3,1,1,12.17,2,0
STU-01742,21,Female,Low,81.3,80.8,0.773,8,6.02,0,0,0,3.21,1,0
STU-01743,23,Female,Low,78.87,55.79,0.646,7,3.13,2,1,1,9.1,1,0
STU-01744,19,Female,High,69.05,64.8,0.531,8,2.45,1,0,1,8.39,2,0
STU-01745,21,Female,Medium,83.94,74.55,0.674,9,3.45,2,1,0,10.37,1,0
STU-01746,20,Female,Medium,62.6,67.01,0.787,6,3.97,2,0,0,13.38,1,0
STU-01747,21,Male,Medium,74.61,49.72,0.407,9,4.59,2,0,0,1.12,0,0
STU-01748,19,Male,Medium,87.38,64.37,0.646,11,6.15,0,0,0,4.29,2,0
STU-01749,22,Female,Medium,95.09,80.47,0.836,6,5.23,2,0,0,6.36,1,0
STU-01750,21,Male,Medium,100.0,93.13,0.767,9,5.71,0,0,0,4.25,2,0
STU-01751,23,Female,Medium,77.29,67.91,0.457,10,6.08,1,0,0,7.9,1,0
STU-01752,20,Female,Low,70.48,59.36,0.705,9,2.15,3,1,0,6.43,0,1
STU-01753,20,Male,High,89.0,84.75,1.0,9,6.9,1,0,0,2.45,0,0
STU-01754,22,Male,High,100.0,81.47,0.843,12,6.74,1,0,0,10.67,3,0
STU-01755,19,Female,Medium,98.86,91.26,0.952,10,5.88,1,1,1,3.05,0,0
STU-01756,23,Female,Medium,70.61,66.68,0.554,8,3.72,2,1,0,7.99,2,0
STU-01757,23,Male,Low,78.45,58.71,0.767,7,5.37,1,1,1,2.73,5,0
STU-01758,23,Male,High,92.6,95.41,0.864,10,5.32,2,1,1,7.97,2,0
STU-01759,21,Female,High,93.37,93.94,1.0,13,5.31,0,0,0,6.37,1,0
STU-01760,19,Female,High,89.76,70.28,0.764,9,4.29,3,0,1,7.06,2,0
STU-01761,21,Female,Medium,77.06,75.95,0.816,10,7.49,1,0,0,8.32,1,0
STU-01762,21,Male,Low,86.41,70.41,0.763,10,4.52,3,1,1,12.51,1,0
STU-01763,19,Male,Low,90.22,81.7,0.858,12,5.89,0,1,0,4.96,2,0
STU-01764,23,Male,Low,69.75,56.92,0.609,7,4.99,2,0,0,2.29,6,1
STU-01765,22,Female,Low,94.63,86.34,0.947,13,5.79,2,0,1,5.96,1,0
STU-01766,19,Male,Low,90.91,87.79,0.756,11,5.36,3,0,0,12.76,1,0
STU-01767,24,Male,High,75.09,63.32,0.602,9,4.81,1,1,1,0.58,0,0
STU-01768,21,Female,Low,90.17,76.16,0.918,11,4.61,0,1,0,2.26,2,0
STU-01769,18,Male,Low,88.94,87.05,0.858,9,3.4,0,1,1,6.2,1,0
STU-01770,19,Female,High,92.61,71.19,0.66,9,4.06,1,0,0,13.59,2,0
STU-01771,24,Female,Medium,99.34,75.99,0.865,11,8.46,1,0,0,4.5,3,0
STU-01772,24,Male,Medium,81.88,80.92,0.884,8,4.51,2,1,1,6.01,4,0
STU-01773,23,Female,Medium,85.65,74.5,0.572,8,4.67,1,0,0,4.1,1,0
STU-01774,23,Non-binary,High,54.22,47.02,0.577,6,1.23,3,0,0,5.06,0,1
STU-01775,23,Male,Medium,94.27,77.05,0.766,11,7.37,1,0,0,11.02,2,0
STU-01776,22,Female,Medium,93.22,97.21,1.0,12,5.77,1,1,0,12.19,1,0
STU-01777,21,Female,Medium,96.92,100.0,0.951,13,5.57,1,0,0,11.52,0,0
STU-01778,22,Male,Medium,71.7,63.04,0.684,8,4.03,0,1,0,10.35,4,1
STU-01779,22,Female,Medium,92.58,70.31,0.472,8,7.99,4,0,0,2.86,1,0
STU-01780,19,Male,Medium,93.21,75.16,0.626,7,5.62,0,0,0,19.01,1,0
STU-01781,22,Female,Low,72.84,85.18,0.91,10,4.77,1,1,1,17.91,0,0
STU-01782,24,Female,Medium,93.62,88.36,1.0,13,2.18,0,1,1,6.37,0,0
STU-01783,20,Male,Low,85.09,87.69,0.887,10,7.36,2,0,1,13.25,1,0
STU-01784,20,Female,Low,61.32,71.62,0.62,8,2.57,1,1,1,0.94,1,0
STU-01785,22,Male,Low,86.43,60.49,0.622,9,3.49,2,1,1,14.13,1,0
STU-01786,19,Male,High,74.81,63.17,0.522,9,2.77,2,0,0,7.82,1,0
STU-01787,18,Female,Medium,63.56,58.55,0.739,10,6.08,3,0,0,3.12,1,0
STU-01788,23,Male,Medium,86.03,71.08,0.704,13,4.86,0,0,1,14.55,0,0
STU-01789,20,Male,High,82.53,69.58,0.811,10,2.98,2,0,0,1.18,1,0
STU-01790,21,Male,Low,95.44,72.39,0.691,11,5.02,0,1,1,11.53,0,0
STU-01791,19,Female,Medium,84.0,81.72,0.928,10,4.38,3,1,1,14.42,1,0
STU-01792,23,Female,Medium,90.56,79.83,0.579,9,5.23,1,1,1,16.04,1,0
STU-01793,22,Male,Low,85.6,85.48,0.826,10,4.75,2,0,1,0.89,1,0
STU-01794,20,Male,Medium,93.23,82.27,0.86,10,3.55,0,1,0,1.81,0,0
STU-01795,18,Male,High,73.5,65.27,0.615,9,3.96,4,1,0,2.02,2,0
STU-01796,20,Male,Low,82.18,73.53,0.763,10,4.86,0,1,1,10.81,1,0
STU-01797,22,Male,Medium,80.45,58.5,0.63,9,2.68,1,0,0,18.5,0,0
STU-01798,21,Female,Low,87.19,50.93,0.649,9,2.06,3,1,0,9.24,3,0
STU-01799,21,Male,Medium,84.81,82.14,0.869,10,5.79,1,1,0,4.68,1,0
STU-01800,21,Female,Medium,75.25,81.3,0.834,7,4.46,1,0,0,17.25,1,0
STU-01801,22,Female,Medium,78.28,73.3,0.823,11,4.65,0,0,0,17.75,0,0
STU-01802,20,Male,Medium,100.0,79.09,0.605,9,6.28,0,0,0,19.64,3,0
STU-01803,21,Male,Low,61.36,48.24,0.409,5,0.16,5,1,1,3.1,0,0
STU-01804,18,Female,Medium,89.8,89.77,0.694,10,5.15,2,0,1,2.31,1,0
STU-01805,26,Male,Medium,95.66,85.84,0.892,11,6.89,1,1,0,1.59,3,0
STU-01806,20,Male,Medium,88.37,80.33,0.828,8,5.17,0,0,0,2.28,2,0
STU-01807,21,Male,Low,100.0,80.15,0.943,12,4.34,2,0,1,1.07,2,0
STU-01808,22,Male,Medium,92.32,74.62,0.771,11,4.5,0,0,0,13.13,0,0
STU-01809,20,Female,Medium,86.23,65.26,0.572,13,3.88,2,1,0,9.06,0,0
STU-01810,21,Male,Low,74.87,70.66,0.711,8,2.23,1,1,1,35.0,1,0
STU-01811,20,Female,Low,84.43,67.34,0.441,8,4.53,0,1,1,6.78,1,0
STU-01812,19,Female,Medium,89.5,73.72,0.672,8,4.98,0,1,0,7.43,1,0
STU-01813,21,Female,Medium,82.04,91.56,0.594,10,3.49,0,1,0,14.76,2,0
STU-01814,17,Female,Low,71.83,66.2,0.695,9,5.64,1,0,0,5.04,2,0
STU-01815,24,Male,High,70.0,45.82,0.445,10,2.64,1,1,1,3.19,5,0
STU-01816,22,Female,Medium,84.04,69.98,0.673,8,6.81,0,0,0,8.7,2,0
STU-01817,22,Male,Medium,65.72,56.53,0.46,8,2.85,3,0,0,6.41,3,1
STU-01818,17,Female,Medium,76.81,70.48,0.613,8,2.88,0,0,1,8.46,1,0
STU-01819,19,Female,Medium,55.25,47.28,0.574,4,1.83,1,1,0,19.78,2,0
STU-01820,23,Non-binary,Medium,91.16,83.09,0.63,11,5.05,2,1,0,3.85,1,0
STU-01821,29,Male,High,95.94,79.84,0.835,7,4.29,1,1,1,3.98,1,0
STU-01822,23,Male,Medium,82.87,70.02,0.592,9,4.62,1,1,0,12.26,4,0
STU-01823,23,Male,Medium,100.0,84.5,0.613,10,4.7,0,0,0,4.07,2,0
STU-01824,22,Female,Medium,96.82,80.71,0.929,11,5.54,1,0,0,34.4,1,0
STU-01825,19,Male,Medium,87.28,75.55,0.896,10,5.54,0,0,0,6.14,3,0
STU-01826,23,Male,Low,78.75,67.76,0.604,9,5.68,1,1,0,9.02,2,0
STU-01827,18,Female,Medium,78.16,72.31,0.643,9,3.61,0,1,0,14.88,1,0
STU-01828,18,Male,Medium,88.19,80.76,0.752,9,5.43,1,0,0,7.68,2,0
STU-01829,18,Male,High,81.7,78.14,0.662,14,5.22,2,1,0,6.39,1,0
STU-01830,23,Male,Medium,88.03,88.52,0.774,9,3.54,0,1,1,13.65,1,0
STU-01831,20,Male,Medium,88.85,72.18,0.762,8,5.97,0,0,0,3.7,1,0
STU-01832,21,Male,High,80.72,77.88,1.0,7,6.77,5,1,0,8.79,3,1
STU-01833,20,Female,Medium,94.05,100.0,0.907,12,7.29,2,0,0,3.07,0,0
STU-01834,18,Non-binary,Low,77.49,68.98,0.803,6,3.3,2,0,1,12.85,0,0
STU-01835,19,Female,Low,80.23,70.69,0.737,7,3.31,1,1,0,6.04,5,0
STU-01836,19,Female,Low,69.25,52.8,0.339,5,2.92,0,1,1,8.92,2,0
STU-01837,18,Female,Low,77.02,62.04,0.617,9,4.08,1,1,1,15.69,2,0
STU-01838,19,Male,Medium,100.0,81.94,0.774,13,5.81,0,0,0,3.38,0,0
STU-01839,18,Non-binary,Medium,72.1,74.94,0.907,8,4.45,0,1,0,10.04,1,0
STU-01840,22,Male,Medium,86.81,83.16,0.984,11,6.11,0,1,0,12.98,1,0
STU-01841,22,Male,Low,75.0,71.46,0.747,4,0.99,2,0,1,11.83,2,0
STU-01842,18,Non-binary,Medium,57.65,70.71,0.841,7,5.01,2,0,0,5.98,3,0
STU-01843,20,Male,Low,86.15,63.56,0.615,10,6.71,2,0,0,2.01,0,0
STU-01844,24,Female,High,77.13,78.66,0.898,9,4.37,1,0,0,16.09,0,0
STU-01845,18,Male,Low,83.51,72.42,0.722,11,5.15,4,1,1,2.01,3,0
STU-01846,21,Female,Medium,92.89,80.83,0.915,6,8.26,1,1,0,1.67,2,0
STU-01847,21,Female,Medium,84.58,71.98,0.85,8,5.37,0,1,0,6.98,0,0
STU-01848,23,Female,Medium,85.61,66.56,0.745,10,5.46,1,1,0,4.19,2,0
STU-01849,21,Female,Medium,72.45,57.63,0.492,9,6.21,1,1,0,9.41,2,1
STU-01850,20,Male,Medium,89.78,81.3,0.736,11,8.05,1,0,0,12.32,1,0
STU-01851,21,Non-binary,Low,77.91,74.58,0.819,10,3.44,1,1,0,5.93,5,0
STU-01852,21,Female,High,61.27,64.86,0.751,6,3.38,1,0,1,26.71,2,1
STU-01853,20,Male,Medium,91.1,78.58,0.782,9,6.65,1,0,0,3.55,2,0
STU-01854,18,Female,Medium,94.46,73.14,0.679,14,5.92,1,0,0,1.39,1,0
STU-01855,23,Female,High,99.54,89.56,0.882,8,7.09,0,0,0,6.85,2,0
STU-01856,23,Female,High,100.0,85.36,0.789,8,2.15,2,0,0,7.33,1,0
STU-01857,18,Female,Low,88.51,71.03,0.665,11,2.18,4,1,1,10.57,0,0
STU-01858,20,Female,Low,85.65,81.97,1.0,8,8.35,3,0,1,5.21,1,0
STU-01859,20,Female,Low,92.01,82.81,0.743,13,6.4,0,1,1,1.94,1,0
STU-01860,18,Female,Low,70.24,50.56,0.581,13,4.31,2,1,1,7.59,1,0
STU-01861,17,Female,Medium,63.61,66.02,0.672,8,2.08,1,1,0,9.43,1,1
STU-01862,19,Male,High,78.0,64.61,0.495,9,3.31,2,1,0,8.01,0,0
STU-01863,20,Female,High,97.3,84.85,0.666,7,6.11,0,0,1,9.63,3,0
STU-01864,17,Female,Medium,74.73,39.35,0.412,10,1.55,0,0,0,8.7,2,0
STU-01865,21,Male,Medium,87.12,78.79,0.531,5,3.43,1,1,0,8.03,0,0
STU-01866,23,Female,High,89.56,86.86,1.0,8,6.56,0,1,0,4.69,2,0
STU-01867,22,Male,High,85.94,76.89,0.705,10,5.75,0,0,0,4.45,1,0
STU-01868,20,Female,Low,65.95,52.21,0.481,9,2.57,1,1,1,20.51,0,0
STU-01869,17,Male,Medium,85.77,95.73,1.0,8,7.23,1,0,0,3.27,1,0
STU-01870,22,Male,High,78.61,86.04,0.811,8,6.26,1,0,0,20.79,3,0
STU-01871,21,Male,Medium,100.0,77.69,0.834,8,3.46,1,0,0,4.03,1,0
STU-01872,21,Male,Medium,94.51,77.75,0.687,9,7.55,1,1,0,17.46,0,0
STU-01873,25,Female,High,79.0,54.86,0.562,7,5.79,1,0,0,12.72,1,0
STU-01874,19,Female,High,100.0,89.48,0.974,10,6.71,1,0,0,10.83,1,0
STU-01875,17,Female,High,87.03,64.83,0.54,10,4.25,0,1,0,0.27,1,0
STU-01876,18,Male,Medium,63.61,72.2,0.771,9,5.24,1,0,1,4.58,3,0
STU-01877,22,Female,Low,79.14,80.45,0.49,9,4.68,0,1,1,8.48,1,0
STU-01878,21,Female,Medium,99.99,82.29,0.947,11,5.95,1,0,1,13.44,2,0
STU-01879,18,Male,Medium,72.98,59.39,0.53,9,6.03,2,0,0,6.81,0,0
STU-01880,18,Female,Medium,81.25,86.49,0.822,9,2.14,1,0,0,2.28,3,0
STU-01881,20,Female,Medium,67.04,67.2,0.653,7,2.97,1,1,0,7.18,5,1
STU-01882,18,Male,Medium,68.79,68.95,0.563,9,4.32,0,0,0,9.65,2,0
STU-01883,22,Female,Medium,72.82,60.64,0.481,7,3.54,1,1,0,6.07,1,0
STU-01884,20,Male,Medium,68.5,69.81,0.75,8,5.26,1,0,0,19.59,1,0
STU-01885,19,Male,Medium,75.2,69.07,0.749,11,2.63,2,1,0,7.57,2,0
STU-01886,19,Male,Medium,100.0,69.72,0.58,12,4.8,1,0,0,14.06,1,0
STU-01887,21,Female,Low,79.6,83.81,0.874,9,6.79,2,1,0,4.59,2,0
STU-01888,21,Female,Low,88.64,92.34,0.95,12,3.74,1,1,1,11.75,1,0
STU-01889,21,Male,High,95.26,92.66,0.84,8,5.44,2,0,0,3.97,2,0
STU-01890,21,Male,Medium,69.81,77.2,0.596,8,3.11,0,0,0,11.97,1,0
STU-01891,20,Male,Low,70.85,83.86,0.805,7,5.07,3,1,0,6.0,2,0
STU-01892,18,Female,Medium,90.42,67.93,0.714,10,5.71,1,1,1,2.37,4,0
STU-01893,19,Female,Medium,75.02,60.42,0.598,10,4.23,0,0,0,5.26,3,0
STU-01894,20,Female,Low,87.7,70.15,0.619,10,4.32,1,1,1,3.43,1,0
STU-01895,25,Female,Medium,100.0,85.98,0.884,11,6.22,1,1,0,5.6,2,0
STU-01896,18,Female,Low,63.99,59.99,0.753,9,3.86,0,1,1,2.43,0,0
STU-01897,20,Male,Medium,78.07,62.28,0.529,8,3.96,2,0,1,2.0,1,0
STU-01898,21,Female,Low,77.82,69.61,0.65,11,6.42,3,0,1,3.25,2,0
STU-01899,20,Male,Low,74.21,66.88,0.991,7,3.63,4,0,0,1.18,0,0
STU-01900,23,Male,Low,73.31,75.8,0.774,8,5.05,1,1,1,15.35,3,0
STU-01901,20,Female,Medium,76.59,72.21,0.556,9,2.71,1,0,1,7.1,2,0
STU-01902,20,Male,Low,79.83,51.47,0.47,11,6.63,2,1,1,7.7,1,0
STU-01903,22,Male,High,85.06,81.44,0.697,9,4.98,0,0,0,5.73,3,0
STU-01904,24,Female,Low,90.49,91.45,0.921,10,4.04,0,0,1,2.82,0,0
STU-01905,23,Female,Medium,81.72,74.52,0.765,7,4.6,3,1,0,9.68,1,0
STU-01906,20,Male,Medium,94.3,90.13,0.787,9,3.52,1,0,1,8.8,0,0
STU-01907,20,Male,Medium,75.49,66.18,0.878,11,4.12,2,0,0,2.97,1,0
STU-01908,21,Male,Low,66.79,69.91,0.698,11,4.9,2,0,0,12.19,1,0
STU-01909,21,Non-binary,High,79.9,67.66,0.614,8,6.26,1,0,0,2.48,2,0
STU-01910,19,Female,High,88.34,76.69,0.6,8,6.21,2,1,0,7.53,2,0
STU-01911,22,Male,Low,89.47,72.76,0.605,9,4.62,3,1,1,13.5,2,0
STU-01912,21,Male,Low,96.06,83.08,0.653,7,6.01,0,1,1,17.24,1,0
STU-01913,20,Male,High,86.44,70.0,0.666,12,5.95,2,1,1,6.09,0,0
STU-01914,18,Male,Medium,90.28,63.69,0.528,7,7.7,1,1,0,3.67,1,0
STU-01915,21,Male,Low,95.06,82.53,0.892,11,5.09,2,1,1,1.71,1,0
STU-01916,17,Male,Low,71.43,70.81,0.626,9,6.13,2,0,1,5.35,3,0
STU-01917,19,Female,Medium,79.69,74.38,0.828,11,3.51,3,0,0,5.18,4,0
STU-01918,19,Male,Medium,100.0,92.33,0.942,11,7.97,0,0,1,14.06,2,0
STU-01919,21,Female,Medium,91.42,76.86,0.826,10,4.69,1,0,1,7.62,1,0
STU-01920,24,Male,High,88.87,82.22,0.903,11,4.73,1,0,0,2.37,4,0
STU-01921,22,Male,Medium,91.83,75.58,0.976,12,5.66,0,1,0,12.05,1,0
STU-01922,24,Male,Medium,67.31,64.72,0.541,11,2.47,0,0,0,13.65,1,0
STU-01923,22,Female,Medium,74.88,74.35,0.828,7,5.42,1,0,1,8.31,1,0
STU-01924,23,Male,Medium,70.86,91.68,0.925,6,6.67,2,0,0,12.3,2,0
STU-01925,24,Female,Low,84.6,80.23,0.905,7,2.55,2,0,0,6.85,3,0
STU-01926,19,Female,Low,75.94,74.14,0.738,6,4.33,0,0,0,11.47,0,0
STU-01927,19,Female,Medium,83.05,82.6,0.939,8,4.02,1,0,0,4.57,1,0
STU-01928,22,Male,Medium,78.58,49.24,0.353,6,4.73,1,0,1,17.62,2,0
STU-01929,20,Female,Low,62.11,65.2,0.526,7,5.27,4,0,1,2.58,1,0
STU-01930,21,Non-binary,Medium,91.73,88.14,0.778,11,5.17,0,0,0,31.88,0,0
STU-01931,20,Female,Medium,62.62,65.9,0.644,9,2.69,3,1,0,22.92,2,0
STU-01932,19,Male,Medium,74.0,70.09,0.695,8,2.09,2,0,0,18.02,1,0
STU-01933,24,Male,Medium,67.53,58.01,0.496,7,6.15,0,1,0,3.71,1,0
STU-01934,18,Male,High,73.57,67.73,0.55,12,5.72,2,0,0,5.48,2,0
STU-01935,22,Male,Medium,84.22,67.09,0.585,10,1.69,1,0,1,4.8,2,0
STU-01936,22,Male,Low,93.59,87.12,0.632,10,5.95,0,1,0,3.9,1,0
STU-01937,17,Male,Medium,64.83,81.13,0.751,9,2.56,0,0,0,4.6,2,0
STU-01938,19,Male,Medium,75.87,90.77,0.862,9,4.26,0,0,0,10.19,3,0
STU-01939,19,Female,Low,60.76,52.87,0.593,11,1.68,1,0,1,5.69,1,0
STU-01940,22,Female,Low,73.34,60.72,0.628,8,1.31,1,1,1,2.95,3,0
STU-01941,20,Male,Low,80.79,63.48,0.847,10,5.08,3,1,0,1.49,1,0
STU-01942,20,Male,Medium,90.44,68.22,0.771,7,7.99,2,0,0,12.87,1,0
STU-01943,17,Male,Medium,58.7,53.15,0.631,7,2.16,2,0,0,8.06,2,0
STU-01944,25,Male,Low,86.06,68.35,0.718,8,6.22,3,1,1,7.21,2,0
STU-01945,21,Female,High,72.55,80.32,0.843,10,6.23,2,0,1,0.58,3,0
STU-01946,22,Male,High,69.87,63.11,0.602,7,4.88,2,1,0,3.01,2,0
STU-01947,19,Male,Low,80.74,81.49,0.801,9,7.79,3,0,0,7.34,1,0
STU-01948,19,Male,High,90.15,93.7,1.0,9,7.39,0,0,1,9.72,0,0
STU-01949,25,Male,Low,78.89,72.92,0.706,7,7.13,4,0,0,0.39,2,0
STU-01950,17,Male,High,71.23,83.23,0.644,6,2.46,2,0,0,7.13,4,0
STU-01951,21,Male,High,82.14,62.56,0.708,9,5.8,1,0,1,8.56,3,0
STU-01952,18,Non-binary,Low,72.02,61.19,0.717,9,6.45,1,0,1,3.36,0,0
STU-01953,20,Female,Medium,88.64,79.44,0.789,9,4.23,1,1,0,15.08,1,0
STU-01954,19,Male,High,95.08,84.62,0.59,8,0.09,1,0,0,2.35,3,0
STU-01955,18,Male,High,94.38,96.34,1.0,10,4.47,0,0,0,8.69,1,0
STU-01956,21,Female,High,83.03,66.62,0.687,9,3.72,0,0,0,4.93,1,0
STU-01957,17,Female,Medium,94.35,74.92,0.694,8,6.05,1,0,0,10.43,0,0
STU-01958,20,Male,Low,68.77,64.36,0.782,9,3.6,2,1,0,6.93,0,0
STU-01959,20,Female,High,100.0,79.56,0.529,13,5.0,1,0,0,14.12,1,0
STU-01960,18,Male,Medium,70.71,58.51,0.602,8,3.06,2,1,1,2.96,1,0
STU-01961,24,Female,Medium,59.67,58.88,0.527,5,2.99,0,1,1,4.91,1,1
STU-01962,19,Female,Medium,97.02,79.11,0.947,13,6.1,1,0,0,10.55,1,0
STU-01963,20,Male,Medium,74.19,85.09,0.849,11,3.97,0,1,1,7.73,0,0
STU-01964,19,Female,Low,81.28,61.01,0.507,11,5.23,2,0,1,10.68,0,0
STU-01965,20,Female,Medium,70.66,77.07,0.887,9,6.75,0,0,0,11.98,1,0
STU-01966,23,Male,Low,100.0,92.92,0.593,8,3.59,2,1,0,11.61,0,0
STU-01967,26,Male,Medium,100.0,77.87,0.818,9,6.22,0,1,1,8.53,0,0
STU-01968,22,Female,High,100.0,87.35,0.688,12,3.5,0,1,0,11.84,1,0
STU-01969,23,Male,Medium,82.97,80.59,0.725,12,2.4,1,0,1,6.43,1,0
STU-01970,24,Male,Medium,92.79,83.65,0.778,8,6.92,1,0,0,10.08,1,0
STU-01971,21,Male,Medium,81.42,74.9,0.841,5,7.96,1,1,1,2.68,1,0
STU-01972,24,Female,High,95.59,75.85,1.0,11,5.84,2,1,0,7.93,2,0
STU-01973,22,Female,Medium,77.48,78.82,0.552,7,6.62,1,0,0,8.26,1,0
STU-01974,21,Male,Medium,99.43,78.98,0.82,9,4.99,0,0,1,19.01,2,0
STU-01975,21,Male,Low,74.93,68.45,0.94,9,4.85,3,0,1,5.91,2,0
STU-01976,17,Female,Low,76.18,70.52,0.625,9,6.56,2,1,1,2.07,4,0
STU-01977,21,Male,Medium,76.87,80.46,0.703,7,3.23,0,0,1,2.03,1,0
STU-01978,17,Female,High,85.37,97.01,0.952,10,6.97,1,0,1,18.96,1,0
STU-01979,17,Male,Medium,77.73,64.93,0.744,9,4.19,1,0,0,16.54,2,0
STU-01980,21,Male,Low,85.36,73.7,0.8,5,4.19,1,0,0,9.03,0,0
STU-01981,18,Non-binary,High,77.96,59.33,0.553,9,3.36,0,0,0,1.57,2,0
STU-01982,20,Non-binary,Medium,90.7,93.35,0.795,9,2.39,0,1,0,9.15,1,0
STU-01983,21,Female,High,99.95,85.17,0.979,9,8.19,1,0,0,9.7,2,0
STU-01984,21,Male,Low,80.85,68.01,0.578,7,4.61,2,0,1,7.18,2,0
STU-01985,19,Female,Medium,100.0,83.52,0.576,10,4.94,2,0,0,9.11,1,0
STU-01986,22,Male,High,95.65,83.69,0.633,10,4.16,2,0,1,5.3,1,0
STU-01987,20,Male,Low,100.0,72.88,0.645,11,5.8,0,0,0,1.59,1,0
STU-01988,21,Female,Medium,81.33,85.92,1.0,11,6.9,0,1,0,12.76,2,0
STU-01989,18,Female,High,64.97,74.38,0.584,6,3.21,0,0,0,8.82,3,0
STU-01990,20,Female,Low,72.23,74.71,0.912,4,6.32,1,1,0,16.58,2,0
STU-01991,23,Female,Low,73.35,60.61,0.764,9,4.93,4,1,0,11.43,3,0
STU-01992,23,Female,Medium,71.52,61.99,0.646,10,3.95,0,1,0,3.66,0,0
STU-01993,19,Male,Medium,57.85,61.63,0.31,6,3.67,1,0,0,1.23,3,1
STU-01994,19,Male,Low,91.27,84.01,0.668,11,4.34,1,0,1,9.5,1,0
STU-01995,18,Male,Medium,61.54,69.56,0.609,6,1.77,1,0,0,7.2,1,0
STU-01996,19,Male,Medium,92.22,71.49,0.909,10,5.79,2,1,0,7.59,1,0
STU-01997,18,Male,Low,100.0,86.88,0.767,9,5.8,2,1,0,8.91,3,0
STU-01998,20,Female,Medium,73.44,60.53,0.514,9,3.44,2,0,1,1.06,3,0
STU-01999,22,Male,High,87.51,72.14,0.73,8,6.74,0,1,1,6.38,1,0
STU-02000,19,Male,Medium,77.62,73.83,0.553,12,4.76,2,0,0,3.65,3,0
STU-02001,20,Male,High,92.35,69.36,0.68,9,4.97,0,1,0,7.99,0,0
STU-02002,20,Male,Medium,68.86,58.42,0.492,9,3.47,1,0,0,3.83,4,0
STU-02003,23,Male,High,81.8,91.54,1.0,9,5.79,0,0,0,5.3,1,0
STU-02004,19,Male,Medium,94.33,93.94,0.787,13,6.3,1,1,0,5.06,1,0
STU-02005,19,Male,Low,79.46,93.24,1.0,12,5.65,3,1,0,5.31,2,0
STU-02006,19,Female,High,65.34,72.62,0.575,7,3.36,0,0,0,12.23,2,0
STU-02007,18,Male,Medium,95.66,87.36,0.871,11,4.02,2,0,0,5.03,1,0
STU-02008,22,Female,Low,65.74,62.21,0.681,10,2.94,2,1,1,12.96,5,1
STU-02009,20,Female,Low,80.87,67.51,0.684,10,5.02,2,0,1,0.7,1,0
STU-02010,21,Male,Medium,88.41,86.16,0.839,8,5.73,1,0,1,3.91,2,0
STU-02011,23,Female,Low,81.32,84.85,0.921,10,3.33,1,1,0,0.99,1,0
STU-02012,23,Non-binary,Low,100.0,88.07,0.896,9,5.38,3,1,1,11.02,3,0
STU-02013,17,Female,Low,88.07,66.08,0.634,10,3.49,2,1,0,6.63,1,0
STU-02014,22,Male,Medium,79.77,77.21,0.67,8,6.45,1,1,0,5.79,1,0
STU-02015,21,Female,Medium,88.63,69.84,0.667,10,5.28,0,1,1,4.35,2,0
STU-02016,20,Non-binary,Medium,84.31,72.22,0.687,6,5.39,0,0,0,12.32,3,0
STU-02017,21,Female,Low,80.49,87.2,0.814,7,4.93,1,1,1,8.34,0,0
STU-02018,17,Female,Low,82.68,59.89,0.61,7,3.6,2,1,0,4.42,1,0
STU-02019,24,Female,Medium,77.23,93.75,0.726,9,3.98,0,1,1,23.86,0,0
STU-02020,22,Male,Medium,84.34,80.98,0.661,6,5.4,1,0,1,5.24,4,0
STU-02021,19,Non-binary,Medium,76.44,67.03,0.763,7,4.32,0,0,0,1.53,3,0
STU-02022,19,Non-binary,Low,59.14,61.27,0.343,8,3.26,0,1,0,14.03,1,1
STU-02023,17,Female,Low,92.54,69.77,0.83,12,5.82,1,0,1,4.55,0,0
STU-02024,20,Male,Low,73.78,62.15,0.553,4,4.3,4,1,1,3.21,1,0
STU-02025,19,Female,Medium,83.56,75.84,0.94,9,6.05,0,0,0,10.62,1,0
STU-02026,18,Male,Medium,73.64,67.06,0.81,11,3.97,0,1,0,8.91,2,0
STU-02027,22,Male,High,75.22,63.52,0.593,9,3.65,0,1,0,4.27,3,0
STU-02028,23,Female,Medium,70.57,66.66,0.633,9,5.27,2,0,0,4.05,2,1
STU-02029,20,Male,Medium,92.43,66.22,0.847,11,8.23,1,1,0,11.89,0,0
STU-02030,20,Male,Medium,95.09,67.92,0.823,9,7.0,1,0,0,7.47,1,0
STU-02031,21,Female,Low,80.29,57.92,0.7,9,0.75,0,1,1,11.91,2,0
STU-02032,20,Female,Medium,76.1,88.24,0.985,11,4.31,3,0,0,6.37,2,0
STU-02033,18,Female,Medium,63.38,69.48,0.554,8,3.58,1,1,0,2.77,2,0
STU-02034,19,Female,Medium,90.75,84.52,0.84,9,4.03,0,1,0,8.9,3,0
STU-02035,20,Female,Low,72.56,67.14,0.571,8,2.29,1,1,0,9.81,1,0
STU-02036,21,Male,Medium,69.71,73.52,0.586,6,3.23,1,0,1,5.69,4,0
STU-02037,21,Female,High,83.57,88.62,0.87,11,5.83,1,1,1,6.37,1,0
STU-02038,21,Male,Low,76.32,72.91,0.664,6,5.23,1,1,1,3.21,0,0
STU-02039,17,Male,Medium,65.3,82.75,0.78,7,3.72,2,1,1,1.89,2,0
STU-02040,22,Male,Medium,66.81,66.7,0.6,9,3.1,0,1,0,10.91,2,0
STU-02041,21,Male,Low,83.7,78.37,0.611,10,3.34,1,1,0,2.61,0,0
STU-02042,26,Female,Medium,74.79,77.94,0.961,9,5.95,0,0,0,8.75,1,0
STU-02043,20,Female,Medium,87.61,67.73,0.688,6,5.56,0,0,0,12.54,2,0
STU-02044,21,Female,High,84.86,77.91,0.584,9,5.76,0,0,0,9.91,1,0
STU-02045,26,Non-binary,High,94.77,63.83,0.657,9,5.35,1,0,1,11.36,1,0
STU-02046,21,Non-binary,Low,70.85,64.91,0.827,10,2.8,1,0,1,15.08,3,0
STU-02047,20,Female,Medium,84.56,72.8,0.828,9,4.77,0,1,0,1.35,1,0
STU-02048,18,Female,Medium,89.02,74.34,0.664,6,6.13,4,0,0,9.86,1,0
STU-02049,24,Male,Low,73.11,63.22,0.57,6,1.49,1,0,0,7.69,0,0
STU-02050,18,Female,Medium,94.4,85.43,0.708,9,5.19,0,0,0,7.61,0,0
STU-02051,21,Non-binary,High,64.92,59.05,0.504,8,3.73,1,1,0,9.88,1,0
STU-02052,20,Female,Low,70.84,84.8,0.738,7,7.15,4,1,1,2.14,2,0
STU-02053,20,Female,Medium,63.26,71.04,0.522,6,2.47,1,0,1,16.61,1,0
STU-02054,18,Female,High,75.16,64.79,0.59,10,3.9,1,0,0,9.2,1,0
STU-02055,23,Female,Medium,80.3,80.02,0.817,11,7.39,1,0,0,1.21,0,0
STU-02056,20,Female,Medium,91.15,88.7,0.802,10,4.64,0,1,0,10.44,1,0
STU-02057,18,Male,High,81.54,79.58,0.798,9,6.53,2,0,0,1.33,0,0
STU-02058,23,Female,Medium,75.45,61.16,0.806,8,5.33,3,0,0,12.57,2,0
STU-02059,19,Male,Low,62.96,84.79,1.0,10,4.52,0,1,0,12.38,3,0
STU-02060,21,Female,Low,66.64,70.58,0.686,8,4.63,2,1,1,2.62,1,0
STU-02061,22,Female,High,86.66,65.87,0.758,11,4.92,1,0,0,1.54,2,0
STU-02062,21,Female,Low,89.7,77.35,0.733,11,8.34,1,1,1,9.57,2,0
STU-02063,17,Female,Medium,77.39,69.94,0.63,9,1.41,1,0,0,1.37,0,0
STU-02064,22,Female,Low,93.32,77.06,0.616,9,4.58,0,0,0,5.69,0,0
STU-02065,20,Female,Medium,71.55,57.41,0.59,7,3.55,1,0,0,18.13,1,0
STU-02066,20,Male,High,78.95,75.19,0.864,7,4.93,0,0,0,6.09,2,0
STU-02067,20,Male,Medium,78.63,64.43,0.487,8,5.41,1,0,0,12.2,3,0
STU-02068,17,Male,High,100.0,81.25,0.752,10,5.08,2,1,1,15.55,1,0
STU-02069,21,Female,Low,81.47,75.18,0.693,7,5.37,0,0,0,14.16,0,0
STU-02070,18,Male,Medium,62.22,60.1,0.632,12,3.95,1,0,1,7.87,4,0
STU-02071,20,Male,High,93.72,78.83,0.797,11,6.74,0,0,0,3.59,0,0
STU-02072,21,Female,Medium,100.0,91.2,0.938,9,6.11,2,0,0,15.57,2,0
STU-02073,23,Female,Low,77.25,60.4,0.833,13,5.39,0,1,1,0.51,2,0
STU-02074,19,Male,High,73.38,65.49,0.545,7,3.67,2,1,1,1.96,0,0
STU-02075,24,Male,Medium,91.51,66.38,0.546,11,3.28,2,1,0,7.64,6,0
STU-02076,22,Female,Medium,100.0,74.77,0.76,10,7.97,2,0,0,17.72,1,0
STU-02077,20,Female,High,92.59,82.48,0.972,10,5.01,1,1,0,15.17,0,0
STU-02078,18,Non-binary,Low,62.15,68.43,0.5,7,2.53,2,0,0,5.79,2,0
STU-02079,17,Female,Medium,90.3,70.28,0.731,12,4.0,2,1,0,12.56,5,0
STU-02080,21,Male,Low,84.45,78.83,0.741,11,5.54,1,0,0,6.66,1,0
STU-02081,19,Male,Medium,71.5,70.37,0.794,9,3.89,2,0,0,5.0,2,0
STU-02082,23,Male,Low,94.18,63.58,0.708,6,7.43,3,0,0,9.83,1,0
STU-02083,19,Male,Medium,86.82,78.42,0.768,10,5.91,1,0,0,5.95,1,0
STU-02084,19,Female,Low,94.46,89.49,0.917,8,5.6,0,1,0,9.31,0,0
STU-02085,21,Male,Medium,70.32,49.83,0.434,9,2.08,1,0,1,13.32,0,1
STU-02086,19,Male,Low,84.39,92.76,0.983,9,5.59,3,0,1,10.78,2,0
STU-02087,21,Male,Medium,72.15,63.53,0.799,8,5.33,2,0,0,2.55,3,0
STU-02088,23,Female,Medium,84.72,59.18,0.607,8,4.49,0,0,0,4.07,1,0
STU-02089,21,Female,Medium,98.25,83.54,0.758,12,5.45,1,1,0,17.94,2,0
STU-02090,21,Female,Medium,66.31,75.14,0.716,5,2.65,1,0,0,12.63,1,0
STU-02091,21,Female,Medium,66.94,64.33,0.734,10,7.3,2,0,0,7.87,2,0
STU-02092,17,Male,High,93.76,84.87,0.813,11,5.34,1,0,0,5.19,3,0
STU-02093,21,Male,Medium,81.84,95.48,0.766,9,3.01,0,1,0,12.3,2,0
STU-02094,21,Male,Low,92.88,78.84,0.88,9,4.29,1,1,1,4.59,2,0
STU-02095,22,Male,High,74.37,100.0,0.832,10,4.33,0,0,0,9.53,0,0
STU-02096,22,Female,Medium,82.56,87.28,0.89,9,8.09,1,0,0,6.39,5,0
STU-02097,20,Female,Low,87.57,74.75,0.506,8,4.12,1,0,1,8.0,2,0
STU-02098,23,Female,Medium,84.31,78.39,0.775,10,4.55,2,1,1,5.61,3,0
STU-02099,20,Female,Low,60.32,57.96,0.576,11,4.54,2,1,0,11.3,0,0
STU-02100,21,Female,Low,100.0,82.7,0.563,7,6.39,3,0,1,0.87,0,0
STU-02101,20,Female,Medium,84.34,81.1,0.825,11,6.16,0,1,1,2.38,1,0
STU-02102,21,Female,Low,65.26,59.48,0.465,7,3.5,1,0,0,5.76,3,0
STU-02103,20,Male,High,86.71,64.57,0.652,9,3.24,2,0,0,7.46,2,0
STU-02104,24,Female,High,87.97,92.19,0.832,7,4.37,1,0,0,16.22,2,0
STU-02105,25,Female,Medium,92.93,89.34,0.679,7,2.93,2,1,0,13.07,0,0
STU-02106,22,Female,Medium,92.2,65.08,0.52,10,4.3,1,0,0,1.78,3,0
STU-02107,24,Male,Medium,79.65,74.94,0.616,6,3.76,3,0,0,8.1,2,0
STU-02108,17,Male,High,64.31,77.89,0.875,11,3.75,2,0,0,7.26,3,0
STU-02109,18,Female,Medium,87.07,86.03,0.928,8,6.08,0,0,0,1.36,3,0
STU-02110,20,Female,Low,61.93,54.99,0.821,9,3.3,1,1,0,9.52,3,0
STU-02111,21,Male,Medium,95.37,90.6,0.806,9,5.2,2,0,0,8.26,3,0
STU-02112,20,Male,Medium,73.94,70.64,0.629,7,3.46,0,0,0,13.26,1,0
STU-02113,17,Male,Low,86.98,77.84,0.773,8,5.14,0,0,0,7.55,1,0
STU-02114,23,Male,Medium,74.78,61.7,0.574,9,4.51,2,0,0,3.64,2,0
STU-02115,25,Male,Low,74.59,25.43,0.231,9,1.01,2,1,1,7.54,0,0
STU-02116,23,Male,High,74.44,64.71,0.649,8,4.86,2,0,0,2.51,2,0
STU-02117,23,Female,Low,87.88,79.75,0.858,11,5.87,1,1,0,5.85,6,0
STU-02118,21,Male,Low,73.17,65.26,0.394,8,3.94,2,0,0,3.29,1,0
STU-02119,19,Female,Low,88.45,81.16,0.717,7,5.26,0,1,1,15.87,4,0
STU-02120,21,Male,Low,73.45,78.52,0.594,9,4.51,4,0,0,6.5,1,0
STU-02121,25,Female,Low,77.45,66.07,0.636,8,3.74,3,0,0,3.26,1,0
STU-02122,20,Female,Low,80.39,66.5,0.71,4,5.31,3,1,0,18.73,4,0
STU-02123,20,Male,Low,81.69,49.54,0.645,8,6.14,0,1,0,6.95,3,0
STU-02124,23,Male,Low,69.83,50.24,0.465,5,2.74,0,1,0,3.83,0,0
STU-02125,23,Female,Medium,89.74,64.68,0.655,7,4.29,2,0,0,5.3,2,0
STU-02126,19,Non-binary,Medium,79.02,78.49,0.561,8,5.03,2,0,0,11.64,2,0
STU-02127,20,Female,Medium,87.98,74.03,0.62,9,3.97,1,0,0,9.67,2,0
STU-02128,19,Female,Medium,81.82,68.93,0.704,8,3.73,1,1,0,8.01,2,0
STU-02129,21,Male,Low,86.45,67.21,0.501,10,4.89,2,1,1,2.28,3,0
STU-02130,23,Female,Low,75.48,60.64,0.756,9,4.01,0,1,0,17.89,2,0
STU-02131,19,Female,Low,71.31,75.67,0.801,8,6.28,1,1,0,12.85,2,0
STU-02132,23,Male,Medium,86.7,77.55,0.646,9,4.12,1,0,1,24.56,3,0
STU-02133,21,Female,High,77.82,84.02,0.633,11,3.18,1,1,0,6.54,0,0
STU-02134,25,Female,High,99.3,62.48,0.537,6,4.98,2,0,1,6.9,1,0
STU-02135,21,Female,Medium,82.74,80.04,0.668,11,5.27,3,0,0,0.78,1,0
STU-02136,20,Male,Medium,66.89,62.27,0.475,7,3.78,1,0,0,5.82,2,0
STU-02137,22,Female,Medium,75.56,68.45,0.506,7,4.58,1,1,0,1.55,2,0
STU-02138,20,Female,Medium,71.01,82.61,0.771,8,3.69,1,1,0,5.42,1,0
STU-02139,17,Male,Medium,93.8,76.13,0.83,9,7.27,1,0,0,14.66,2,0
STU-02140,20,Female,High,91.76,85.71,0.74,8,2.98,0,0,0,9.53,2,0
STU-02141,20,Female,High,82.58,66.21,0.709,11,3.69,3,0,0,15.46,3,0
STU-02142,17,Male,Medium,85.19,76.25,0.704,10,4.94,0,0,0,12.21,0,0
STU-02143,20,Male,Medium,81.04,57.98,0.658,6,3.58,5,0,0,5.76,4,0
STU-02144,17,Female,High,92.71,80.68,0.687,11,4.74,0,0,1,2.6,2,0
STU-02145,20,Male,Medium,87.72,80.96,0.818,11,3.99,0,1,0,12.62,1,0
STU-02146,21,Male,High,90.95,91.47,0.89,8,5.45,2,0,1,6.55,3,0
STU-02147,21,Female,Low,77.89,61.41,0.777,9,5.44,1,1,1,14.03,1,0
STU-02148,20,Male,High,76.3,68.09,0.739,10,3.85,0,0,1,8.48,0,0
STU-02149,20,Male,Medium,89.32,71.43,0.732,7,3.93,2,0,1,9.62,0,0
STU-02150,19,Male,Low,97.06,76.25,0.567,10,4.34,0,0,0,12.0,0,0
STU-02151,21,Male,Medium,94.17,70.56,0.631,8,6.6,0,1,0,16.61,1,0
STU-02152,21,Male,Low,97.4,57.38,0.483,10,6.26,0,1,0,6.38,0,0
STU-02153,19,Non-binary,Medium,83.78,64.79,0.545,7,3.64,0,1,0,6.53,5,0
STU-02154,21,Male,Medium,71.33,68.75,0.68,10,4.9,1,0,0,11.6,0,0
STU-02155,21,Male,Medium,72.31,68.23,0.702,8,4.28,1,0,0,3.83,3,0
STU-02156,20,Male,High,98.43,89.52,0.892,10,7.88,1,1,0,11.05,2,0
STU-02157,26,Male,Low,59.52,69.19,0.833,7,4.41,5,1,1,12.27,4,1
STU-02158,20,Male,Low,96.55,74.05,0.782,12,5.36,4,1,0,26.62,1,0
STU-02159,20,Female,Medium,73.34,54.34,0.405,6,5.64,0,0,0,10.7,1,0
STU-02160,20,Female,Low,100.0,84.23,0.837,12,4.68,1,1,0,15.78,0,0
STU-02161,18,Male,Medium,81.22,73.89,0.793,10,5.44,1,1,0,5.62,1,0
STU-02162,22,Female,Low,87.95,71.83,0.856,7,7.41,1,1,1,5.28,1,0
STU-02163,19,Male,Medium,100.0,95.2,0.889,11,7.08,1,0,0,6.94,0,0
STU-02164,19,Male,Medium,78.37,77.12,0.733,9,3.61,1,1,0,4.51,1,0
STU-02165,19,Male,High,79.43,76.11,0.871,7,4.02,2,0,1,10.95,0,0
STU-02166,18,Female,Low,72.36,68.57,0.698,9,2.32,1,1,0,3.57,0,0
STU-02167,17,Male,High,72.23,79.92,0.583,9,5.99,0,0,0,3.4,0,0
STU-02168,20,Female,Medium,78.37,65.72,0.434,10,2.13,2,0,0,3.15,0,0
STU-02169,22,Male,Medium,75.9,62.63,0.845,11,5.92,0,0,1,9.71,2,0
STU-02170,21,Female,Medium,68.25,65.42,0.443,12,1.29,1,0,0,3.41,4,0
STU-02171,24,Male,Medium,79.68,61.47,0.594,9,7.87,2,0,0,3.39,3,0
STU-02172,22,Male,Low,84.95,72.52,0.817,11,3.34,2,1,1,3.44,2,0
STU-02173,22,Male,Medium,72.15,70.6,0.482,7,3.65,2,1,1,0.79,1,0
STU-02174,24,Male,Low,78.21,69.05,0.551,12,5.78,0,0,1,5.06,2,0
STU-02175,20,Female,Medium,97.47,78.17,0.61,8,4.15,1,0,0,11.19,3,0
STU-02176,21,Female,Medium,66.39,83.39,1.0,12,5.78,0,1,1,10.33,0,0
STU-02177,20,Female,Medium,100.0,92.41,1.0,14,6.11,1,1,1,10.56,1,0
STU-02178,24,Non-binary,High,75.84,72.18,0.62,7,4.74,1,1,0,12.18,2,0
STU-02179,21,Male,Low,82.21,72.59,0.781,11,6.51,2,1,0,11.35,0,0
STU-02180,19,Female,High,97.32,97.23,0.962,12,5.66,3,0,1,5.63,1,0
STU-02181,22,Female,Medium,99.43,76.88,0.715,9,7.66,4,0,0,11.56,1,0
STU-02182,19,Female,High,88.42,69.53,0.489,9,4.84,2,1,1,3.03,1,0
STU-02183,22,Male,High,75.61,75.31,1.0,10,8.13,1,0,0,7.92,3,0
STU-02184,21,Female,Low,71.39,70.61,0.476,9,2.37,5,0,1,3.15,0,0
STU-02185,20,Female,Medium,75.68,76.21,0.768,12,3.76,1,1,1,4.6,3,0
STU-02186,22,Female,Low,100.0,88.48,0.772,11,5.44,1,1,0,16.5,1,0
STU-02187,17,Female,High,79.04,67.36,0.787,8,3.18,3,0,0,5.72,3,0
STU-02188,21,Female,Medium,85.56,61.98,0.721,11,6.25,1,1,0,4.59,0,0
STU-02189,20,Female,Low,68.52,59.24,0.478,5,3.31,3,1,0,13.26,0,0
STU-02190,27,Male,High,70.53,76.42,0.65,8,2.45,1,1,0,4.24,3,0
STU-02191,21,Male,Low,80.29,61.52,0.429,8,2.63,2,0,0,10.11,4,0
STU-02192,19,Female,Medium,78.43,53.31,0.567,10,2.93,2,0,0,8.48,1,0
STU-02193,18,Male,Medium,79.23,74.47,0.813,13,6.26,1,0,0,6.75,1,0
STU-02194,23,Male,Low,63.73,57.12,0.524,8,3.98,1,1,0,3.87,2,0
STU-02195,20,Male,Medium,81.19,56.7,0.544,8,4.01,1,1,1,19.53,1,0
STU-02196,19,Male,High,100.0,85.49,1.0,10,5.99,0,0,1,4.43,0,0
STU-02197,21,Female,Low,70.62,62.23,0.734,10,3.99,1,1,0,17.1,2,0
STU-02198,22,Male,Medium,91.87,95.86,1.0,10,8.63,0,0,0,10.58,0,0
STU-02199,22,Male,Low,41.89,53.2,0.274,5,1.23,2,1,0,13.13,1,1
STU-02200,21,Male,Medium,73.17,75.98,0.806,11,5.87,2,0,0,8.38,0,0
STU-02201,21,Female,Low,58.99,60.34,0.635,10,3.02,3,1,1,19.97,1,0
STU-02202,21,Female,High,96.85,77.26,0.602,8,7.44,3,1,0,23.36,0,0
STU-02203,21,Female,High,92.92,76.47,0.62,7,3.26,0,0,0,6.21,1,0
STU-02204,21,Non-binary,Low,68.62,75.95,0.714,8,5.3,1,0,1,4.64,5,0
STU-02205,23,Male,Medium,85.18,83.37,0.644,7,3.63,1,1,0,7.81,1,0
STU-02206,21,Female,Medium,95.22,65.82,0.556,7,7.96,0,0,0,6.01,0,0
STU-02207,19,Male,Medium,96.93,69.04,0.625,8,6.14,1,0,0,15.4,1,0
STU-02208,20,Female,Medium,77.54,60.29,0.673,11,2.06,0,0,0,10.95,3,0
STU-02209,22,Female,Low,55.7,69.54,0.6,9,1.92,0,1,1,2.8,3,0
STU-02210,17,Male,Low,70.12,48.54,0.448,12,4.35,4,1,0,2.73,1,0
STU-02211,17,Male,High,91.68,88.62,0.974,9,6.96,1,0,0,8.71,3,0
STU-02212,22,Male,Medium,100.0,86.98,0.625,12,6.12,0,0,1,15.34,2,0
STU-02213,24,Male,High,82.65,77.89,0.785,10,5.25,1,0,0,4.05,1,0
STU-02214,18,Male,Medium,75.32,66.43,0.704,8,4.0,1,0,1,10.36,4,0
STU-02215,21,Male,High,100.0,96.64,0.97,11,7.93,1,0,0,12.23,2,0
STU-02216,20,Female,Low,84.46,73.88,0.662,8,3.51,2,1,0,10.75,3,0
STU-02217,20,Male,Low,66.49,49.68,0.384,8,3.1,0,1,0,2.27,1,0
STU-02218,21,Male,High,81.94,63.97,0.819,11,4.24,1,0,0,5.45,2,0
STU-02219,18,Female,High,94.25,65.54,0.547,9,3.81,1,0,0,5.5,1,0
STU-02220,18,Female,Medium,81.23,85.99,0.694,11,4.03,1,0,0,12.25,5,0
STU-02221,20,Female,Medium,90.74,92.8,0.889,12,4.7,2,0,0,5.08,0,0
STU-02222,20,Female,Medium,64.34,76.75,0.659,11,4.57,3,0,1,2.88,2,0
STU-02223,18,Male,Medium,66.22,65.36,0.774,6,2.19,3,0,1,11.73,3,0
STU-02224,22,Female,Low,71.92,52.46,0.504,8,4.25,1,0,1,3.58,0,0
STU-02225,20,Male,High,80.15,64.68,0.784,11,4.03,1,0,0,1.66,1,0
STU-02226,20,Female,Low,83.67,62.47,0.677,7,4.77,2,1,1,5.32,2,0
STU-02227,21,Female,Medium,89.0,77.27,0.705,7,4.83,0,0,0,1.85,1,0
STU-02228,20,Female,Low,100.0,94.07,1.0,11,5.8,0,0,0,1.38,0,0
STU-02229,22,Female,Low,71.88,80.54,0.702,8,5.98,1,0,1,0.67,2,0
STU-02230,19,Non-binary,Medium,78.55,67.82,0.631,8,3.84,0,0,1,9.88,3,0
STU-02231,18,Female,Medium,74.18,48.24,0.563,7,4.92,0,0,0,7.41,1,0
STU-02232,20,Female,Medium,93.87,68.39,0.702,14,6.27,0,0,1,26.12,3,0
STU-02233,21,Female,Low,92.47,88.47,0.768,9,5.04,3,0,0,4.65,0,0
STU-02234,18,Female,High,78.33,76.66,0.562,10,2.36,2,0,0,18.42,1,0
STU-02235,18,Male,Medium,100.0,79.44,0.769,11,4.52,1,1,0,10.26,0,0
STU-02236,21,Male,High,75.45,68.71,0.59,5,5.87,2,0,0,4.91,4,0
STU-02237,19,Female,Low,91.33,68.53,0.679,12,5.77,2,1,0,3.08,0,0
STU-02238,17,Male,Medium,98.0,70.0,0.638,11,5.45,1,0,1,8.68,4,0
STU-02239,23,Male,Medium,67.02,87.89,0.758,9,3.45,1,0,0,3.48,1,0
STU-02240,19,Male,Medium,88.35,94.59,0.87,12,7.99,1,0,0,8.56,0,0
STU-02241,23,Male,Low,50.02,47.99,0.489,7,1.4,2,0,1,3.38,2,1
STU-02242,21,Female,Low,89.07,57.41,0.663,11,5.12,4,1,1,2.61,4,0
STU-02243,21,Male,Medium,69.88,70.23,0.742,5,5.02,1,0,0,1.29,1,0
STU-02244,20,Male,Low,86.24,72.12,0.958,12,3.92,1,0,0,8.13,0,0
STU-02245,17,Female,Medium,90.3,84.63,0.833,10,4.47,0,1,0,6.88,2,0
STU-02246,18,Non-binary,Low,92.32,85.06,0.739,10,4.68,1,0,0,2.53,3,0
STU-02247,20,Male,Low,89.79,63.6,0.613,8,6.01,0,0,1,6.38,2,0
STU-02248,21,Female,Medium,82.61,87.46,0.909,9,4.81,1,0,0,1.88,0,0
STU-02249,17,Male,Medium,77.81,68.82,0.799,9,2.85,2,1,0,7.29,0,0
STU-02250,20,Male,Medium,81.18,80.05,0.937,8,3.31,0,0,0,6.52,3,0
STU-02251,18,Male,Medium,69.72,65.85,0.531,9,2.56,3,1,0,11.36,2,1
STU-02252,21,Male,Medium,79.67,82.47,0.951,13,3.34,1,1,0,1.78,2,0
STU-02253,20,Male,Medium,78.8,49.2,0.502,6,5.03,1,0,1,0.64,0,0
STU-02254,22,Male,Medium,73.33,77.58,0.643,9,5.29,0,0,0,17.4,1,0
STU-02255,23,Male,High,64.1,59.2,0.57,7,3.52,3,1,0,9.26,0,0
STU-02256,21,Female,Medium,67.95,68.35,0.82,8,4.11,2,1,0,4.05,1,0
STU-02257,22,Female,High,48.6,72.52,0.766,8,4.47,1,0,0,16.49,2,0
STU-02258,20,Male,Medium,78.61,64.7,0.497,9,4.91,1,1,1,25.72,3,0
STU-02259,26,Male,Low,83.97,62.9,0.482,9,2.74,2,1,1,9.69,0,0
STU-02260,18,Female,Medium,52.49,56.48,0.423,5,1.33,3,0,1,6.38,0,0
STU-02261,19,Male,Medium,84.6,71.26,0.612,11,5.55,1,0,0,2.31,1,0
STU-02262,22,Male,High,81.9,65.56,0.659,9,4.97,0,0,0,5.16,3,0
STU-02263,22,Male,Medium,69.06,69.21,0.547,9,4.51,0,0,0,2.3,0,0
STU-02264,22,Female,Low,75.26,69.9,0.636,11,2.97,0,0,1,9.55,4,0
STU-02265,22,Male,Medium,93.56,84.54,0.983,7,5.1,1,0,0,30.88,3,1
STU-02266,17,Female,Low,69.28,57.26,0.772,10,5.04,0,0,0,10.3,3,0
STU-02267,24,Female,Medium,82.87,65.34,0.834,9,4.24,1,1,0,16.51,2,0
STU-02268,20,Male,Medium,85.81,75.0,0.517,11,2.19,0,0,0,6.22,2,0
STU-02269,23,Male,Medium,72.96,67.57,0.868,8,3.93,3,1,0,9.34,2,0
STU-02270,17,Female,High,94.34,79.78,0.785,12,5.27,2,1,0,5.58,1,0
STU-02271,21,Male,Medium,86.44,69.42,0.693,7,7.29,1,0,0,1.69,5,0
STU-02272,19,Male,Medium,79.23,76.33,0.867,10,3.97,2,0,0,0.89,1,0
STU-02273,22,Female,Medium,100.0,73.58,0.804,11,5.79,1,0,0,29.06,0,0
STU-02274,21,Female,High,94.39,80.83,0.559,9,7.7,1,0,0,4.42,1,0
STU-02275,21,Male,High,64.7,64.74,0.569,6,2.0,0,0,1,6.31,0,0
STU-02276,18,Male,Low,75.72,68.21,0.629,8,5.15,1,1,0,0.95,2,0
STU-02277,20,Female,Medium,100.0,94.85,0.745,12,4.69,0,1,0,5.61,3,0
STU-02278,20,Male,Low,69.2,52.27,0.654,11,4.57,0,0,1,11.81,1,1
STU-02279,22,Male,High,83.98,53.15,0.715,13,8.14,4,1,0,11.08,2,0
STU-02280,23,Male,Medium,95.54,74.92,0.73,11,6.54,1,1,1,7.36,4,0
STU-02281,21,Male,Medium,89.18,66.29,0.692,10,5.24,0,0,1,12.32,1,0
STU-02282,18,Female,Low,88.76,44.68,0.467,10,2.96,3,1,0,4.52,2,0
STU-02283,21,Female,Medium,90.11,95.72,0.924,14,5.57,1,0,0,16.9,1,0
STU-02284,26,Female,Medium,82.28,80.09,0.911,11,4.62,2,0,0,35.0,1,0
STU-02285,24,Male,Low,71.28,73.09,0.504,8,1.59,1,1,0,15.09,0,0
STU-02286,17,Male,Low,84.78,70.04,0.747,9,2.03,1,0,1,6.4,1,0
STU-02287,21,Male,High,78.82,78.79,0.767,9,3.64,1,0,0,3.72,1,0
STU-02288,22,Female,Medium,76.71,67.59,0.582,9,4.07,0,0,0,2.39,2,0
STU-02289,20,Male,Low,96.31,86.57,0.772,9,7.17,1,1,0,7.08,3,0
STU-02290,20,Female,Low,75.81,70.48,0.913,8,4.1,0,1,1,2.4,2,0
STU-02291,20,Female,High,100.0,84.38,0.654,10,5.66,0,0,0,8.59,1,0
STU-02292,22,Female,Medium,84.82,76.11,0.722,9,2.54,1,0,0,6.57,0,1
STU-02293,18,Male,Medium,80.25,88.17,1.0,11,4.49,3,1,1,3.66,3,0
STU-02294,23,Female,Medium,62.01,66.44,0.505,9,0.0,0,1,1,7.71,0,0
STU-02295,20,Male,Low,100.0,69.9,0.633,10,8.45,0,1,0,8.33,2,0
STU-02296,19,Non-binary,Low,79.93,73.93,0.728,10,5.0,0,1,0,10.25,2,0
STU-02297,23,Male,Medium,57.02,67.26,0.714,8,3.89,2,0,0,6.86,2,0
STU-02298,17,Female,Low,90.86,74.37,0.717,3,5.93,2,1,0,9.68,1,0
STU-02299,19,Male,Low,79.45,69.81,0.58,7,7.78,1,1,1,15.95,2,0
STU-02300,19,Male,Medium,71.76,58.78,0.645,10,3.48,3,0,1,2.61,3,0
STU-02301,25,Female,High,93.49,82.6,0.786,9,4.15,1,0,1,2.47,0,0
STU-02302,19,Male,Medium,53.96,48.76,0.579,9,5.88,2,0,0,12.0,2,0
STU-02303,17,Male,Medium,74.14,68.08,0.783,11,2.92,1,0,0,4.42,2,0
STU-02304,19,Female,Medium,78.71,66.09,0.476,8,5.68,1,1,0,16.29,5,0
STU-02305,21,Male,Medium,91.37,88.69,0.975,9,5.93,1,0,0,13.71,2,0
STU-02306,22,Female,Medium,100.0,98.5,0.906,11,6.81,2,0,0,16.61,1,0
STU-02307,25,Female,Medium,79.31,61.62,0.715,9,2.65,2,0,0,1.61,0,0
STU-02308,23,Male,Medium,87.06,76.74,0.807,11,8.93,1,1,0,6.61,3,0
STU-02309,21,Female,Medium,100.0,79.9,0.997,7,5.96,0,0,0,9.75,0,0
STU-02310,19,Female,High,83.3,81.38,0.788,8,4.09,3,0,1,2.98,1,0
STU-02311,24,Female,High,88.4,80.14,0.729,8,5.88,1,0,0,6.36,0,0
STU-02312,20,Female,Low,66.39,60.19,0.542,3,2.62,1,1,0,8.9,5,1
STU-02313,19,Female,Medium,100.0,83.94,0.685,9,6.09,3,1,0,3.91,3,0
STU-02314,20,Male,Low,72.16,64.69,0.739,6,2.65,2,1,1,2.93,0,0
STU-02315,18,Female,Medium,84.95,91.67,0.745,9,5.21,1,0,0,5.34,1,0
STU-02316,20,Female,Low,82.64,63.93,0.732,8,4.02,0,1,0,17.18,3,0
STU-02317,20,Male,Low,80.94,73.63,0.693,10,3.56,2,1,1,10.18,2,0
STU-02318,22,Non-binary,Medium,77.22,77.16,0.539,8,2.68,3,0,0,8.11,1,0
STU-02319,20,Female,Medium,84.65,80.02,0.954,7,6.9,3,0,0,13.14,4,0
STU-02320,18,Female,High,100.0,81.77,0.386,10,4.04,2,0,0,6.79,0,0
STU-02321,17,Female,Low,100.0,93.88,0.887,15,5.88,1,0,1,4.77,0,0
STU-02322,21,Female,Low,78.07,48.79,0.532,10,4.61,1,1,1,3.12,1,0
STU-02323,21,Female,Medium,77.06,61.05,0.334,9,4.93,2,0,0,5.92,5,0
STU-02324,19,Male,Low,71.1,72.97,0.767,8,3.16,1,0,0,11.43,4,1
STU-02325,20,Male,Low,100.0,71.4,0.62,9,5.59,1,0,1,0.52,4,0
STU-02326,21,Female,High,84.67,68.01,0.642,8,3.39,2,0,0,4.81,1,0
STU-02327,23,Non-binary,Low,92.27,71.82,0.866,11,5.43,1,1,1,6.24,1,0
STU-02328,19,Female,Low,87.66,66.42,0.675,7,6.4,3,1,0,4.74,5,0
STU-02329,21,Female,Medium,100.0,89.37,0.815,11,2.62,3,1,0,13.45,2,0
STU-02330,23,Female,Medium,79.28,82.1,0.773,8,3.55,1,0,0,9.78,1,0
STU-02331,19,Female,Medium,69.82,69.4,0.897,6,4.49,3,1,0,4.99,1,0
STU-02332,20,Male,Medium,100.0,93.55,0.942,10,6.85,1,0,1,12.75,2,0
STU-02333,20,Female,High,93.19,67.62,0.562,12,6.5,0,0,0,1.96,2,0
STU-02334,18,Male,Low,85.02,73.77,0.663,9,2.37,1,1,0,10.0,4,0
STU-02335,21,Female,Medium,98.89,95.95,0.771,4,7.7,1,0,1,3.46,1,0
STU-02336,21,Male,Medium,87.65,86.84,0.781,8,5.97,1,0,0,10.58,1,0
STU-02337,22,Male,High,100.0,99.11,1.0,13,6.16,1,1,0,8.42,3,0
STU-02338,18,Male,Medium,84.71,69.76,0.667,9,2.69,1,0,0,8.6,2,0
STU-02339,21,Female,Medium,91.92,88.29,0.687,11,4.33,2,1,0,8.85,1,0
STU-02340,23,Male,Low,85.79,69.11,0.733,9,6.44,1,1,1,6.22,1,0
STU-02341,25,Male,Low,76.42,74.83,0.684,9,4.46,1,1,1,8.45,0,0
STU-02342,23,Female,Low,77.74,82.62,0.866,9,4.82,1,1,1,2.46,2,0
STU-02343,18,Male,Medium,77.68,64.35,0.61,7,2.89,0,0,0,6.31,2,0
STU-02344,21,Female,Low,82.92,53.44,0.718,10,5.86,0,1,1,2.36,3,0
STU-02345,19,Female,Medium,76.99,90.43,0.757,12,4.48,1,1,0,20.22,2,0
STU-02346,21,Male,Low,84.79,77.78,0.617,10,4.26,1,1,1,3.46,0,0
STU-02347,19,Female,High,87.67,77.76,0.869,10,5.39,0,0,0,17.97,3,0
STU-02348,17,Female,High,85.51,76.17,0.502,7,3.35,4,0,0,14.06,1,0
STU-02349,20,Female,Low,82.45,50.81,0.501,10,2.97,1,1,0,5.37,2,0
STU-02350,22,Female,Low,73.77,69.7,0.782,8,2.5,0,1,1,4.11,3,0
STU-02351,21,Female,Low,76.9,63.81,0.372,9,2.58,3,1,0,5.82,1,0
STU-02352,21,Female,High,64.87,68.41,0.683,10,1.38,2,0,1,24.44,0,0
STU-02353,21,Male,Low,78.68,70.27,0.512,10,4.66,0,0,0,5.02,3,0
STU-02354,21,Male,Medium,71.16,35.38,0.166,9,1.6,1,0,0,15.92,3,1
STU-02355,22,Male,Medium,83.1,79.79,0.646,11,4.06,2,0,0,17.83,4,1
STU-02356,20,Female,Medium,74.14,72.48,0.688,6,4.29,3,0,0,4.41,1,0
STU-02357,21,Male,Medium,59.44,66.77,0.576,6,2.19,1,0,0,6.21,6,1
STU-02358,24,Female,Medium,100.0,81.17,0.919,8,4.59,0,1,1,1.6,1,0
STU-02359,21,Female,High,80.7,75.98,0.751,7,5.14,2,1,0,8.21,2,0
STU-02360,21,Male,Low,95.92,79.97,0.717,13,8.05,2,0,1,8.22,1,0
STU-02361,21,Female,High,77.45,76.67,0.59,7,5.45,1,1,1,6.68,4,1
STU-02362,20,Male,Low,98.68,84.32,0.84,8,7.72,0,1,0,5.93,0,0
STU-02363,20,Male,Medium,69.33,71.11,0.945,9,3.13,0,0,1,11.92,1,0
STU-02364,21,Male,High,85.19,96.14,0.832,8,5.03,0,0,1,14.26,1,0
STU-02365,19,Female,Medium,69.98,61.33,0.543,12,3.41,0,1,0,12.82,3,0
STU-02366,20,Female,Medium,100.0,79.25,0.642,9,7.35,1,1,0,6.76,4,0
STU-02367,19,Female,Low,77.26,86.21,0.972,11,6.67,2,1,0,10.98,1,0
STU-02368,21,Male,Medium,91.11,77.19,0.862,9,5.43,1,0,0,7.13,0,0
STU-02369,22,Male,Medium,86.96,86.06,0.775,7,1.99,1,0,0,5.68,1,0
STU-02370,20,Male,Medium,81.72,75.58,0.665,8,2.98,2,1,0,7.52,0,0
STU-02371,17,Female,Medium,87.69,74.82,0.617,8,5.61,1,0,0,5.0,1,0
STU-02372,22,Male,Medium,96.95,91.4,0.84,9,5.4,2,0,0,3.22,2,0
STU-02373,21,Male,Medium,89.35,83.07,0.925,7,5.63,0,0,0,16.53,1,0
STU-02374,18,Male,Low,81.79,56.12,0.573,9,5.17,2,1,0,12.03,0,0
STU-02375,22,Male,Medium,87.71,78.84,0.92,10,7.28,1,0,0,3.5,2,0
STU-02376,18,Female,Low,100.0,70.25,0.604,7,4.14,2,1,0,3.81,2,0
STU-02377,23,Female,High,78.67,87.22,0.561,9,4.96,0,1,0,8.5,0,0
STU-02378,20,Male,Medium,61.61,82.11,1.0,10,7.03,0,0,1,7.08,2,0
STU-02379,17,Female,Low,67.94,83.55,0.832,11,6.52,2,0,1,4.64,0,0
STU-02380,21,Female,Medium,70.76,72.54,0.804,4,3.81,0,0,1,5.37,3,0
STU-02381,20,Female,High,73.56,67.44,0.572,7,4.35,1,0,0,4.2,1,0
STU-02382,19,Female,Low,70.68,69.35,0.52,6,4.69,1,1,0,8.84,1,0
STU-02383,19,Male,Low,79.74,61.08,0.63,8,4.43,0,1,1,13.57,2,0
STU-02384,20,Female,Low,82.72,95.36,0.67,12,4.32,2,1,1,7.47,0,0
STU-02385,19,Female,Low,82.6,83.79,0.777,8,2.58,1,1,0,6.09,1,0
STU-02386,17,Male,Medium,73.97,73.55,0.842,8,3.61,1,0,0,3.1,2,0
STU-02387,23,Male,High,94.18,91.93,0.933,9,5.05,0,0,0,1.97,5,0
STU-02388,20,Female,Low,85.88,68.5,0.706,12,3.16,0,0,1,2.46,1,0
STU-02389,19,Female,Medium,99.39,71.63,0.912,7,6.34,1,0,0,8.93,1,0
STU-02390,18,Female,Low,89.31,52.94,0.585,8,5.91,2,1,0,9.11,3,0
STU-02391,22,Female,Medium,78.16,73.35,0.489,7,3.3,0,0,0,1.36,2,0
STU-02392,18,Female,Medium,96.36,79.17,0.751,7,2.45,0,0,0,2.37,3,0
STU-02393,21,Female,Medium,85.01,81.0,1.0,12,5.66,3,1,1,4.9,2,0
STU-02394,19,Male,Low,88.78,74.94,0.695,6,5.4,1,1,0,5.2,0,0
STU-02395,19,Male,Medium,89.92,82.9,1.0,10,6.34,1,1,0,27.79,1,0
STU-02396,18,Male,High,81.88,84.16,0.935,10,4.47,2,1,0,0.99,1,0
STU-02397,19,Female,Low,81.14,56.54,0.523,7,2.44,1,1,1,5.74,2,0
STU-02398,21,Female,Low,78.55,78.6,0.634,6,5.6,2,1,1,2.08,1,0
STU-02399,21,Non-binary,Low,70.62,62.03,0.66,8,4.58,3,1,0,8.55,1,0
STU-02400,19,Male,Medium,58.41,68.21,0.826,7,3.12,1,1,0,4.48,4,0
STU-02401,20,Male,Medium,74.37,80.92,0.594,10,1.95,0,0,0,5.13,3,0
STU-02402,22,Female,Medium,84.19,85.7,0.84,11,5.59,1,0,0,0.44,0,0
STU-02403,17,Female,Medium,93.94,81.38,0.543,13,3.51,2,0,1,11.39,1,0
STU-02404,20,Male,High,92.01,82.7,0.758,10,5.9,0,1,0,25.23,3,0
STU-02405,19,Male,High,80.17,84.15,0.613,10,4.59,2,1,0,6.58,1,0
STU-02406,18,Female,Low,72.52,52.0,0.6,8,6.89,1,1,1,7.36,1,0
STU-02407,21,Male,Medium,80.02,63.89,0.553,12,4.06,0,0,1,12.36,0,0
STU-02408,19,Male,Low,69.27,62.66,0.764,9,7.16,0,0,0,7.01,2,0
STU-02409,18,Male,Medium,58.73,49.86,0.449,7,2.99,1,1,0,6.88,2,1
STU-02410,23,Female,High,66.25,65.83,0.577,9,2.69,4,0,1,11.31,2,0
STU-02411,22,Male,Medium,97.12,78.36,0.568,8,3.51,0,0,0,1.15,3,0
STU-02412,17,Male,High,100.0,85.62,0.871,10,4.86,1,0,0,8.43,1,0
STU-02413,17,Female,Medium,90.29,77.77,0.815,11,6.07,1,0,0,4.38,1,0
STU-02414,22,Male,Medium,81.36,84.75,0.93,11,5.62,1,0,0,16.16,2,0
STU-02415,20,Male,Medium,66.68,72.74,0.791,10,1.76,2,0,0,8.41,2,0
STU-02416,24,Male,Low,78.23,69.04,0.728,9,6.08,2,0,1,4.38,1,0
STU-02417,22,Female,Low,86.73,70.5,0.765,10,7.22,2,1,0,10.14,2,0
STU-02418,21,Male,Medium,91.13,78.27,0.844,12,3.01,0,0,0,12.44,2,0
STU-02419,18,Female,Low,87.58,73.94,0.832,8,6.82,0,1,0,7.07,2,0
STU-02420,22,Female,High,96.56,100.0,0.766,10,7.95,2,0,0,17.85,1,0
STU-02421,18,Female,Low,100.0,65.62,0.595,5,2.69,4,1,1,15.45,3,0
STU-02422,23,Female,Low,75.54,59.2,0.4,9,2.83,1,1,0,8.23,2,1
STU-02423,21,Female,Medium,100.0,72.27,0.748,9,4.51,2,0,0,4.78,3,0
STU-02424,19,Male,Low,57.78,62.63,0.82,7,5.39,1,1,1,1.22,2,0
STU-02425,22,Male,High,74.69,74.9,0.839,9,4.26,0,1,0,5.69,1,0
STU-02426,25,Female,Medium,84.2,69.69,0.613,10,3.91,0,1,1,4.44,1,0
STU-02427,20,Non-binary,Low,86.04,82.46,0.858,14,6.01,1,1,1,8.1,3,0
STU-02428,22,Female,Medium,80.0,77.1,0.792,7,7.12,2,0,1,6.49,0,0
STU-02429,20,Male,Medium,76.55,81.12,0.813,8,4.76,2,0,0,7.18,2,0
STU-02430,21,Male,Medium,100.0,95.03,0.75,11,5.04,0,1,0,8.14,2,0
STU-02431,17,Male,High,77.27,52.53,0.695,8,4.1,4,1,0,14.31,2,0
STU-02432,20,Male,Medium,70.79,75.83,0.598,10,4.82,2,0,0,4.98,3,0
STU-02433,21,Male,Medium,100.0,70.1,0.646,10,3.5,1,0,0,5.23,1,0
STU-02434,24,Female,Medium,91.34,81.34,0.902,12,5.77,2,0,0,11.15,1,0
STU-02435,17,Female,Medium,94.04,79.41,0.726,9,4.04,1,0,0,18.43,1,0
STU-02436,20,Female,High,85.4,77.44,0.763,11,3.4,1,0,0,9.39,0,0
STU-02437,23,Female,Medium,66.86,55.05,0.573,6,0.92,0,0,1,27.59,3,1
STU-02438,20,Female,Medium,82.93,85.11,0.828,13,4.46,0,1,0,6.81,1,0
STU-02439,20,Female,Medium,65.35,53.46,0.559,5,5.04,3,0,0,9.84,3,0
STU-02440,19,Male,Medium,84.67,83.14,0.829,8,2.48,1,0,0,5.04,0,0
STU-02441,19,Male,High,90.44,65.84,0.661,7,5.75,0,0,0,32.18,0,0
STU-02442,17,Male,Low,91.83,76.1,0.634,11,4.05,1,0,1,12.66,2,0
STU-02443,19,Male,Low,78.98,88.16,0.661,10,2.98,0,1,0,8.92,2,0
STU-02444,18,Female,Medium,90.23,100.0,1.0,8,6.54,0,0,0,33.47,0,0
STU-02445,21,Female,Medium,72.06,53.4,0.67,10,6.02,2,1,0,4.67,3,0
STU-02446,19,Male,Medium,92.63,72.42,0.75,9,7.47,0,0,1,0.86,0,0
STU-02447,19,Male,Low,87.42,68.94,0.719,10,5.43,2,1,1,3.48,0,0
STU-02448,20,Female,Medium,73.2,92.69,0.776,10,4.48,1,0,1,4.32,2,0
STU-02449,20,Female,Medium,87.83,76.48,0.452,8,4.75,3,0,0,9.35,1,0
STU-02450,19,Male,Medium,93.99,90.86,0.84,12,9.19,1,1,1,12.16,1,0
STU-02451,18,Female,Medium,82.87,77.77,0.529,8,3.81,0,0,1,2.05,2,0
STU-02452,21,Female,Medium,72.95,58.03,0.607,9,5.61,1,0,1,10.19,2,0
STU-02453,23,Female,Medium,83.96,56.7,0.73,9,4.08,0,0,0,1.06,4,0
STU-02454,21,Male,Medium,88.08,71.15,0.625,6,3.6,3,1,0,2.97,0,0
STU-02455,19,Male,Medium,72.87,93.15,0.823,9,7.19,0,1,1,13.54,0,0
STU-02456,20,Male,Medium,70.92,71.62,0.582,7,3.86,0,0,0,18.49,4,0
STU-02457,17,Male,Medium,87.74,87.66,0.848,12,5.77,1,0,0,13.79,0,0
STU-02458,20,Male,Low,89.06,60.76,0.604,7,5.51,0,1,1,5.58,3,0
STU-02459,20,Female,Low,100.0,76.95,0.627,12,4.06,2,1,1,3.95,2,0
STU-02460,19,Male,Medium,89.32,85.66,0.934,10,5.2,1,0,0,15.01,2,0
STU-02461,19,Male,High,69.95,59.41,0.921,10,4.0,1,0,0,3.46,1,0
STU-02462,20,Male,Medium,100.0,82.36,0.939,8,6.77,0,0,0,10.26,0,0
STU-02463,23,Female,Low,91.6,67.37,0.653,9,5.52,1,0,1,4.77,2,0
STU-02464,23,Male,Medium,59.94,72.04,0.692,7,2.87,1,0,0,9.63,2,0
STU-02465,19,Male,Low,68.67,69.15,0.62,12,6.71,3,1,1,1.95,3,0
STU-02466,19,Female,Medium,76.59,78.6,0.699,8,4.45,2,1,1,19.42,1,0
STU-02467,19,Female,High,92.47,89.85,0.976,13,6.23,0,0,0,2.23,3,0
STU-02468,22,Female,Medium,55.83,59.52,0.718,10,5.49,2,0,0,3.25,3,1
STU-02469,21,Male,Medium,80.69,83.76,0.668,11,3.34,1,0,1,8.1,0,0
STU-02470,21,Male,Medium,90.59,72.59,0.755,9,4.56,2,0,0,17.48,2,0
STU-02471,22,Female,Medium,50.82,65.65,0.784,11,4.0,1,0,0,2.8,1,0
STU-02472,19,Male,High,91.46,60.94,0.568,13,2.67,1,0,0,5.65,0,0
STU-02473,23,Female,Medium,91.54,71.47,0.676,10,4.75,2,0,0,6.99,1,0
STU-02474,20,Female,Medium,72.69,93.05,0.973,9,8.05,0,0,0,13.93,2,0
STU-02475,19,Female,Medium,69.31,74.38,0.814,7,7.08,1,1,0,2.45,2,0
STU-02476,20,Male,Low,70.51,72.16,0.759,10,5.66,1,1,0,11.12,2,0
STU-02477,23,Male,Low,50.61,48.25,0.53,7,4.43,2,1,1,16.12,3,1
STU-02478,20,Female,Low,76.41,57.94,0.63,9,4.95,0,1,1,8.66,1,0
STU-02479,22,Female,Medium,84.42,72.88,0.68,7,4.17,2,0,0,1.61,2,0
STU-02480,19,Male,High,69.84,69.6,0.551,8,6.01,1,0,0,11.75,3,0
STU-02481,19,Male,Medium,92.69,98.64,0.751,12,4.05,0,0,0,16.92,0,0
STU-02482,22,Male,Low,81.13,81.33,0.859,11,6.55,4,1,0,5.59,1,0
STU-02483,19,Male,Low,82.86,73.06,0.728,9,4.15,3,1,0,2.03,1,0
STU-02484,22,Male,Medium,77.58,72.89,0.769,9,4.12,4,1,0,8.84,1,0
STU-02485,21,Female,High,91.42,88.21,0.748,7,6.06,0,1,0,6.82,1,0
STU-02486,19,Male,Medium,96.2,67.99,0.683,9,8.16,1,0,0,2.65,4,0
STU-02487,20,Female,Medium,77.52,52.99,0.55,8,6.05,1,1,0,11.48,2,0
STU-02488,19,Female,High,91.62,88.16,1.0,12,6.6,1,0,0,9.03,1,0
STU-02489,21,Female,Low,88.49,75.4,0.838,9,5.55,1,1,1,6.67,0,0
STU-02490,24,Female,Medium,86.6,63.45,0.543,7,5.53,1,0,0,6.09,4,0
STU-02491,20,Male,High,100.0,63.8,0.695,12,7.44,0,1,0,8.9,0,0
STU-02492,22,Non-binary,Medium,74.01,79.46,0.681,8,1.85,0,1,0,2.96,1,0
STU-02493,21,Male,Low,75.36,63.16,0.316,6,3.02,1,0,1,13.89,1,0
STU-02494,21,Female,High,74.7,76.61,0.953,11,3.74,0,1,0,16.19,5,0
STU-02495,20,Male,High,91.23,77.9,0.712,11,4.88,0,0,0,6.14,1,0
STU-02496,19,Male,Medium,79.0,72.58,0.836,9,3.27,1,1,0,5.3,0,0
STU-02497,21,Female,Medium,74.35,64.76,0.564,8,1.42,0,1,0,3.56,1,0
STU-02498,20,Male,Low,98.29,78.62,0.667,11,3.51,1,0,1,2.17,2,0
STU-02499,19,Male,High,100.0,90.52,0.802,11,5.09,1,0,0,4.84,0,0
STU-02500,23,Female,Medium,78.38,69.87,0.718,9,5.45,3,1,1,7.52,3,0
STU-02501,21,Male,Low,64.96,60.05,0.623,8,2.58,1,1,1,11.79,1,0
STU-02502,20,Male,Medium,100.0,89.08,0.914,10,5.01,1,1,0,2.49,1,0
STU-02503,23,Female,High,88.43,85.94,0.768,9,5.79,1,1,0,6.36,2,0
STU-02504,17,Female,High,87.88,67.56,0.672,9,5.31,1,1,0,6.68,0,0
STU-02505,23,Male,Low,81.16,70.87,0.595,7,6.74,0,1,1,9.99,2,0
STU-02506,19,Male,Low,71.2,61.14,0.788,7,5.83,1,1,1,4.41,1,0
STU-02507,21,Non-binary,High,78.7,74.67,0.572,8,2.73,1,1,0,17.77,2,0
STU-02508,19,Male,High,90.7,94.63,0.804,12,4.52,1,1,1,13.5,1,0
STU-02509,19,Male,Medium,77.08,75.59,0.686,5,5.51,0,1,1,8.04,0,0
STU-02510,23,Male,Medium,86.76,98.29,1.0,10,4.66,1,1,0,16.54,2,0
STU-02511,24,Male,Medium,82.15,76.63,0.838,10,4.73,1,0,0,10.4,1,0
STU-02512,20,Male,Medium,70.37,67.12,0.561,10,1.37,2,1,1,15.18,4,0
STU-02513,21,Female,Low,97.83,78.96,0.865,14,4.14,1,1,1,12.67,0,0
STU-02514,21,Male,Low,86.53,75.16,0.795,9,7.0,1,1,0,9.44,3,0
STU-02515,24,Male,Low,83.64,75.57,0.77,13,5.26,3,1,0,9.69,0,0
STU-02516,17,Male,High,89.36,69.72,0.77,11,4.4,2,0,0,8.25,1,0
STU-02517,21,Male,Low,60.28,58.8,0.598,9,2.74,0,1,1,28.5,2,0
STU-02518,19,Male,Low,74.58,60.75,0.629,7,6.57,0,0,1,14.03,1,1
STU-02519,17,Female,Medium,65.2,76.59,0.56,9,2.61,3,0,1,7.74,2,0
STU-02520,20,Female,Low,81.37,52.0,0.705,11,5.38,1,0,1,17.33,2,0
STU-02521,24,Female,Low,83.59,73.89,0.669,8,5.92,0,1,0,4.37,5,0
STU-02522,19,Female,Medium,83.55,59.92,0.453,4,6.03,2,1,0,8.55,1,0
STU-02523,22,Female,Medium,94.96,84.91,0.758,10,4.31,1,0,1,4.45,1,0
STU-02524,23,Female,Medium,65.53,62.46,0.567,7,1.61,3,1,0,7.31,1,0
STU-02525,20,Female,High,74.46,54.32,0.456,10,2.07,0,0,0,5.51,3,0
STU-02526,21,Female,Low,84.56,82.21,0.888,9,6.47,1,1,1,7.66,1,0
STU-02527,17,Male,High,86.15,52.94,0.657,8,7.57,0,0,0,4.38,1,0
STU-02528,19,Male,High,68.78,69.45,0.449,6,4.4,2,0,1,8.71,0,0
STU-02529,22,Female,High,96.41,89.94,0.8,9,4.78,2,0,0,2.3,0,0
STU-02530,21,Female,Medium,98.98,96.28,0.864,15,7.68,0,0,0,5.92,3,0
STU-02531,21,Female,Medium,86.68,60.51,0.585,6,3.92,0,0,1,4.78,3,0
STU-02532,21,Female,Medium,65.4,61.23,0.817,6,3.19,2,1,0,0.42,1,0
STU-02533,25,Female,Medium,83.76,86.04,0.731,9,4.44,2,0,0,14.59,3,0
STU-02534,20,Female,Low,83.74,83.91,0.997,14,4.95,0,1,0,21.16,1,0
STU-02535,24,Female,High,80.26,88.08,0.828,11,4.08,0,0,0,9.95,2,0
STU-02536,21,Non-binary,Medium,96.82,100.0,1.0,14,8.07,0,0,1,7.08,0,0
STU-02537,24,Male,Medium,80.72,68.66,0.64,8,3.76,0,0,0,4.78,0,0
STU-02538,18,Male,Medium,100.0,86.72,0.783,8,3.58,0,1,0,8.48,2,0
STU-02539,21,Female,Low,88.61,71.28,0.697,9,5.84,0,1,1,11.69,1,0
STU-02540,20,Female,Medium,85.04,56.07,0.723,9,3.6,1,0,0,14.2,0,0
STU-02541,21,Male,Medium,92.12,78.32,0.78,10,4.15,0,0,0,11.85,1,0
STU-02542,23,Female,Medium,98.84,62.5,0.649,10,6.3,0,0,0,4.26,0,0
STU-02543,21,Male,Medium,91.89,73.9,0.799,11,4.48,0,1,0,5.18,0,0
STU-02544,23,Non-binary,Low,79.17,55.52,0.457,7,3.19,2,1,1,2.99,0,0
STU-02545,19,Male,Medium,74.74,75.26,0.775,7,4.7,1,1,0,3.85,1,0
STU-02546,19,Female,Medium,69.66,60.65,0.532,6,3.24,1,0,0,11.59,1,0
STU-02547,21,Male,High,56.4,45.97,0.656,8,2.84,1,0,0,6.99,2,0
STU-02548,20,Female,Low,81.92,80.18,0.827,10,1.85,3,1,0,11.92,3,0
STU-02549,20,Female,Medium,77.74,66.28,0.739,11,4.42,1,1,0,13.29,3,0
STU-02550,18,Female,Low,76.32,64.51,0.396,11,5.76,1,1,1,7.91,2,0
STU-02551,23,Male,Medium,93.32,70.01,0.774,8,6.36,1,0,0,12.35,1,0
STU-02552,20,Male,Medium,80.77,85.26,0.8,9,4.47,2,1,0,6.02,1,0
STU-02553,23,Female,Medium,100.0,85.71,0.653,10,6.05,3,0,0,8.07,4,0
STU-02554,21,Female,High,76.95,67.55,0.679,6,5.31,2,0,1,2.23,2,0
STU-02555,22,Male,Low,69.32,46.33,0.301,6,1.7,1,1,1,5.75,1,0
STU-02556,22,Male,Medium,68.17,92.83,0.961,12,6.7,4,0,1,3.93,1,0
STU-02557,19,Female,Low,87.95,94.21,1.0,9,6.19,3,0,1,1.78,1,0
STU-02558,21,Female,Low,92.67,91.11,0.657,8,4.64,1,1,0,9.14,1,0
STU-02559,25,Male,Medium,75.46,64.19,0.635,9,6.45,0,0,0,6.45,4,0
STU-02560,21,Male,Low,68.3,59.97,0.582,10,0.84,3,1,0,5.32,2,0
STU-02561,22,Male,Medium,98.83,86.45,0.593,9,3.5,2,1,0,5.52,1,0
STU-02562,22,Female,Medium,66.05,57.76,0.692,8,4.89,0,0,0,2.45,2,0
STU-02563,21,Female,Medium,93.11,69.8,0.762,6,6.37,0,0,0,10.79,1,0
STU-02564,21,Female,Medium,75.72,85.93,1.0,11,7.71,0,1,0,10.77,5,0
STU-02565,22,Female,Medium,86.37,75.91,0.8,10,2.09,2,0,0,4.22,1,0
STU-02566,22,Male,Medium,93.85,68.85,0.573,11,6.06,0,1,0,2.85,0,0
STU-02567,18,Female,Low,85.24,82.64,0.86,6,3.65,0,0,1,9.22,0,0
STU-02568,21,Male,Low,76.75,63.3,0.785,9,5.35,1,1,0,18.33,2,0
STU-02569,20,Male,Medium,97.36,61.94,0.563,11,4.89,0,1,0,7.35,1,0
STU-02570,20,Non-binary,High,86.43,66.89,0.764,9,6.32,1,1,0,11.73,2,0
STU-02571,23,Male,Low,100.0,75.04,0.45,9,4.41,1,1,1,5.09,1,0
STU-02572,19,Male,Medium,63.24,67.56,0.844,8,5.76,1,0,0,8.29,1,0
STU-02573,18,Female,Medium,63.08,67.0,0.759,8,2.91,1,1,0,1.0,2,0
STU-02574,22,Female,High,94.19,94.24,0.594,12,4.83,1,0,1,4.76,0,0
STU-02575,18,Female,Medium,81.65,71.82,0.75,7,5.15,1,0,0,2.78,0,0
STU-02576,17,Non-binary,Medium,90.72,73.89,0.484,9,6.78,0,0,0,23.83,3,0
STU-02577,22,Male,Medium,69.92,81.01,0.711,9,5.39,2,1,0,7.01,2,0
STU-02578,21,Female,High,83.85,86.78,0.916,12,5.79,0,1,0,31.61,0,0
STU-02579,21,Female,Low,85.03,70.88,0.68,9,5.7,3,0,0,6.95,3,0
STU-02580,20,Female,High,77.27,76.76,0.898,11,6.67,2,0,1,9.13,2,0
STU-02581,18,Female,Low,82.55,67.07,0.671,9,5.19,0,0,1,6.41,2,0
STU-02582,18,Male,High,68.27,57.9,0.579,8,2.29,1,0,0,5.3,0,0
STU-02583,20,Female,Low,84.34,94.66,1.0,10,6.68,1,1,0,8.91,0,0
STU-02584,18,Male,Low,95.9,72.81,0.673,11,5.23,1,1,1,11.38,3,0
STU-02585,21,Male,Low,66.39,67.02,0.66,9,3.4,2,1,0,3.47,3,0
STU-02586,20,Female,Medium,67.72,52.35,0.548,6,2.5,2,0,0,5.2,1,0
STU-02587,21,Female,Medium,95.09,88.01,0.837,11,6.57,1,0,0,2.14,0,0
STU-02588,21,Non-binary,Low,65.53,51.59,0.668,9,4.6,1,1,1,1.45,1,0
STU-02589,21,Male,Medium,91.25,95.58,0.831,13,4.23,0,1,0,11.37,1,0
STU-02590,22,Female,Medium,82.61,92.63,0.786,8,3.48,0,0,0,10.56,2,0
STU-02591,20,Female,Medium,77.4,77.81,0.629,10,6.94,0,1,0,6.04,2,0
STU-02592,21,Male,High,99.38,85.6,0.567,9,6.29,0,0,0,10.57,0,0
STU-02593,21,Male,Medium,92.21,77.39,0.931,11,6.05,3,0,1,11.71,0,0
STU-02594,17,Male,Low,83.08,71.6,0.595,7,5.29,4,1,1,14.51,3,0
STU-02595,22,Male,Low,56.32,63.33,0.602,7,2.61,3,1,1,1.05,1,0
STU-02596,21,Male,High,91.08,81.37,0.975,11,5.78,0,1,1,7.17,0,0
STU-02597,22,Female,Low,68.22,74.76,0.713,7,4.18,3,0,1,2.81,2,0
STU-02598,18,Male,Medium,79.56,64.01,0.698,12,5.97,1,0,0,3.87,3,0
STU-02599,20,Female,High,83.33,92.03,0.71,6,2.84,2,0,0,3.61,4,1
STU-02600,18,Male,High,100.0,80.52,0.948,12,4.91,0,0,1,8.66,3,0
STU-02601,22,Non-binary,Medium,79.21,65.56,0.636,4,2.68,1,1,0,4.58,3,0
STU-02602,18,Non-binary,Medium,66.35,70.47,0.571,7,4.81,2,0,0,1.03,2,0
STU-02603,19,Male,Medium,98.17,86.39,0.709,11,5.34,2,1,1,9.7,0,0
STU-02604,22,Male,Medium,89.98,60.83,0.812,11,4.16,1,1,0,2.75,0,0
STU-02605,19,Male,Low,88.39,69.82,0.617,9,4.44,1,1,1,2.87,4,0
STU-02606,19,Non-binary,Low,96.37,56.74,0.454,9,3.7,0,1,1,34.42,2,0
STU-02607,22,Male,Medium,100.0,76.24,0.691,11,3.5,0,0,0,16.93,0,0
STU-02608,22,Female,Low,70.19,59.57,0.603,10,5.65,1,1,1,4.59,1,0
STU-02609,22,Female,Medium,66.7,69.99,0.707,11,3.85,2,0,0,3.24,0,0
STU-02610,22,Male,Medium,91.27,70.93,0.75,7,7.1,1,1,0,11.06,1,0
STU-02611,20,Male,High,80.36,69.81,0.715,9,2.68,0,0,1,35.0,0,0
STU-02612,20,Male,High,81.36,88.84,0.93,6,6.14,0,1,1,19.63,2,0
STU-02613,19,Male,Medium,69.66,89.08,0.822,6,2.55,2,0,1,11.75,4,0
STU-02614,21,Female,Medium,88.42,68.23,0.922,9,9.15,1,0,0,19.53,0,0
STU-02615,19,Female,Low,84.42,82.92,0.742,11,2.55,2,0,1,10.06,1,0
STU-02616,20,Male,Medium,80.29,77.42,0.915,9,7.86,0,1,0,18.68,0,0
STU-02617,22,Female,Low,64.73,45.88,0.407,7,2.99,4,1,1,4.09,3,1
STU-02618,23,Male,High,96.55,75.18,0.562,10,4.69,1,0,0,14.27,0,0
STU-02619,21,Male,High,86.06,47.78,0.295,7,4.44,0,0,1,6.7,4,1
STU-02620,24,Male,High,95.55,85.85,0.863,7,4.55,2,0,0,11.51,1,0
STU-02621,19,Female,High,60.12,54.84,0.696,7,4.83,0,1,0,20.14,0,0
STU-02622,17,Male,High,83.88,78.35,0.623,9,5.77,0,0,0,5.7,1,0
STU-02623,22,Female,Low,72.11,92.52,0.779,10,4.56,4,1,1,3.87,2,0
STU-02624,19,Female,High,83.65,92.83,0.934,10,5.9,0,1,0,15.14,2,0
STU-02625,20,Female,Medium,92.38,71.67,0.703,11,7.91,1,0,0,8.54,1,0
STU-02626,17,Female,Medium,86.07,66.23,0.586,11,5.46,0,1,1,9.12,4,1
STU-02627,19,Male,Medium,82.2,87.39,0.686,11,3.6,0,0,0,3.74,3,0
STU-02628,17,Male,Medium,82.14,64.38,0.677,9,5.71,1,0,0,10.98,0,0
STU-02629,20,Female,Low,62.84,72.28,0.787,6,3.39,3,1,0,13.29,3,0
STU-02630,20,Male,Low,70.03,93.17,0.949,7,3.96,2,1,0,4.6,1,0
STU-02631,21,Male,Low,92.33,83.27,0.807,8,6.26,0,0,0,6.63,3,0
STU-02632,23,Male,Medium,76.44,83.53,0.68,7,3.0,1,0,0,4.65,0,0
STU-02633,22,Male,High,95.79,93.41,0.93,11,6.15,1,0,0,10.31,1,0
STU-02634,17,Male,Medium,91.09,73.15,0.745,13,6.23,2,0,0,16.84,1,0
STU-02635,22,Female,Medium,91.67,81.9,0.635,10,7.63,0,0,1,0.2,0,0
STU-02636,21,Female,Medium,85.66,66.55,0.622,9,5.54,0,0,1,5.0,3,0
STU-02637,20,Male,Medium,77.2,84.96,0.863,11,2.98,1,0,0,23.42,3,0
STU-02638,20,Male,Low,78.34,58.95,0.583,7,2.35,2,1,0,6.26,0,0
STU-02639,21,Male,High,90.29,87.1,0.602,11,7.21,0,1,0,8.58,1,0
STU-02640,19,Female,Low,56.62,70.69,0.618,9,2.44,0,1,1,32.28,0,0
STU-02641,20,Female,Medium,95.68,76.01,0.656,10,3.08,0,0,0,21.7,4,0
STU-02642,23,Male,Medium,76.5,64.51,0.708,13,3.1,1,0,0,10.67,3,0
STU-02643,19,Female,Medium,81.05,72.21,1.0,12,6.76,1,1,0,6.43,2,0
STU-02644,18,Male,High,82.4,67.38,0.682,9,4.85,0,0,0,13.05,3,0
STU-02645,20,Male,Low,79.56,71.95,0.562,8,5.08,0,1,0,4.61,0,0
STU-02646,18,Female,High,68.8,60.6,0.588,7,3.73,2,0,0,4.85,0,0
STU-02647,17,Female,Medium,83.67,66.72,0.661,9,3.14,1,0,0,2.75,3,0
STU-02648,20,Female,Medium,88.54,82.97,0.892,10,3.14,0,0,0,4.2,2,0
STU-02649,24,Female,Medium,59.51,69.74,0.835,8,2.98,1,0,0,6.34,2,0
STU-02650,20,Male,High,68.94,66.91,0.829,8,4.72,2,1,0,10.08,1,0
STU-02651,21,Male,High,93.1,64.98,0.709,8,3.6,2,0,1,10.8,1,0
STU-02652,17,Female,Medium,89.81,89.82,0.861,9,6.97,1,1,0,5.81,1,0
STU-02653,21,Male,High,86.54,73.8,0.9,7,4.17,0,0,0,8.73,1,0
STU-02654,21,Female,Medium,74.5,91.38,0.833,10,2.5,1,0,0,17.75,4,0
STU-02655,19,Female,Medium,89.87,76.81,0.754,10,5.26,2,0,0,12.55,1,0
STU-02656,21,Male,High,70.02,71.72,0.674,8,5.17,1,0,0,3.79,3,0
STU-02657,21,Male,Medium,80.49,69.32,0.427,10,5.88,3,1,0,7.28,2,0
STU-02658,18,Male,Medium,67.63,69.9,0.84,7,2.28,6,0,0,16.16,2,0
STU-02659,21,Female,Low,78.22,100.0,1.0,9,7.51,2,0,1,4.29,2,0
STU-02660,23,Male,Low,68.67,61.67,0.332,5,3.21,3,1,0,3.57,3,1
STU-02661,20,Female,High,91.56,93.46,1.0,12,5.25,1,0,0,4.61,0,0
STU-02662,19,Non-binary,Medium,86.77,77.55,0.718,11,5.96,1,0,0,6.47,1,0
STU-02663,20,Male,Medium,75.72,83.09,0.921,12,7.05,3,1,0,3.74,1,0
STU-02664,22,Male,Low,91.99,57.04,0.585,12,2.46,2,1,1,4.76,5,0
STU-02665,18,Female,Medium,71.48,88.76,0.689,8,3.62,0,1,1,18.15,3,0
STU-02666,22,Female,High,82.86,79.93,0.778,8,4.26,3,0,0,16.46,2,0
STU-02667,19,Male,High,76.49,70.79,0.588,5,5.0,1,0,0,0.91,1,0
STU-02668,21,Female,Low,88.17,83.55,0.66,7,6.92,0,0,1,1.72,1,0
STU-02669,19,Male,Medium,89.08,79.2,0.873,9,5.7,1,0,0,12.54,4,0
STU-02670,19,Male,Medium,96.32,69.76,0.734,6,5.07,1,1,0,4.45,3,0
STU-02671,24,Non-binary,Medium,82.91,50.57,0.699,7,5.39,0,0,0,3.41,5,1
STU-02672,18,Female,Medium,49.44,76.99,0.702,7,2.94,1,1,1,9.56,1,0
STU-02673,22,Male,Medium,77.26,69.86,0.572,10,1.07,3,0,0,11.43,1,0
STU-02674,24,Female,Medium,99.22,76.5,0.822,9,6.62,0,1,0,12.43,0,0
STU-02675,22,Female,Medium,78.43,67.29,0.565,9,5.52,2,0,1,11.77,2,0
STU-02676,18,Male,Medium,60.91,78.88,0.729,11,5.38,1,1,1,10.0,1,0
STU-02677,18,Female,Medium,86.94,71.83,0.768,6,3.55,2,0,0,6.1,3,0
STU-02678,19,Non-binary,High,89.01,85.92,0.812,12,6.25,0,1,0,13.89,2,0
STU-02679,21,Male,Medium,74.0,67.17,0.605,9,6.21,1,1,1,13.26,2,0
STU-02680,21,Non-binary,Medium,79.29,60.51,0.438,10,7.31,1,1,0,15.11,1,0
STU-02681,18,Non-binary,High,73.93,81.25,0.899,11,5.67,0,0,0,3.59,0,0
STU-02682,19,Male,High,89.0,90.5,0.823,9,6.82,2,0,0,3.44,0,0
STU-02683,19,Female,Low,80.62,64.11,0.712,9,3.32,2,0,0,33.03,2,0
STU-02684,20,Male,Medium,69.18,67.83,0.728,6,2.67,1,0,0,15.16,3,0
STU-02685,25,Female,Low,79.9,71.52,0.833,8,6.44,1,1,1,4.56,4,0
STU-02686,19,Male,Medium,73.94,74.94,0.703,9,1.53,2,0,0,6.01,1,0
STU-02687,18,Male,Low,96.07,98.03,0.891,11,6.19,3,1,0,11.58,3,0
STU-02688,18,Male,Medium,91.83,75.84,0.606,11,6.88,1,0,0,12.67,3,0
STU-02689,22,Female,Low,78.65,66.65,0.594,12,5.24,1,1,1,1.35,3,0
STU-02690,20,Female,Medium,82.89,73.03,0.756,9,5.94,1,0,0,9.33,2,0
STU-02691,19,Female,High,94.4,72.64,0.614,12,4.94,1,0,0,13.27,2,0
STU-02692,20,Female,Medium,80.09,56.22,0.607,9,3.77,2,1,1,4.77,0,0
STU-02693,19,Female,High,91.59,82.05,0.97,8,9.04,2,0,0,1.39,1,0
STU-02694,21,Female,High,99.5,89.78,0.807,10,7.59,0,1,0,12.07,1,0
STU-02695,26,Female,High,77.85,74.14,0.567,9,5.3,4,0,0,2.31,3,0
STU-02696,22,Male,Low,98.11,78.66,0.714,9,5.54,2,1,1,17.07,2,1
STU-02697,20,Female,High,98.16,74.88,0.56,8,4.19,0,0,0,3.16,2,0
STU-02698,19,Male,Low,82.73,74.44,0.887,8,6.87,2,1,1,8.67,2,0
STU-02699,18,Female,Medium,77.12,73.71,0.731,8,4.18,1,1,1,1.57,0,0
STU-02700,22,Male,High,85.85,82.71,0.712,8,5.05,2,0,0,8.43,2,0
STU-02701,22,Female,Medium,79.31,76.31,0.676,11,5.4,1,0,0,7.29,0,0
STU-02702,20,Male,Medium,73.28,74.11,0.583,4,4.26,6,0,0,5.93,0,0
STU-02703,23,Male,Medium,87.86,90.36,0.987,11,8.08,2,0,1,4.73,0,0
STU-02704,21,Male,High,71.99,77.03,0.97,10,3.3,2,1,0,6.12,4,0
STU-02705,22,Female,Medium,78.28,77.38,0.574,7,4.25,0,0,1,4.89,1,0
STU-02706,21,Male,Medium,78.42,55.22,0.685,8,7.52,0,0,0,11.47,2,0
STU-02707,20,Female,High,68.23,80.04,0.746,8,5.52,1,0,0,8.81,2,0
STU-02708,18,Female,Low,87.24,71.1,0.85,10,5.17,1,0,1,8.1,1,0
STU-02709,20,Female,Low,77.49,70.19,0.47,9,4.91,1,1,1,8.49,2,0
STU-02710,22,Male,Medium,96.29,68.49,0.703,11,5.31,0,0,1,5.34,2,0
STU-02711,19,Female,High,80.56,96.32,0.869,9,7.26,4,1,0,9.71,2,0
STU-02712,21,Male,Low,75.53,43.71,0.539,6,5.07,0,1,0,13.35,1,0
STU-02713,18,Female,Low,70.05,80.7,0.789,9,3.26,2,0,0,10.62,1,0
STU-02714,22,Female,Low,80.43,75.06,0.735,8,5.11,2,1,0,13.12,1,0
STU-02715,21,Female,High,83.74,57.89,0.571,8,4.98,0,1,0,11.3,1,0
STU-02716,18,Female,Low,88.16,94.88,1.0,11,6.62,3,1,0,9.48,2,0
STU-02717,20,Male,Medium,82.74,79.85,0.753,9,5.38,0,0,1,2.74,5,0
STU-02718,22,Male,High,100.0,61.17,0.716,11,6.38,0,0,0,4.15,3,0
STU-02719,18,Male,Low,85.02,68.78,0.754,14,5.62,1,1,1,1.56,0,0
STU-02720,18,Female,Medium,71.14,74.49,0.834,10,3.66,1,0,0,13.34,6,1
STU-02721,20,Female,Medium,70.21,85.83,0.705,11,3.58,1,0,0,2.81,0,0
STU-02722,25,Male,High,89.13,75.44,0.821,11,5.08,1,0,0,3.81,2,0
STU-02723,19,Female,Medium,70.8,42.51,0.49,8,3.69,0,1,0,5.6,3,0
STU-02724,22,Female,Medium,88.54,92.09,0.738,11,4.79,1,0,0,5.63,0,0
STU-02725,21,Male,Low,89.85,80.31,0.753,11,6.8,3,0,1,6.4,2,0
STU-02726,19,Female,Medium,92.12,56.89,0.85,12,4.32,3,0,1,13.57,5,1
STU-02727,21,Female,Medium,72.44,73.2,0.669,9,1.77,0,0,0,9.37,0,0
STU-02728,20,Female,Low,90.14,79.95,0.731,7,7.95,2,1,1,10.88,1,0
STU-02729,20,Male,Medium,85.55,72.82,0.767,7,3.96,1,1,1,3.5,2,0
STU-02730,17,Female,High,76.56,65.23,0.582,9,5.65,1,1,1,11.03,4,0
STU-02731,20,Male,Low,78.25,63.66,0.65,7,5.25,1,1,0,3.33,2,0
STU-02732,22,Female,Low,85.18,69.83,0.633,10,3.56,1,1,1,6.24,0,0
STU-02733,21,Female,Medium,74.6,74.35,0.775,11,4.45,0,1,0,4.61,2,0
STU-02734,23,Female,Medium,85.32,83.84,0.802,9,4.81,2,0,0,4.83,0,0
STU-02735,22,Male,Low,95.9,56.75,0.808,12,6.2,3,1,0,27.83,4,0
STU-02736,20,Female,Medium,92.6,82.01,0.799,11,4.45,3,0,0,5.12,0,0
STU-02737,19,Male,Low,80.9,75.91,0.713,9,4.48,0,1,0,1.23,2,0
STU-02738,19,Female,Medium,84.58,77.29,0.876,10,5.36,1,1,1,12.98,2,0
STU-02739,17,Female,Medium,76.08,67.47,0.5,7,5.37,1,1,1,6.64,2,0
STU-02740,20,Female,Medium,76.39,85.87,1.0,8,4.86,0,1,0,10.58,1,0
STU-02741,21,Male,Low,63.09,75.93,0.622,5,2.26,2,1,0,3.81,2,0
STU-02742,24,Female,High,86.01,74.37,0.87,9,4.69,3,0,1,6.41,1,0
STU-02743,22,Male,Low,87.51,73.37,0.893,14,6.11,4,1,1,7.15,1,0
STU-02744,19,Male,Medium,81.22,81.7,0.727,7,2.3,1,0,1,7.12,1,0
STU-02745,17,Male,Medium,72.35,82.55,0.746,7,6.12,1,0,0,6.65,2,0
STU-02746,20,Male,Medium,82.73,66.55,0.646,8,4.62,2,1,0,12.43,0,0
STU-02747,22,Male,Low,94.76,67.22,0.739,9,6.04,3,1,0,13.67,1,0
STU-02748,20,Male,Low,89.88,78.08,0.639,10,5.2,0,1,1,3.69,2,0
STU-02749,22,Female,Medium,81.68,62.97,0.614,8,3.51,2,0,0,13.14,4,0
STU-02750,20,Male,Low,100.0,60.75,0.571,9,3.61,4,1,0,4.01,0,0
STU-02751,22,Male,Low,100.0,72.0,0.568,8,4.14,1,1,1,10.13,4,0
STU-02752,17,Female,Medium,76.72,76.0,0.615,8,2.11,1,0,0,1.09,1,0
STU-02753,24,Male,High,80.55,90.95,0.886,10,5.75,1,0,0,12.51,3,0
STU-02754,18,Male,Low,87.63,67.17,0.677,9,4.68,2,1,1,9.43,3,0
STU-02755,22,Female,High,73.21,70.65,0.603,12,1.87,0,1,0,4.24,1,0
STU-02756,20,Male,Medium,91.34,80.4,0.789,10,4.57,0,1,0,7.58,1,0
STU-02757,20,Female,High,84.37,70.76,0.618,9,5.49,3,1,1,6.63,1,0
STU-02758,20,Female,Medium,86.09,69.05,0.837,5,7.16,3,0,0,8.18,2,0
STU-02759,21,Female,Medium,75.67,74.67,0.717,9,2.7,1,0,0,8.34,4,0
STU-02760,21,Male,Medium,73.34,58.23,0.718,5,7.42,0,0,0,6.71,2,1
STU-02761,23,Female,Medium,60.16,56.2,0.366,8,1.33,1,1,0,18.61,2,1
STU-02762,23,Male,High,99.58,82.52,0.836,11,3.57,1,0,0,5.16,1,0
STU-02763,21,Female,Low,90.36,78.8,0.837,11,8.0,1,1,1,9.97,1,0
STU-02764,24,Female,Medium,89.41,62.76,0.609,8,3.32,1,1,0,9.04,3,0
STU-02765,21,Male,Low,83.83,71.13,0.634,9,6.73,0,0,1,5.57,0,0
STU-02766,23,Female,High,57.9,51.64,0.511,8,2.11,1,0,0,17.18,1,1
STU-02767,21,Male,Medium,73.74,63.55,0.722,7,4.02,1,1,0,3.49,0,0
STU-02768,19,Female,Medium,79.18,80.89,0.638,10,2.58,2,0,0,11.29,2,0
STU-02769,21,Non-binary,High,71.36,70.26,0.775,10,6.28,2,0,0,9.91,5,0
STU-02770,22,Male,High,64.62,84.46,0.853,8,6.03,3,0,0,9.31,2,0
STU-02771,20,Female,Low,69.25,64.72,0.611,11,2.95,4,0,1,7.53,2,0
STU-02772,21,Female,Medium,82.54,84.3,0.787,10,4.93,0,0,1,13.08,0,0
STU-02773,22,Female,High,83.79,84.92,0.826,7,6.14,3,1,0,2.63,1,0
STU-02774,20,Male,Low,89.98,75.26,0.933,12,5.18,1,1,1,4.13,1,0
STU-02775,17,Male,Medium,100.0,69.84,0.729,9,7.54,2,0,0,9.59,0,0
STU-02776,24,Female,Medium,89.54,76.93,0.636,11,4.72,0,0,0,4.37,1,0
STU-02777,20,Female,Medium,80.07,68.11,0.62,9,3.66,0,1,0,3.75,2,0
STU-02778,19,Male,Medium,100.0,77.29,0.615,5,3.05,0,1,0,15.82,1,0
STU-02779,18,Female,Low,62.6,63.81,0.408,8,1.11,0,0,1,16.39,0,0
STU-02780,20,Male,Low,57.13,45.13,0.333,6,3.26,1,0,1,10.01,1,0
STU-02781,19,Male,Low,70.25,57.18,0.592,7,4.18,2,1,1,4.45,3,0
STU-02782,19,Female,Low,88.93,64.77,0.796,9,6.49,1,0,0,5.26,1,0
STU-02783,19,Male,Medium,83.85,72.71,0.832,11,4.45,2,0,0,8.49,0,0
STU-02784,22,Female,Medium,69.59,60.72,0.469,6,1.14,1,0,0,6.38,3,0
STU-02785,25,Female,Low,72.0,59.74,0.504,10,2.96,1,1,0,11.55,1,0
STU-02786,22,Non-binary,Medium,68.34,69.16,0.569,5,6.55,0,0,0,3.08,1,0
STU-02787,23,Male,Medium,68.34,63.35,0.321,8,1.55,2,0,0,3.15,1,0
STU-02788,20,Male,Medium,99.06,82.6,0.778,12,5.7,1,0,0,6.74,3,0
STU-02789,21,Male,High,81.67,64.8,0.74,11,1.46,3,0,1,16.44,2,0
STU-02790,21,Female,Medium,100.0,74.72,0.699,10,4.81,2,1,0,9.82,5,0
STU-02791,19,Male,High,73.46,92.42,0.732,8,3.87,0,1,1,7.98,0,0
STU-02792,20,Male,Low,85.4,66.22,0.554,8,4.88,0,1,0,7.95,4,0
STU-02793,22,Female,Medium,84.5,54.49,0.514,7,3.8,0,1,0,15.96,2,0
STU-02794,23,Female,High,92.93,84.78,0.91,9,3.77,2,0,0,21.32,1,0
STU-02795,21,Male,High,86.05,70.97,0.675,8,3.9,4,0,0,2.99,2,0
STU-02796,18,Male,Medium,92.84,82.0,0.869,8,5.47,1,1,0,8.61,0,0
STU-02797,20,Female,Medium,88.1,76.39,0.735,13,3.72,2,0,0,9.17,2,0
STU-02798,17,Male,Medium,70.0,74.1,0.753,6,3.17,1,1,0,5.29,0,0
STU-02799,21,Female,Medium,90.06,77.23,0.639,11,6.3,1,0,0,3.99,2,0
STU-02800,21,Female,Medium,80.87,71.55,0.62,7,3.55,3,0,1,1.34,6,1
STU-02801,20,Female,High,74.71,84.09,0.661,7,4.89,0,0,0,7.6,1,0
STU-02802,21,Male,Medium,89.63,55.84,0.638,8,4.63,1,1,0,20.57,4,0
STU-02803,21,Female,Low,90.14,62.21,0.586,7,3.01,3,1,1,13.13,1,0
STU-02804,21,Male,Medium,76.68,63.56,0.201,9,2.43,1,0,0,7.64,2,0
STU-02805,18,Female,Low,76.14,51.82,0.588,10,4.52,3,1,1,9.63,3,0
STU-02806,20,Male,Low,64.74,58.48,0.705,8,6.4,2,1,1,7.45,4,0
STU-02807,21,Male,Medium,62.15,59.05,0.496,12,2.1,1,0,0,7.42,1,0
STU-02808,24,Female,Medium,79.33,82.83,0.858,9,5.0,1,1,0,13.15,2,0
STU-02809,20,Male,Low,88.71,73.9,0.697,10,6.3,1,1,1,7.79,3,0
STU-02810,22,Female,Low,73.69,65.44,0.395,7,5.14,3,1,1,2.92,1,0
STU-02811,22,Female,Low,95.71,74.34,0.961,9,5.27,4,1,1,3.52,0,0
STU-02812,20,Male,High,80.99,65.11,0.622,8,4.22,3,0,0,5.43,0,0
STU-02813,23,Male,Medium,79.79,82.21,0.819,11,6.57,1,1,0,9.36,1,0
STU-02814,23,Female,Low,76.82,81.17,0.711,10,5.25,1,0,1,3.71,3,0
STU-02815,23,Male,Low,90.8,63.66,0.598,12,6.25,2,1,1,1.41,4,0
STU-02816,21,Female,Medium,71.45,85.5,0.843,8,6.35,0,0,0,5.76,0,0
STU-02817,25,Male,Low,78.58,63.21,0.505,9,4.73,2,1,0,10.39,1,0
STU-02818,19,Male,Medium,75.98,63.94,0.839,10,5.11,1,1,1,13.85,0,0
STU-02819,25,Non-binary,Medium,75.82,76.12,0.843,10,3.97,3,1,1,4.05,1,0
STU-02820,22,Female,High,83.64,82.52,0.86,8,4.97,1,1,1,6.6,1,0
STU-02821,23,Male,Low,78.75,69.29,0.665,7,4.22,3,1,0,3.15,1,0
STU-02822,20,Male,Medium,93.57,76.45,0.653,11,6.78,2,0,1,5.05,0,0
STU-02823,22,Female,Low,79.88,82.27,0.919,11,5.58,1,0,1,1.65,1,0
STU-02824,23,Female,High,89.36,73.41,0.792,9,5.61,0,0,0,2.48,0,0
STU-02825,18,Non-binary,High,85.15,76.93,0.701,10,3.48,1,1,0,2.41,2,0
STU-02826,20,Female,Medium,97.44,98.71,0.808,12,7.46,0,1,0,14.33,1,0
STU-02827,17,Male,Medium,78.67,59.39,0.407,7,2.57,0,1,0,3.71,2,0
STU-02828,20,Female,Low,76.7,64.43,0.644,6,3.91,0,1,0,11.75,2,0
STU-02829,19,Male,High,91.45,90.9,0.841,8,7.44,1,0,0,2.52,2,0
STU-02830,20,Female,Medium,78.52,77.97,0.9,8,6.46,0,1,0,6.97,0,0
STU-02831,27,Non-binary,Low,85.48,82.17,0.914,9,4.38,1,1,1,8.68,4,0
STU-02832,24,Male,Medium,100.0,69.77,0.691,10,4.0,0,1,0,9.89,3,0
STU-02833,17,Female,Medium,71.23,72.4,0.7,9,3.96,1,0,0,1.24,1,0
STU-02834,22,Male,High,100.0,81.9,0.654,10,4.59,2,1,0,10.06,1,0
STU-02835,22,Male,Medium,76.59,94.49,1.0,11,3.39,3,1,0,11.09,2,0
STU-02836,20,Female,Medium,96.71,89.52,0.852,9,4.82,0,0,0,3.32,1,0
STU-02837,21,Female,Medium,89.55,77.76,0.829,12,1.63,1,0,0,10.56,1,0
STU-02838,21,Male,Low,86.6,76.63,0.888,12,6.8,1,1,1,19.87,1,0
STU-02839,18,Male,Medium,80.34,74.11,0.657,10,5.69,0,1,0,10.43,2,0
STU-02840,18,Female,Low,77.24,76.27,0.644,8,6.31,2,1,1,0.7,0,0
STU-02841,21,Male,Medium,74.06,61.98,0.915,9,5.56,1,0,0,10.02,1,0
STU-02842,21,Female,Medium,82.07,88.05,0.917,11,4.8,0,1,0,2.46,1,0
STU-02843,19,Female,Medium,79.98,60.14,0.57,8,5.65,3,1,1,8.72,1,0
STU-02844,19,Male,Low,82.1,73.66,0.869,8,4.29,4,0,0,10.62,1,0
STU-02845,20,Female,Low,64.48,54.91,0.52,6,1.51,0,1,1,8.67,0,0
STU-02846,22,Female,Medium,82.25,74.91,0.77,8,4.76,1,1,0,12.52,0,0
STU-02847,20,Male,Low,93.89,87.15,0.77,8,6.06,1,0,1,3.95,0,0
STU-02848,24,Female,Low,90.38,58.46,0.586,14,3.61,0,1,1,10.87,0,0
STU-02849,19,Female,Medium,82.25,72.79,0.68,6,3.21,2,1,1,5.47,0,0
STU-02850,21,Male,Medium,100.0,68.6,0.586,8,4.59,3,0,0,10.68,1,0
STU-02851,20,Male,Medium,75.65,68.52,0.705,10,5.04,2,1,1,2.85,3,0
STU-02852,22,Male,Medium,81.05,59.48,0.521,7,3.91,3,1,0,4.24,4,1
STU-02853,19,Male,High,67.29,70.67,0.764,8,7.96,1,0,1,11.85,3,0
STU-02854,25,Male,Medium,77.56,67.97,0.634,9,4.13,2,0,1,6.76,1,0
STU-02855,17,Female,Medium,100.0,90.47,0.66,12,6.46,0,0,0,3.82,2,0
STU-02856,24,Male,High,79.23,87.07,0.912,9,3.25,1,0,0,12.2,0,0
STU-02857,21,Female,Medium,65.19,66.4,0.734,10,4.9,2,1,0,4.26,1,0
STU-02858,22,Female,Medium,91.59,87.9,1.0,8,5.47,2,1,0,9.57,1,0
STU-02859,23,Male,Medium,86.28,90.24,0.867,9,5.44,0,0,0,4.45,1,0
STU-02860,22,Male,Medium,91.14,69.52,0.707,11,7.52,0,0,0,19.76,1,0
STU-02861,19,Male,Medium,78.73,87.14,0.895,13,4.69,1,1,1,7.86,1,0
STU-02862,22,Female,Medium,70.92,68.67,0.8,7,2.72,2,0,0,6.97,1,0
STU-02863,24,Female,Medium,79.98,63.61,0.748,7,3.18,1,0,1,13.73,2,0
STU-02864,19,Male,Low,86.1,76.51,0.784,10,5.42,3,1,1,4.01,1,1
STU-02865,25,Male,Medium,81.2,73.26,0.713,9,4.9,3,0,0,11.53,3,0
STU-02866,21,Female,Low,84.27,58.58,0.69,8,4.91,1,1,0,3.65,2,0
STU-02867,20,Female,Medium,76.09,60.52,0.597,6,2.34,2,1,0,6.66,1,0
STU-02868,19,Female,Medium,86.68,92.98,0.734,9,7.89,2,0,0,4.77,0,0
STU-02869,20,Male,High,83.22,79.48,0.591,10,6.49,1,0,1,2.61,1,0
STU-02870,17,Male,Low,72.24,81.69,0.755,8,4.65,3,0,1,2.64,2,0
STU-02871,20,Female,Medium,83.54,70.93,0.711,11,2.71,1,1,0,4.81,3,0
STU-02872,20,Female,Medium,77.75,64.3,0.936,9,7.51,0,0,0,11.08,4,0
STU-02873,18,Female,Low,86.79,57.03,0.561,10,6.09,4,0,1,32.98,5,1
STU-02874,22,Female,Low,89.6,84.89,0.824,10,5.61,1,0,0,2.68,1,0
STU-02875,20,Male,Low,85.52,77.35,0.704,9,6.58,1,0,0,6.56,1,0
STU-02876,19,Female,Low,62.02,57.89,0.658,9,3.0,3,1,1,5.52,0,0
STU-02877,20,Male,Low,69.39,57.58,0.614,6,2.54,2,1,0,11.38,0,0
STU-02878,21,Male,Medium,75.0,82.27,0.719,8,4.7,1,0,1,16.32,1,0
STU-02879,21,Non-binary,Medium,73.24,68.38,0.553,7,1.69,0,1,0,8.24,1,0
STU-02880,19,Male,Low,74.03,66.07,0.606,9,2.52,0,0,1,2.84,4,0
STU-02881,21,Female,Low,90.18,69.48,0.583,10,5.48,0,1,0,5.55,1,0
STU-02882,20,Female,Low,87.69,70.21,0.663,8,5.2,1,1,0,9.88,3,0
STU-02883,18,Female,Medium,77.34,77.62,0.772,7,2.82,1,0,0,5.76,2,0
STU-02884,20,Male,Medium,88.51,63.32,0.57,9,4.04,1,0,0,3.28,1,0
STU-02885,22,Female,Medium,85.62,76.9,0.923,7,3.73,1,1,0,7.11,0,0
STU-02886,22,Female,Low,79.64,79.98,0.915,11,4.63,3,1,0,5.98,1,0
STU-02887,20,Female,Low,92.63,75.82,0.712,9,4.41,1,1,0,8.56,2,0
STU-02888,22,Female,High,75.98,83.76,0.693,7,5.82,1,0,0,11.76,3,0
STU-02889,18,Male,Low,80.58,84.28,0.809,7,4.8,5,0,0,15.75,4,0
STU-02890,19,Male,Low,68.44,74.09,0.708,9,3.81,1,0,1,21.84,0,0
STU-02891,20,Male,Low,68.97,59.93,0.594,9,3.25,2,1,0,27.7,0,0
STU-02892,24,Male,High,68.28,69.17,0.634,7,1.49,1,1,0,2.16,5,1
STU-02893,21,Female,Medium,71.16,72.61,0.585,8,3.74,2,1,0,9.16,2,0
STU-02894,20,Female,Medium,82.91,70.1,0.694,7,5.43,0,1,0,1.36,2,0
STU-02895,24,Female,High,79.92,70.08,0.647,8,4.79,2,0,0,8.28,4,0
STU-02896,20,Male,Low,77.03,63.54,0.601,11,5.16,1,1,0,10.91,1,0
STU-02897,25,Male,High,79.96,100.0,0.961,14,6.51,0,0,0,2.3,1,0
STU-02898,19,Female,Low,99.5,77.25,0.743,10,8.73,4,1,1,22.53,3,0
STU-02899,18,Male,Medium,69.49,79.04,0.776,9,2.83,3,0,1,2.43,3,0
STU-02900,20,Female,Medium,68.31,59.1,0.546,9,3.95,3,1,1,3.11,0,0
STU-02901,20,Female,Medium,72.7,86.91,0.879,6,5.37,1,0,0,11.01,3,0
STU-02902,19,Male,High,82.46,72.54,0.625,7,4.06,0,1,0,9.25,1,0
STU-02903,26,Male,Low,85.66,73.85,0.592,5,3.66,1,1,1,9.39,0,0
STU-02904,21,Male,High,90.05,61.65,0.509,10,5.18,1,0,0,0.46,1,0
STU-02905,21,Male,Medium,92.39,90.51,0.786,13,6.04,2,0,1,9.84,1,0
STU-02906,20,Female,Medium,80.81,87.12,0.683,11,3.15,1,0,0,8.86,3,0
STU-02907,19,Male,High,78.89,62.74,0.422,8,1.19,2,1,0,4.66,2,0
STU-02908,23,Male,Low,97.97,90.97,0.931,11,5.5,2,1,1,1.75,0,0
STU-02909,17,Male,High,52.62,48.64,0.656,7,2.32,2,0,0,6.99,2,1
STU-02910,18,Female,Medium,82.69,81.01,0.851,12,6.09,3,1,0,11.94,3,0
STU-02911,20,Non-binary,Medium,86.73,73.75,0.663,10,3.53,2,0,0,14.7,5,0
STU-02912,23,Female,Low,100.0,93.56,0.688,10,5.25,2,1,0,5.63,2,0
STU-02913,20,Female,Medium,63.73,68.08,0.695,6,1.5,2,1,0,16.15,1,0
STU-02914,21,Male,Medium,77.38,81.46,0.595,10,2.02,0,0,1,1.58,1,0
STU-02915,21,Male,Medium,67.07,79.57,0.762,8,3.18,1,0,0,12.04,0,0
STU-02916,23,Non-binary,Low,60.22,58.19,0.49,8,2.73,2,1,1,6.8,0,0
STU-02917,17,Male,Low,77.75,69.23,0.408,10,2.46,1,1,0,1.51,2,0
STU-02918,22,Female,High,92.41,70.0,0.866,7,5.93,0,0,0,14.38,1,0
STU-02919,20,Male,Low,93.27,73.97,0.572,9,2.45,0,0,1,6.88,4,0
STU-02920,22,Female,Medium,76.15,90.82,0.827,8,4.57,1,0,1,12.64,1,0
STU-02921,19,Male,High,90.58,87.79,0.828,9,5.24,1,1,1,6.38,0,0
STU-02922,21,Female,Low,77.83,59.11,0.538,6,2.0,0,1,0,6.25,1,0
STU-02923,20,Male,Low,86.12,89.85,0.917,9,5.93,1,1,1,4.6,1,0
STU-02924,18,Male,Medium,94.7,84.35,0.725,8,2.34,0,0,0,7.12,5,0
STU-02925,18,Male,Low,77.86,77.88,0.803,11,3.91,2,1,1,9.57,3,0
STU-02926,19,Female,Medium,93.85,84.95,0.857,11,6.87,1,0,0,6.6,1,0
STU-02927,21,Female,Medium,68.66,72.15,0.542,8,0.51,2,1,0,2.5,0,0
STU-02928,19,Female,Medium,89.22,57.85,0.611,6,5.71,2,1,1,9.06,2,0
STU-02929,20,Female,Medium,93.37,90.89,0.744,13,3.75,0,1,0,9.07,0,0
STU-02930,17,Male,Medium,92.23,56.73,0.433,8,3.51,0,0,0,2.41,1,0
STU-02931,20,Female,Medium,68.96,78.26,0.795,12,6.42,2,1,1,4.21,3,0
STU-02932,23,Male,Low,77.74,70.51,0.644,10,3.48,1,1,0,2.26,0,0
STU-02933,22,Female,Medium,85.32,84.31,0.858,9,7.64,0,1,0,7.25,0,0
STU-02934,20,Female,High,88.12,80.63,0.827,14,4.98,0,1,0,10.9,3,0
STU-02935,21,Male,Medium,83.27,85.41,0.651,10,4.51,1,0,0,10.01,2,0
STU-02936,19,Female,Medium,97.72,82.07,0.883,10,7.2,1,0,0,1.74,2,0
STU-02937,24,Female,Medium,67.75,70.33,0.726,8,4.93,2,1,0,6.96,1,0
STU-02938,25,Female,Low,77.36,73.38,0.648,11,4.57,0,1,0,2.9,0,0
STU-02939,21,Female,Low,61.43,80.47,0.763,7,3.36,1,1,0,2.15,0,0
STU-02940,26,Male,Low,86.83,79.88,0.867,9,3.31,1,0,0,6.97,0,0
STU-02941,19,Female,High,89.35,66.47,0.62,8,2.7,0,0,0,4.71,3,0
STU-02942,18,Female,Low,100.0,74.56,0.982,10,8.28,2,1,1,20.29,0,0
STU-02943,19,Male,High,94.54,88.11,1.0,10,8.63,2,0,0,21.69,1,0
STU-02944,20,Male,Low,83.65,84.95,0.833,13,5.41,0,0,0,10.87,4,0
STU-02945,25,Male,Low,82.8,64.72,0.615,11,2.01,1,1,0,4.47,0,0
STU-02946,20,Female,Medium,78.52,95.09,0.885,10,4.08,3,0,1,1.2,2,0
STU-02947,19,Male,Medium,83.44,76.81,0.676,8,3.57,0,0,0,4.31,1,0
STU-02948,19,Female,Medium,85.04,80.02,0.791,9,4.38,1,1,0,12.05,1,0
STU-02949,23,Female,High,61.64,53.8,0.63,7,2.35,1,1,0,5.06,1,0
STU-02950,23,Male,High,85.42,88.9,0.691,13,5.58,1,0,0,1.71,0,0
STU-02951,19,Male,Low,81.11,66.68,0.737,10,5.15,2,0,1,18.05,5,0
STU-02952,17,Male,Medium,100.0,75.54,0.849,12,8.23,1,1,0,3.32,2,0
STU-02953,18,Male,Low,78.55,66.73,0.729,9,4.12,1,0,1,3.68,0,0
STU-02954,24,Female,High,74.83,86.5,0.817,8,5.06,1,0,0,15.47,2,0
STU-02955,22,Male,Medium,84.95,80.44,0.843,10,6.36,0,0,1,8.09,0,0
STU-02956,21,Male,Medium,82.82,65.86,0.809,8,6.54,2,1,0,8.38,1,0
STU-02957,24,Female,Low,78.56,64.61,0.635,11,2.64,1,1,0,8.53,1,0
STU-02958,25,Female,Low,65.93,77.94,0.761,7,4.77,3,1,1,2.97,1,0
STU-02959,20,Female,Low,78.28,67.41,0.922,9,5.48,3,0,0,10.46,0,0
STU-02960,20,Male,High,76.88,79.26,0.806,11,5.26,0,0,0,13.44,3,0
STU-02961,19,Female,Medium,79.62,81.27,0.666,8,4.6,0,0,0,7.39,2,0
STU-02962,20,Female,High,91.3,46.39,0.588,9,7.19,2,0,0,6.01,3,0
STU-02963,17,Male,Low,72.58,79.68,0.821,4,3.45,0,1,1,16.32,1,0
STU-02964,17,Male,Medium,79.57,64.67,0.564,8,2.85,1,0,1,12.44,3,0
STU-02965,17,Female,Low,85.95,69.85,0.555,10,3.29,1,1,0,3.46,2,0
STU-02966,23,Male,Medium,79.04,88.33,0.877,8,4.76,0,0,0,11.45,0,0
STU-02967,17,Male,Medium,100.0,97.47,0.92,12,6.66,2,1,0,6.21,3,0
STU-02968,25,Male,Low,82.74,76.84,0.599,9,3.8,0,1,1,8.39,2,0
STU-02969,19,Female,Medium,68.34,75.09,0.722,10,5.6,1,0,0,20.9,4,0
STU-02970,24,Female,Low,70.77,75.95,0.722,7,4.29,2,1,0,1.68,1,0
STU-02971,20,Male,Medium,71.66,83.7,0.8,8,4.45,2,0,1,0.89,1,0
STU-02972,17,Female,Medium,72.92,85.58,0.883,7,3.05,1,0,1,4.21,2,0
STU-02973,23,Male,Low,85.91,74.51,0.517,9,6.87,2,1,1,6.07,2,0
STU-02974,23,Female,High,71.08,63.49,0.499,7,3.53,3,0,0,3.68,2,0
STU-02975,19,Male,Medium,78.36,70.06,0.631,10,6.64,0,0,0,10.61,2,0
STU-02976,20,Male,High,95.82,84.02,0.97,10,5.34,3,0,0,9.55,1,0
STU-02977,19,Male,Medium,76.28,71.08,0.982,9,6.54,1,0,0,7.12,0,0
STU-02978,20,Male,Medium,89.39,67.78,0.67,8,4.18,2,1,0,8.83,0,0
STU-02979,21,Male,Medium,63.49,69.84,0.693,8,6.42,0,1,0,8.52,3,0
STU-02980,20,Female,High,79.17,59.08,0.3,11,4.89,0,1,0,17.26,0,0
STU-02981,17,Female,Medium,72.25,70.54,0.802,3,5.81,2,1,0,3.13,5,0
STU-02982,19,Male,Low,83.3,73.68,0.775,9,4.01,5,1,1,8.15,1,0
STU-02983,22,Male,Low,68.62,66.29,0.69,10,6.77,0,1,1,15.27,1,0
STU-02984,20,Non-binary,Medium,100.0,91.51,0.726,9,8.48,1,0,1,5.79,0,0
STU-02985,20,Male,Low,61.97,69.13,0.919,10,4.0,0,1,0,7.0,5,0
STU-02986,19,Female,Low,92.49,98.82,1.0,13,6.39,0,1,1,12.19,2,0
STU-02987,19,Male,Low,89.66,70.06,0.725,9,6.45,1,1,1,1.09,1,0
STU-02988,23,Male,Medium,85.41,78.79,0.884,9,2.71,2,1,0,13.54,3,0
STU-02989,18,Male,Low,80.6,73.04,0.721,11,6.34,2,1,0,9.08,0,0
STU-02990,22,Male,Medium,100.0,84.68,0.915,12,7.66,3,0,0,11.32,0,0
STU-02991,21,Male,Medium,100.0,70.35,0.535,10,4.22,2,0,0,10.79,1,0
STU-02992,21,Male,High,80.97,63.78,0.362,9,0.53,1,0,0,1.92,1,0
STU-02993,19,Female,Medium,83.74,75.26,0.582,11,4.9,0,0,0,2.14,1,0
STU-02994,20,Male,Medium,75.92,55.68,0.467,8,2.13,0,0,0,0.68,1,0
STU-02995,20,Female,Medium,69.14,64.84,0.567,9,1.5,0,0,0,1.91,1,0
STU-02996,19,Female,Medium,87.09,70.33,0.745,11,5.62,0,0,0,2.93,5,0
STU-02997,21,Female,Medium,84.75,72.7,0.681,8,6.64,1,1,0,7.25,1,0
STU-02998,21,Female,Low,62.29,73.42,0.715,10,3.58,0,1,1,15.86,3,1
STU-02999,25,Female,High,88.27,68.33,0.532,7,6.13,2,0,1,5.5,0,0
STU-03000,21,Male,Low,83.11,80.79,0.63,9,5.49,3,1,0,6.76,3,0
STU-03001,17,Male,High,76.64,67.82,0.675,10,2.49,2,0,0,6.34,1,0
STU-03002,23,Male,Medium,74.67,66.37,0.592,7,3.28,0,0,0,9.75,2,0
STU-03003,20,Female,Low,84.66,77.49,0.754,11,6.53,1,0,1,4.19,1,0
STU-03004,25,Female,Medium,99.7,80.11,0.842,11,5.19,0,0,0,6.59,0,0
STU-03005,24,Male,Low,84.38,63.78,0.831,12,6.4,2,1,0,12.72,2,0
STU-03006,19,Male,Medium,90.59,74.78,0.728,11,4.63,1,1,0,16.2,1,0
STU-03007,22,Male,Medium,72.85,52.2,0.752,9,5.49,1,0,0,15.39,2,0
STU-03008,19,Male,Low,75.44,72.22,0.757,9,5.22,1,1,1,14.05,1,0
STU-03009,21,Male,Low,86.69,42.79,0.535,9,4.06,1,1,0,14.81,2,0
STU-03010,22,Male,Medium,67.06,76.07,0.868,12,5.56,1,0,0,7.11,2,0
STU-03011,23,Non-binary,Low,82.28,77.85,0.843,10,2.18,5,0,1,4.06,1,0
STU-03012,22,Male,High,88.68,95.33,0.813,10,3.87,3,0,0,8.84,2,0
STU-03013,21,Male,Medium,81.58,95.98,1.0,10,5.02,0,1,1,9.62,3,0
STU-03014,26,Female,Medium,85.51,85.4,0.778,10,6.78,1,0,0,5.67,1,0
STU-03015,20,Female,Low,80.64,64.63,0.678,7,2.57,2,0,1,4.27,1,0
STU-03016,17,Female,Medium,75.16,92.8,0.903,9,5.02,0,1,1,15.09,2,0
STU-03017,18,Male,High,70.29,58.55,0.726,7,4.73,0,1,0,6.91,0,0
STU-03018,24,Male,Low,79.01,51.1,0.571,7,4.53,1,0,1,5.41,3,0
STU-03019,20,Female,Medium,96.35,99.77,0.781,12,5.5,1,1,0,5.83,0,0
STU-03020,21,Male,Low,91.27,82.02,1.0,11,5.24,1,1,0,8.01,0,0
STU-03021,19,Female,Medium,78.2,53.78,0.648,7,4.05,2,0,0,4.12,1,0
STU-03022,20,Female,Medium,77.97,58.87,0.526,8,5.36,2,0,1,9.47,3,0
STU-03023,19,Male,Medium,77.16,77.55,0.618,8,3.29,1,0,1,0.34,1,0
STU-03024,21,Female,Medium,77.16,63.34,0.745,9,1.63,1,0,1,2.39,2,0
STU-03025,20,Female,Medium,85.17,68.62,0.554,6,5.06,3,1,0,5.26,1,0
STU-03026,21,Male,Low,91.63,95.85,1.0,9,8.22,0,0,1,9.96,1,0
STU-03027,21,Female,Low,100.0,100.0,1.0,8,5.03,1,0,1,5.3,0,0
STU-03028,20,Male,High,74.12,73.8,0.644,7,6.1,1,0,0,13.28,0,0
STU-03029,17,Non-binary,Medium,89.16,76.29,0.655,8,5.64,2,1,0,16.02,1,0
STU-03030,17,Male,Medium,87.97,86.25,0.774,8,3.61,1,1,0,6.37,0,0
STU-03031,27,Male,Medium,78.37,67.0,0.544,10,3.08,0,1,0,3.36,0,0
STU-03032,24,Female,Low,68.71,42.88,0.48,11,2.38,0,0,0,6.55,1,0
STU-03033,23,Male,Low,83.03,44.44,0.511,10,4.41,6,1,1,12.99,1,1
STU-03034,19,Female,Low,100.0,79.46,0.858,10,5.79,0,1,1,3.13,4,0
STU-03035,21,Female,High,86.21,86.95,0.736,10,6.58,0,1,0,10.68,5,0
STU-03036,19,Male,Medium,73.34,70.36,0.793,9,5.83,1,1,0,6.23,2,0
STU-03037,18,Female,Medium,80.27,81.63,0.671,8,2.4,3,1,0,11.2,3,0
STU-03038,19,Male,Low,67.46,73.68,0.821,11,2.48,1,0,0,9.42,1,0
STU-03039,23,Female,Low,80.2,84.56,0.637,12,5.31,1,0,1,4.48,4,0
STU-03040,22,Male,Medium,89.52,79.83,0.962,8,5.19,0,1,0,6.3,1,0
STU-03041,18,Female,Medium,74.38,73.46,0.656,11,4.0,1,1,1,9.73,2,0
STU-03042,20,Female,High,47.44,59.15,0.666,6,3.83,2,1,0,12.62,3,0
STU-03043,22,Male,Medium,85.05,73.24,0.798,9,6.38,2,0,0,6.28,0,0
STU-03044,19,Female,Medium,76.48,55.99,0.415,9,1.84,1,0,1,12.96,1,0
STU-03045,21,Male,Medium,73.74,82.12,0.894,12,1.87,3,0,0,22.42,2,0
STU-03046,21,Female,High,74.9,68.86,0.613,9,3.97,0,0,0,13.54,3,0
STU-03047,21,Male,Medium,86.4,72.06,0.67,10,3.64,0,1,1,6.98,2,0
STU-03048,21,Non-binary,Medium,77.51,66.79,0.58,10,4.24,3,1,1,6.81,1,0
STU-03049,19,Male,High,93.48,68.22,0.867,12,5.66,3,0,0,2.05,0,0
STU-03050,19,Male,Low,90.48,74.77,0.59,10,3.39,2,1,1,6.06,2,0
STU-03051,18,Female,High,80.27,80.45,0.831,11,7.99,0,0,0,10.78,1,0
STU-03052,17,Male,Low,74.27,60.8,0.534,7,3.87,1,0,0,12.61,1,0
STU-03053,20,Male,Medium,83.4,85.41,0.954,7,4.8,0,0,0,3.0,3,0
STU-03054,22,Male,Medium,80.4,69.91,0.966,13,5.65,1,0,0,9.3,0,0
STU-03055,18,Male,Medium,62.72,49.78,0.437,5,3.76,2,0,0,14.5,3,1
STU-03056,21,Male,Medium,100.0,96.74,0.938,10,5.42,0,0,1,2.89,1,0
STU-03057,22,Male,Medium,89.86,80.12,0.73,9,8.43,0,0,0,8.47,1,0
STU-03058,17,Female,Low,74.9,76.79,0.872,8,2.83,1,0,0,4.61,3,0
STU-03059,20,Male,Low,58.92,69.35,0.653,6,1.51,2,0,1,2.43,2,0
STU-03060,24,Male,Low,78.02,60.19,0.712,10,2.35,2,1,1,6.38,1,0
STU-03061,22,Male,Medium,75.53,66.04,0.607,9,4.15,1,0,0,1.82,1,0
STU-03062,17,Female,Medium,81.33,84.38,1.0,11,6.32,1,0,0,4.49,2,0
STU-03063,22,Male,Low,56.2,77.53,0.491,8,2.44,4,1,1,7.3,0,0
STU-03064,19,Male,High,78.06,74.85,0.776,8,5.45,1,0,0,12.65,2,0
STU-03065,22,Male,Medium,77.48,65.92,0.652,8,5.01,1,0,0,3.1,1,0
STU-03066,19,Female,Medium,79.88,90.17,0.858,12,4.64,2,0,0,5.76,1,0
STU-03067,20,Female,Medium,79.4,66.85,0.696,8,5.2,1,1,1,12.81,4,0
STU-03068,19,Female,Low,80.57,74.17,0.732,8,4.49,2,1,1,3.9,1,0
STU-03069,21,Female,Medium,98.73,78.11,0.786,12,5.18,2,1,0,2.57,0,0
STU-03070,19,Non-binary,Medium,76.33,74.33,0.775,9,4.02,1,0,0,15.8,1,0
STU-03071,20,Female,Low,69.98,56.33,0.78,8,4.77,2,1,1,6.68,3,0
STU-03072,18,Male,High,64.25,63.84,0.303,6,4.37,0,0,0,13.19,1,0
STU-03073,22,Female,High,77.63,67.74,0.891,12,3.46,1,0,1,4.38,3,0
STU-03074,21,Female,Medium,66.59,73.58,1.0,10,4.32,3,0,0,10.95,4,1
STU-03075,17,Non-binary,High,93.81,83.41,0.595,10,5.15,1,1,0,13.02,4,0
STU-03076,23,Male,High,82.19,85.0,0.825,7,7.6,5,1,1,4.74,2,0
STU-03077,20,Female,Medium,92.33,71.06,0.862,11,6.32,1,0,1,10.55,1,0
STU-03078,21,Female,Medium,98.12,80.01,0.886,10,4.91,2,0,1,4.11,3,0
STU-03079,22,Non-binary,Medium,72.48,76.04,0.942,8,3.78,1,0,0,15.58,2,0
STU-03080,21,Non-binary,Low,76.18,77.35,0.797,8,6.16,3,0,0,4.13,2,0
STU-03081,23,Female,Low,94.65,63.17,0.385,10,3.85,0,1,1,16.22,1,0
STU-03082,20,Male,Low,82.08,74.78,0.887,12,3.61,2,1,1,9.24,0,0
STU-03083,23,Female,Medium,87.74,68.98,0.756,8,6.59,0,1,0,5.88,4,0
STU-03084,21,Male,Medium,93.36,88.91,1.0,9,6.63,3,1,1,17.54,1,0
STU-03085,22,Female,Medium,91.86,97.7,0.745,11,3.65,1,1,0,4.56,3,0
STU-03086,21,Male,Medium,86.51,50.41,0.372,8,2.01,0,0,1,22.24,3,0
STU-03087,23,Male,Low,95.36,71.41,0.703,11,2.31,0,1,0,10.6,1,0
STU-03088,22,Female,Medium,81.25,76.64,0.906,9,4.49,3,0,0,2.76,0,0
STU-03089,20,Female,Medium,87.71,77.06,0.944,11,6.19,1,1,0,5.25,0,0
STU-03090,19,Female,High,81.31,85.17,0.734,7,6.15,1,1,1,6.1,3,0
STU-03091,20,Female,High,94.48,82.89,0.752,11,6.05,0,0,0,22.64,2,0
STU-03092,19,Female,High,75.54,67.71,1.0,6,3.57,1,1,1,14.99,1,0
STU-03093,18,Female,High,64.74,57.62,0.515,9,2.96,0,0,0,12.71,3,0
STU-03094,17,Non-binary,High,90.45,68.28,0.755,10,7.29,1,1,0,4.69,1,0
STU-03095,17,Female,Medium,70.78,61.55,0.561,9,3.06,0,0,0,6.51,1,0
STU-03096,25,Male,Low,67.69,59.04,0.65,9,5.0,1,1,1,10.8,2,1
STU-03097,19,Female,Low,93.91,81.12,0.681,7,6.11,3,1,0,11.17,1,0
STU-03098,24,Male,Medium,92.63,77.89,0.657,12,6.13,0,1,0,6.82,2,0
STU-03099,21,Female,Low,76.23,62.28,0.577,9,4.68,2,1,1,6.24,2,0
STU-03100,20,Male,Low,46.5,44.43,0.401,8,3.23,2,1,0,10.87,4,0
STU-03101,17,Female,High,89.12,72.5,0.674,8,2.89,0,1,1,17.63,3,0
STU-03102,21,Female,Low,87.29,68.46,0.738,10,7.21,0,0,1,1.87,2,0
STU-03103,24,Male,High,88.93,71.96,0.933,8,3.26,1,0,1,10.97,2,0
STU-03104,24,Male,Medium,87.18,83.58,0.736,10,5.51,1,1,0,5.12,1,0
STU-03105,21,Male,Medium,80.0,87.08,0.719,7,4.63,1,0,1,3.66,0,0
STU-03106,18,Female,Medium,77.48,60.43,0.607,18,3.35,1,0,0,2.25,4,0
STU-03107,18,Female,Medium,69.83,79.71,0.671,9,2.72,1,0,1,3.95,3,0
STU-03108,19,Male,Medium,74.33,77.61,0.559,11,4.7,2,0,0,7.58,0,0
STU-03109,23,Male,Low,83.54,74.1,0.852,9,6.41,0,1,0,6.31,1,0
STU-03110,24,Male,High,86.97,93.76,0.905,11,5.47,1,0,0,6.85,2,0
STU-03111,21,Female,Medium,90.69,76.83,0.769,11,4.94,1,0,0,6.67,3,0
STU-03112,20,Female,Low,64.53,67.19,0.433,5,4.88,1,1,0,10.18,0,0
STU-03113,24,Male,Medium,63.75,66.84,0.591,7,2.97,2,0,0,10.79,4,0
STU-03114,18,Male,Medium,77.82,72.85,0.544,10,3.98,3,1,1,3.01,2,0
STU-03115,21,Female,Medium,70.78,73.56,0.717,8,4.0,1,1,1,5.57,5,0
STU-03116,21,Male,Medium,84.05,75.81,0.755,8,8.46,1,0,1,21.54,2,0
STU-03117,19,Male,Low,65.59,68.35,0.69,7,2.78,1,0,1,3.13,1,0
STU-03118,19,Female,Medium,94.98,73.89,0.643,8,6.29,1,0,1,8.44,1,0
STU-03119,19,Female,Low,70.96,59.87,0.498,4,1.21,2,1,1,11.62,3,1
STU-03120,23,Male,Low,97.52,72.27,0.685,7,4.04,0,1,0,14.54,3,0
STU-03121,25,Female,Low,85.77,69.72,0.729,10,4.56,1,1,1,9.97,1,0
STU-03122,21,Male,Medium,70.39,78.92,0.697,10,4.01,2,0,0,5.85,1,0
STU-03123,20,Male,Medium,100.0,78.38,0.649,15,4.99,1,1,0,4.57,1,0
STU-03124,19,Female,Medium,84.92,82.29,0.688,9,4.68,1,0,0,9.81,3,0
STU-03125,21,Male,Low,81.83,74.13,0.646,7,3.58,1,1,1,12.32,0,0
STU-03126,19,Female,Low,79.28,65.84,0.598,9,6.08,2,1,0,17.08,1,0
STU-03127,20,Female,Medium,87.13,89.92,0.73,11,3.66,2,0,1,15.39,0,0
STU-03128,21,Male,Low,85.78,80.74,0.729,11,6.03,1,0,1,13.0,1,0
STU-03129,20,Male,Medium,72.49,69.81,0.835,11,5.68,1,1,1,2.4,2,0
STU-03130,20,Female,High,80.9,74.77,0.695,10,3.34,2,1,0,3.07,0,0
STU-03131,20,Male,Medium,83.27,75.91,0.591,9,3.93,4,0,0,28.81,0,0
STU-03132,20,Male,High,89.66,64.49,0.37,10,4.01,2,0,0,6.81,0,0
STU-03133,20,Male,Low,86.6,65.52,0.87,8,7.83,0,1,1,9.13,4,0
STU-03134,22,Male,Low,81.81,76.09,0.878,6,4.78,2,1,1,0.95,2,0
STU-03135,17,Female,Medium,75.95,55.63,0.598,12,9.2,0,0,0,13.47,1,0
STU-03136,24,Female,Medium,75.38,63.71,0.774,9,5.74,1,0,0,7.84,0,0
STU-03137,21,Male,High,70.14,66.49,0.722,10,4.75,0,0,0,7.61,3,0
STU-03138,22,Female,Low,86.52,100.0,0.94,5,6.94,0,1,0,27.29,0,0
STU-03139,22,Male,Medium,75.22,77.85,0.608,11,1.72,1,0,0,10.01,0,0
STU-03140,19,Female,Medium,79.89,84.32,1.0,12,7.24,3,1,1,6.34,1,0
STU-03141,19,Female,Medium,84.62,67.56,0.615,6,2.72,1,0,1,7.68,0,0
STU-03142,18,Female,Low,80.04,74.24,0.68,8,5.79,1,1,0,4.82,0,0
STU-03143,20,Female,High,83.19,59.08,0.598,9,3.63,0,0,0,3.35,2,0
STU-03144,22,Female,Low,70.05,62.52,0.63,6,2.85,0,1,1,6.72,0,0
STU-03145,19,Male,High,86.21,83.18,0.872,11,7.95,1,0,1,2.01,1,0
STU-03146,22,Male,Medium,78.56,58.53,0.644,11,4.26,0,1,0,5.57,2,0
STU-03147,17,Female,Medium,81.05,77.84,0.688,10,2.5,0,0,1,0.75,2,0
STU-03148,20,Female,Medium,94.74,85.23,0.824,7,7.07,2,0,0,13.17,1,0
STU-03149,23,Male,High,88.81,73.35,0.783,8,3.59,2,0,0,23.23,1,0
STU-03150,20,Female,Low,73.72,59.24,0.516,8,5.67,2,1,1,6.67,0,0
STU-03151,19,Male,Low,78.36,62.66,0.798,9,4.86,4,0,0,3.65,3,0
STU-03152,19,Male,Medium,99.59,79.34,0.767,10,3.95,0,0,0,8.45,6,0
STU-03153,17,Male,Medium,78.62,69.57,0.877,9,6.29,1,1,0,14.4,0,0
STU-03154,18,Male,Low,80.44,75.91,0.573,5,4.98,1,1,1,4.28,1,0
STU-03155,23,Male,Low,87.31,68.76,0.756,11,2.18,1,1,1,10.99,2,0
STU-03156,19,Non-binary,Medium,84.37,91.52,0.769,11,4.97,4,1,0,2.21,0,0
STU-03157,20,Male,Low,75.9,84.58,0.739,10,5.0,1,1,1,8.33,2,0
STU-03158,17,Female,Low,71.82,69.04,0.789,10,4.89,3,0,1,11.59,1,0
STU-03159,17,Female,High,83.14,73.21,0.689,9,4.49,1,0,0,1.78,3,0
STU-03160,23,Female,Medium,89.24,72.5,1.0,9,7.06,0,0,0,11.71,1,0
STU-03161,22,Female,High,97.78,86.85,0.897,9,6.87,1,1,1,6.2,2,0
STU-03162,18,Male,High,67.13,73.89,0.639,11,3.91,2,0,0,18.65,1,0
STU-03163,19,Female,Low,99.39,77.9,0.82,10,5.56,2,0,1,8.22,0,0
STU-03164,20,Female,Medium,78.83,68.91,0.651,6,4.64,2,1,0,12.2,1,0
STU-03165,18,Female,Medium,92.17,82.77,0.9,10,4.98,1,0,0,21.64,1,0
STU-03166,17,Male,Medium,73.89,71.16,0.663,5,2.82,0,0,0,6.2,2,0
STU-03167,20,Male,Low,62.28,56.37,0.619,8,2.01,1,0,1,1.28,1,0
STU-03168,22,Non-binary,Low,65.56,64.8,0.667,8,3.75,2,1,0,3.61,1,0
STU-03169,22,Female,Low,76.36,62.8,0.635,8,3.07,3,0,1,7.44,2,0
STU-03170,22,Female,Medium,87.77,69.61,0.81,8,5.12,0,0,1,30.08,1,0
STU-03171,17,Non-binary,High,83.59,76.82,0.532,10,6.13,0,0,0,18.37,0,0
STU-03172,21,Male,Medium,79.25,67.29,0.677,9,4.24,0,0,0,4.33,0,0
STU-03173,20,Male,Medium,94.3,72.93,0.63,6,5.25,2,1,0,6.05,1,0
STU-03174,20,Male,High,83.27,87.18,0.676,11,4.39,1,1,1,11.29,1,0
STU-03175,20,Female,Medium,85.08,71.92,0.605,7,6.39,1,0,0,16.13,0,0
STU-03176,19,Male,Low,100.0,98.63,0.863,8,8.38,2,1,0,1.91,1,0
STU-03177,17,Male,High,83.16,82.93,0.773,12,4.36,1,0,1,11.38,4,0
STU-03178,23,Male,Medium,74.35,62.48,0.664,11,5.29,0,0,0,7.51,1,0
STU-03179,21,Male,Low,85.29,84.74,0.882,9,8.39,0,1,1,1.51,3,0
STU-03180,17,Female,Medium,90.07,71.07,0.649,7,3.3,2,0,0,5.4,0,0
STU-03181,21,Female,High,86.56,98.03,1.0,9,7.27,1,0,0,4.6,0,0
STU-03182,20,Male,Low,81.73,73.69,0.676,8,2.2,2,1,0,4.51,4,1
STU-03183,20,Male,Medium,98.3,87.61,0.608,12,5.21,0,0,1,16.1,0,0
STU-03184,19,Female,Low,94.93,78.08,0.718,12,5.17,1,1,1,9.49,0,0
STU-03185,22,Female,Low,78.71,72.64,0.717,9,2.25,2,1,1,5.46,1,0
STU-03186,19,Male,Low,72.92,64.91,0.252,8,4.41,1,0,1,4.55,2,0
STU-03187,18,Female,Medium,86.72,67.37,0.811,9,5.5,0,0,0,8.55,0,0
STU-03188,23,Female,High,76.11,76.68,0.735,7,3.28,1,0,0,5.19,2,0
STU-03189,20,Male,Low,89.74,85.52,0.685,7,5.49,1,0,1,11.7,2,0
STU-03190,20,Male,Low,84.66,60.93,0.495,9,5.46,0,1,1,6.4,1,0
STU-03191,22,Male,Low,100.0,95.6,1.0,13,4.02,0,0,1,1.16,2,0
STU-03192,19,Male,Low,96.21,84.39,0.92,10,1.67,0,1,0,2.0,0,0
STU-03193,20,Female,Medium,70.13,64.3,0.561,10,3.69,3,0,0,4.06,3,0
STU-03194,21,Male,Medium,76.29,67.07,0.501,8,2.76,2,0,0,6.34,2,1
STU-03195,17,Male,Medium,60.95,82.9,0.817,8,6.03,3,0,1,9.47,1,0
STU-03196,21,Male,Medium,58.48,72.46,0.748,8,3.31,2,0,0,8.99,2,0
STU-03197,19,Male,Medium,83.25,86.36,0.899,12,5.86,1,0,0,19.7,1,0
STU-03198,22,Female,Low,66.88,61.79,0.55,9,3.31,2,1,0,0.48,3,0
STU-03199,22,Female,Low,98.05,84.82,0.803,10,3.62,1,1,1,0.37,0,0
STU-03200,21,Female,High,95.99,86.32,0.833,10,5.83,2,1,1,1.72,1,0
STU-03201,17,Female,Medium,79.01,71.18,0.815,7,3.11,1,0,0,3.29,0,0
STU-03202,20,Non-binary,High,79.64,76.07,0.901,6,3.34,0,1,0,12.09,2,0
STU-03203,18,Female,High,99.59,95.65,1.0,10,4.94,0,0,0,8.49,0,0
STU-03204,20,Male,Medium,100.0,99.0,1.0,11,4.84,3,0,0,1.73,1,0
STU-03205,17,Female,High,72.99,69.27,0.9,10,4.67,0,0,1,3.34,3,0
STU-03206,17,Female,Medium,70.33,55.63,0.685,8,3.61,0,1,0,3.55,3,0
STU-03207,23,Female,Low,76.69,85.45,0.752,8,5.06,2,0,0,2.87,3,0
STU-03208,21,Female,Low,84.74,89.44,1.0,5,3.61,1,1,0,5.21,1,0
STU-03209,20,Male,Low,74.35,71.89,0.54,9,3.52,1,1,0,4.26,3,0
STU-03210,19,Non-binary,Low,84.97,90.91,1.0,11,5.15,1,0,1,4.55,1,0
STU-03211,18,Female,Medium,100.0,86.28,0.713,12,5.86,0,0,0,1.86,0,0
STU-03212,21,Non-binary,Medium,66.53,57.85,0.69,8,4.35,0,0,0,9.45,1,0
STU-03213,20,Male,Medium,77.1,58.89,0.765,11,4.94,0,1,0,6.55,4,0
STU-03214,24,Male,Medium,66.74,53.82,0.603,7,2.35,3,0,1,3.99,3,0
STU-03215,20,Female,Low,70.8,66.23,0.41,8,3.33,3,1,1,2.34,0,0
STU-03216,21,Female,Medium,78.76,68.14,0.559,9,3.41,1,1,1,4.86,3,0
STU-03217,18,Male,Medium,74.0,64.73,0.686,10,6.16,2,0,0,1.22,2,0
STU-03218,20,Male,Low,85.72,72.28,0.785,10,5.32,0,1,1,8.58,1,0
STU-03219,21,Female,Low,81.66,79.98,0.754,10,5.0,2,1,0,9.1,3,0
STU-03220,20,Male,Medium,85.29,70.47,0.702,10,3.09,2,1,0,6.29,2,0
STU-03221,19,Female,Low,76.63,61.83,0.441,8,2.83,3,1,1,19.09,2,0
STU-03222,21,Male,High,80.89,70.77,0.908,11,5.71,3,0,0,9.31,1,0
STU-03223,24,Female,Medium,78.14,81.72,0.745,6,4.59,2,0,1,11.3,2,0
STU-03224,21,Male,Medium,79.26,72.35,0.804,8,4.81,0,0,0,8.88,0,0
STU-03225,23,Female,Low,84.61,75.61,0.906,13,3.05,1,1,0,8.95,3,0
STU-03226,22,Female,High,62.09,82.08,0.655,7,2.55,0,0,0,7.36,2,0
STU-03227,23,Male,Medium,85.17,100.0,0.965,10,5.34,1,0,0,11.0,3,0
STU-03228,19,Female,Low,70.44,72.42,0.743,11,6.03,0,1,1,6.9,2,0
STU-03229,20,Male,Medium,78.27,77.98,0.727,9,2.0,3,0,0,2.55,1,0
STU-03230,20,Male,Medium,64.82,54.27,0.663,7,2.38,0,0,1,11.98,1,1
STU-03231,22,Female,Medium,78.05,76.15,0.662,11,1.77,0,0,1,8.72,1,0
STU-03232,22,Female,Low,83.06,72.69,0.719,9,5.29,0,1,0,2.78,1,0
STU-03233,21,Male,Medium,87.03,85.7,0.781,9,6.88,2,0,0,6.0,3,0
STU-03234,22,Male,Low,66.95,60.42,0.884,5,5.15,2,1,0,1.51,0,0
STU-03235,19,Male,Low,84.5,74.77,0.651,9,5.49,1,0,0,15.74,3,0
STU-03236,22,Female,Low,92.54,82.67,0.888,12,4.36,0,1,1,8.3,0,0
STU-03237,23,Male,High,77.82,93.09,1.0,9,6.02,2,0,1,2.1,0,0
STU-03238,22,Male,Low,80.01,86.24,0.72,7,3.62,2,1,1,5.49,1,0
STU-03239,21,Male,Medium,59.25,76.1,0.753,7,3.96,1,1,0,2.59,1,0
STU-03240,22,Female,Medium,72.13,76.89,0.63,7,4.77,4,0,0,4.22,2,0
STU-03241,19,Female,High,86.23,73.83,0.48,8,3.81,1,1,0,8.98,1,0
STU-03242,21,Male,Medium,92.51,86.67,0.739,9,6.48,1,0,0,11.73,1,0
STU-03243,21,Non-binary,High,76.66,65.82,0.584,12,3.89,2,0,0,2.25,2,0
STU-03244,18,Female,Low,100.0,78.14,0.698,11,5.92,0,1,1,15.76,1,0
STU-03245,21,Male,Low,83.45,90.04,0.827,6,7.85,0,1,0,13.65,2,0
STU-03246,18,Female,Medium,67.99,73.02,0.716,9,4.85,0,0,0,4.69,1,0
STU-03247,20,Female,Medium,96.16,83.43,0.662,10,4.2,1,1,0,3.57,0,0
STU-03248,21,Female,High,69.47,73.65,0.763,11,3.69,3,1,0,10.68,0,0
STU-03249,19,Female,High,86.86,77.51,0.9,10,6.81,2,0,0,27.16,0,0
STU-03250,21,Female,Medium,71.78,47.9,0.656,8,5.59,1,0,1,6.51,3,0
STU-03251,21,Female,High,68.32,56.9,0.544,11,3.56,0,0,0,4.4,2,0
STU-03252,19,Female,Medium,92.58,85.61,0.932,9,3.81,0,0,0,3.99,4,0
STU-03253,22,Male,Low,77.14,60.02,0.52,10,2.61,1,1,0,0.2,0,0
STU-03254,19,Male,Medium,100.0,81.92,0.751,10,5.96,2,0,0,3.18,2,0
STU-03255,25,Male,Low,68.8,52.95,0.588,7,4.59,2,0,0,0.31,2,1
STU-03256,20,Female,High,66.09,61.29,0.573,7,5.01,2,0,0,12.18,0,0
STU-03257,18,Male,Low,74.72,68.02,0.52,11,0.98,1,0,1,14.74,1,0
STU-03258,18,Female,Medium,100.0,92.24,0.982,12,7.66,0,1,1,4.61,3,0
STU-03259,23,Male,Medium,91.17,90.01,0.763,11,7.34,0,0,0,5.96,3,1
STU-03260,20,Male,Low,86.09,66.18,0.593,11,1.22,0,1,1,3.23,1,0
STU-03261,18,Female,Low,86.46,76.77,0.875,11,5.48,0,1,0,3.41,1,0
STU-03262,22,Female,Medium,76.67,57.55,0.645,7,5.37,0,1,0,6.15,3,0
STU-03263,20,Male,Low,100.0,80.76,0.803,8,3.89,2,1,1,7.93,0,0
STU-03264,22,Male,Medium,87.04,86.31,0.654,12,4.11,0,1,0,19.77,0,0
STU-03265,22,Male,Medium,86.01,75.61,0.598,9,5.37,0,0,0,1.6,1,0
STU-03266,21,Non-binary,Low,90.83,88.96,0.901,10,5.04,4,1,0,5.6,2,0
STU-03267,26,Male,Low,65.99,72.25,0.784,12,3.77,1,0,1,7.64,2,0
STU-03268,17,Female,Medium,72.33,72.13,0.738,7,4.72,2,0,0,5.09,1,0
STU-03269,19,Male,High,80.55,72.92,0.657,4,2.89,0,1,0,9.44,0,0
STU-03270,20,Female,Low,90.9,70.49,0.632,6,3.42,2,1,0,12.85,2,0
STU-03271,25,Male,High,68.97,55.28,0.587,7,4.44,1,0,0,5.18,2,0
STU-03272,24,Female,Medium,81.26,61.05,0.461,9,5.26,0,0,1,5.82,3,0
STU-03273,23,Non-binary,Medium,79.7,83.21,0.815,12,5.55,1,0,0,4.13,3,0
STU-03274,19,Male,Medium,64.68,81.18,0.619,9,5.6,0,1,0,9.81,1,0
STU-03275,19,Female,Medium,76.4,60.86,0.483,4,4.37,3,0,0,2.96,2,0
STU-03276,19,Female,High,89.21,80.25,0.799,15,7.96,0,0,0,12.13,1,0
STU-03277,19,Female,Medium,65.68,50.78,0.592,7,3.74,1,0,0,3.67,2,0
STU-03278,24,Male,Medium,97.52,72.04,0.747,12,5.93,0,0,1,8.3,4,0
STU-03279,20,Male,Medium,87.15,79.43,0.637,10,5.32,0,1,1,8.2,0,0
STU-03280,20,Female,Low,83.81,67.24,0.44,8,3.1,0,1,1,16.31,1,0
STU-03281,22,Female,Medium,82.09,55.24,0.559,8,3.2,1,1,0,1.29,3,1
STU-03282,17,Male,Low,67.98,82.02,0.565,6,2.41,0,1,1,13.01,1,0
STU-03283,21,Female,Low,72.85,66.68,0.773,7,3.77,1,1,0,3.02,0,0
STU-03284,18,Male,Low,83.98,61.47,0.485,8,7.03,2,1,1,12.73,3,0
STU-03285,20,Female,Low,72.83,68.44,0.943,7,7.65,4,1,1,2.66,2,0
STU-03286,19,Female,Medium,84.08,74.55,0.613,12,4.09,2,1,0,6.76,5,0
STU-03287,19,Female,Medium,72.11,73.83,0.778,9,3.94,2,1,0,4.42,1,0
STU-03288,21,Male,Medium,86.97,73.35,0.629,13,1.72,1,0,0,11.97,3,0
STU-03289,21,Female,Low,85.79,76.52,0.725,9,3.59,1,0,1,2.5,1,0
STU-03290,20,Female,Medium,64.1,75.2,0.756,7,2.97,1,0,0,1.69,0,0
STU-03291,21,Male,Medium,82.74,61.53,0.718,10,4.21,1,1,0,7.66,1,0
STU-03292,19,Male,Medium,65.26,59.39,0.719,8,3.24,0,0,0,2.8,2,0
STU-03293,22,Female,Medium,61.53,72.93,0.801,10,4.43,2,1,1,9.0,1,1
STU-03294,20,Female,Medium,75.47,65.71,0.776,12,5.76,2,0,0,8.3,0,0
STU-03295,19,Male,Medium,100.0,82.18,0.721,12,4.59,0,1,0,6.41,0,0
STU-03296,19,Female,High,91.78,76.1,0.82,13,7.56,1,1,0,6.67,1,0
STU-03297,20,Male,Medium,97.31,77.63,0.714,12,5.95,1,0,0,8.94,1,0
STU-03298,24,Female,Medium,88.69,72.64,0.83,9,6.69,1,0,0,5.97,0,0
STU-03299,20,Female,Medium,84.26,62.86,0.64,11,4.03,0,0,1,3.97,3,0
STU-03300,18,Female,Low,89.85,79.92,0.849,11,6.33,1,1,1,5.69,1,0
STU-03301,22,Male,High,76.21,83.96,0.845,8,5.57,3,0,1,5.66,3,0
STU-03302,20,Female,Medium,87.18,75.08,0.824,9,7.41,0,0,0,6.86,1,0
STU-03303,21,Female,Low,92.95,86.31,0.734,10,6.24,2,0,0,23.36,3,0
STU-03304,19,Female,High,90.94,75.49,0.548,11,5.84,0,0,0,5.62,1,0
STU-03305,23,Male,Medium,95.67,75.42,0.855,11,5.1,1,0,0,15.99,0,0
STU-03306,19,Female,Low,82.01,75.67,0.899,10,7.04,3,0,1,13.03,2,0
STU-03307,23,Male,Low,98.61,83.81,0.795,10,3.99,0,1,1,3.03,2,0
STU-03308,18,Male,Low,77.71,68.37,0.772,8,3.96,2,1,1,2.49,3,0
STU-03309,20,Female,Medium,100.0,89.77,0.665,8,5.82,2,1,0,7.56,0,0
STU-03310,23,Non-binary,Low,86.31,60.76,0.534,10,2.78,5,1,1,12.76,2,0
STU-03311,21,Male,High,79.03,71.64,0.713,7,3.34,1,0,1,6.09,2,0
STU-03312,25,Female,High,70.28,80.13,0.569,8,2.49,2,0,0,7.67,2,0
STU-03313,20,Female,Medium,73.11,79.72,0.59,8,4.51,1,1,0,7.33,4,0
STU-03314,21,Female,Medium,71.45,77.65,0.774,10,4.27,1,0,0,18.56,0,0
STU-03315,25,Female,Low,79.02,80.34,0.706,8,5.96,3,1,1,12.05,0,0
STU-03316,17,Male,Low,65.99,60.15,0.561,6,6.2,1,1,1,4.53,2,0
STU-03317,17,Male,Medium,96.22,64.13,0.589,11,5.39,1,0,0,1.76,1,0
STU-03318,19,Male,Low,81.22,68.6,0.522,7,3.41,2,1,0,6.46,3,0
STU-03319,22,Female,Low,80.77,77.33,0.726,9,5.27,0,1,0,6.13,3,0
STU-03320,17,Female,Medium,69.18,76.2,0.741,11,3.03,1,1,0,30.59,0,0
STU-03321,22,Female,Low,71.54,61.28,0.543,7,3.67,1,1,1,6.86,2,0
STU-03322,22,Male,Medium,57.58,52.96,0.48,7,6.38,1,1,1,6.97,1,0
STU-03323,25,Female,Medium,99.8,74.22,0.701,9,5.25,1,1,0,5.19,1,0
STU-03324,23,Male,High,67.66,63.79,0.733,9,4.61,2,1,0,4.96,0,0
STU-03325,21,Male,Medium,67.24,48.3,0.489,8,3.16,0,1,0,12.0,1,0
STU-03326,23,Female,High,98.79,78.9,0.535,11,4.38,1,0,0,11.23,0,0
STU-03327,22,Male,Medium,86.26,76.89,0.605,8,5.29,0,1,0,5.67,1,0
STU-03328,20,Male,High,84.58,76.37,0.856,12,3.57,1,0,1,10.01,3,1
STU-03329,18,Male,Medium,85.74,72.85,0.631,12,4.45,1,0,0,7.31,0,0
STU-03330,19,Female,Low,90.49,68.74,0.667,10,3.11,2,1,0,7.74,1,0
STU-03331,20,Female,High,84.35,71.51,0.933,9,7.74,4,0,0,3.25,1,0
STU-03332,21,Male,Low,63.02,56.9,0.651,8,5.1,1,1,0,10.61,4,0
STU-03333,17,Female,Low,88.07,81.53,0.531,9,3.39,2,0,1,5.64,1,0
STU-03334,20,Male,Low,84.65,72.82,0.887,13,2.85,0,1,0,14.84,1,0
STU-03335,21,Female,Medium,94.89,100.0,0.968,10,6.85,0,0,0,2.08,2,0
STU-03336,22,Male,Medium,68.26,64.44,0.685,11,4.0,0,0,1,5.28,1,0
STU-03337,24,Male,Medium,73.98,74.89,0.768,9,7.73,1,1,0,2.2,1,0
STU-03338,21,Female,High,87.56,75.68,0.848,10,7.42,0,0,0,12.51,2,0
STU-03339,19,Female,Low,69.61,62.27,0.612,8,4.78,4,1,1,8.49,3,1
STU-03340,17,Male,Medium,56.12,77.56,0.577,7,2.43,2,1,0,2.08,3,0
STU-03341,22,Female,Medium,84.17,85.38,0.861,11,4.98,2,1,1,7.34,3,0
STU-03342,19,Male,High,93.1,63.89,0.47,8,4.92,0,0,1,5.71,5,0
STU-03343,22,Male,Low,78.58,59.69,0.817,11,5.45,1,1,1,5.16,1,1
STU-03344,23,Female,Low,86.03,72.13,0.664,12,3.8,1,1,1,6.71,2,0
STU-03345,17,Male,Medium,86.44,71.32,0.694,8,3.0,0,1,0,21.25,0,0
STU-03346,22,Male,Medium,82.12,59.33,0.515,11,6.84,4,0,0,21.5,0,0
STU-03347,23,Male,Medium,83.5,76.24,0.784,11,5.11,0,1,0,7.46,1,0
STU-03348,23,Female,Medium,96.84,62.7,0.68,11,5.93,0,0,1,5.97,1,0
STU-03349,17,Female,Medium,71.39,70.54,0.612,7,2.77,0,0,0,1.88,3,0
STU-03350,19,Female,Medium,90.5,85.74,0.88,10,7.6,2,0,1,7.67,2,0
STU-03351,18,Male,Low,67.01,73.09,0.724,8,5.59,2,1,0,21.87,1,0
STU-03352,22,Male,Low,71.26,64.96,0.633,12,4.12,2,1,1,9.05,0,0
STU-03353,21,Male,Low,93.16,92.02,0.79,10,5.81,3,0,1,5.41,3,0
STU-03354,17,Female,Medium,68.69,71.29,0.978,9,5.42,0,0,0,3.04,1,0
STU-03355,20,Male,Medium,79.34,81.54,0.931,8,5.49,1,1,0,6.9,1,0
STU-03356,22,Male,Medium,100.0,75.64,0.825,9,6.72,2,0,0,20.23,0,0
STU-03357,21,Male,Medium,93.28,94.99,1.0,9,6.72,1,0,0,5.7,2,0
STU-03358,21,Female,Medium,73.89,70.44,0.728,9,4.21,0,0,0,14.35,2,0
STU-03359,20,Male,Medium,75.78,87.14,0.796,7,3.12,2,0,1,6.11,0,0
STU-03360,18,Female,Medium,80.13,87.04,0.52,7,4.03,3,1,0,1.16,0,0
STU-03361,20,Female,Medium,96.43,83.86,0.663,6,6.31,1,0,0,1.63,2,0
STU-03362,21,Male,Medium,70.98,73.13,0.976,12,6.06,3,1,1,10.67,2,0
STU-03363,22,Male,Medium,70.32,66.95,0.801,9,6.37,2,0,0,7.33,2,0
STU-03364,22,Female,Medium,89.85,69.93,0.712,10,7.11,1,1,0,13.35,3,0
STU-03365,21,Male,Medium,63.51,71.44,0.512,6,4.28,2,0,0,6.45,1,0
STU-03366,23,Non-binary,Medium,71.98,74.99,0.808,11,4.89,3,0,0,14.06,0,0
STU-03367,20,Female,Medium,81.06,57.72,0.549,11,4.68,0,1,0,10.15,0,0
STU-03368,17,Male,Medium,81.63,73.35,0.802,10,4.23,1,0,0,2.25,0,0
STU-03369,22,Female,Low,64.99,72.07,0.573,7,4.68,2,1,1,5.59,2,0
STU-03370,21,Female,Medium,85.89,90.89,0.812,11,7.12,2,1,0,4.23,0,0
STU-03371,22,Female,High,89.34,86.89,0.942,12,7.29,0,1,0,2.93,2,0
STU-03372,18,Male,Low,72.71,51.93,0.763,10,5.29,2,1,1,6.13,1,0
STU-03373,24,Female,High,100.0,74.21,0.646,11,5.03,0,1,1,13.95,0,0
STU-03374,22,Female,Low,83.74,68.93,0.559,11,3.86,4,1,0,4.53,4,0
STU-03375,20,Male,Medium,70.95,83.04,0.925,8,4.73,2,1,0,2.7,4,0
STU-03376,19,Male,Medium,99.83,76.85,0.597,11,4.18,1,0,0,12.33,2,0
STU-03377,23,Male,Low,74.24,78.42,0.619,8,4.51,1,1,1,7.36,1,0
STU-03378,18,Male,High,85.22,71.42,0.733,5,1.07,2,1,1,1.33,3,0
STU-03379,25,Female,Medium,76.65,77.12,1.0,9,4.69,4,0,1,9.5,1,0
STU-03380,19,Female,High,90.12,70.61,0.592,8,4.85,0,0,0,9.67,0,0
STU-03381,24,Male,Low,74.7,66.12,0.611,9,7.62,6,0,1,6.47,1,0
STU-03382,20,Male,High,78.62,63.17,0.643,10,4.4,1,0,0,2.08,1,0
STU-03383,24,Female,High,81.49,90.3,0.808,10,5.11,0,0,0,4.07,1,0
STU-03384,19,Female,Medium,76.48,64.76,0.431,12,2.45,0,1,0,5.11,1,0
STU-03385,21,Female,Low,91.79,60.79,0.705,9,7.59,4,1,1,6.52,1,0
STU-03386,22,Female,Medium,68.16,51.46,0.55,4,2.49,3,1,0,2.65,6,1
STU-03387,22,Non-binary,Medium,81.59,73.31,0.761,10,7.75,2,0,0,11.23,1,0
STU-03388,23,Male,High,84.23,72.6,0.694,8,3.78,0,0,0,22.22,2,0
STU-03389,19,Female,Medium,80.63,80.19,0.959,8,6.81,3,0,0,3.17,1,0
STU-03390,21,Male,Low,90.65,73.36,0.657,9,4.9,0,1,1,4.05,2,0
STU-03391,23,Male,Low,63.46,74.32,0.597,6,2.78,4,0,1,3.79,1,0
STU-03392,19,Female,Medium,88.25,73.5,0.919,9,7.12,1,0,0,33.09,3,0
STU-03393,22,Female,High,69.56,80.4,0.515,11,5.44,1,0,1,8.18,4,0
STU-03394,20,Male,Low,74.4,58.39,0.569,9,3.71,3,1,1,14.34,2,0
STU-03395,21,Female,Medium,67.18,52.21,0.525,7,3.47,1,0,1,8.9,0,0
STU-03396,21,Male,High,79.6,66.72,0.646,12,3.87,2,0,0,2.27,2,0
STU-03397,19,Male,Low,73.64,56.26,0.383,7,3.65,1,1,0,3.02,3,0
STU-03398,20,Male,Low,98.02,66.84,0.519,7,3.34,2,1,1,3.77,2,1
STU-03399,21,Non-binary,Medium,84.66,79.77,0.889,7,1.68,2,1,0,4.15,1,0
STU-03400,20,Male,Medium,86.84,74.04,0.89,10,2.94,2,1,1,11.37,3,0
STU-03401,24,Male,Low,67.82,66.17,0.605,5,3.48,0,1,1,28.28,0,0
STU-03402,23,Female,High,91.39,85.89,0.715,8,3.7,0,1,0,5.77,3,0
STU-03403,21,Male,Medium,100.0,66.14,0.441,9,4.55,4,0,1,7.45,1,0
STU-03404,19,Male,High,92.82,87.0,0.949,13,5.3,1,0,1,6.6,1,0
STU-03405,19,Male,High,68.82,57.73,0.702,11,3.15,0,0,0,1.85,1,0
STU-03406,25,Male,High,78.14,68.49,0.338,9,2.49,1,1,0,16.83,1,0
STU-03407,18,Female,Medium,83.19,56.01,0.276,8,4.78,2,1,1,10.32,1,0
STU-03408,21,Male,Low,73.65,74.1,0.741,8,4.81,2,1,0,6.06,2,0
STU-03409,21,Male,Medium,100.0,66.11,0.687,11,7.69,0,1,1,24.16,1,0
STU-03410,20,Male,Low,74.69,56.05,0.51,11,3.94,5,1,1,1.4,2,0
STU-03411,18,Male,Medium,81.52,62.86,0.623,9,1.79,1,1,1,11.85,0,0
STU-03412,19,Male,Low,73.4,66.14,0.625,8,2.64,2,1,0,6.4,1,0
STU-03413,19,Male,Medium,84.55,73.99,0.727,9,5.09,0,1,1,4.88,1,0
STU-03414,19,Female,Low,95.21,86.02,0.72,9,5.73,2,1,0,4.59,1,0
STU-03415,23,Female,Low,81.26,70.16,0.689,10,3.84,0,1,1,5.85,5,1
STU-03416,20,Male,Low,77.59,79.1,0.687,7,3.38,1,0,0,5.35,2,0
STU-03417,19,Male,Medium,70.19,72.48,0.619,9,3.09,0,0,0,9.37,1,0
STU-03418,21,Male,Medium,95.3,71.29,0.476,10,4.41,0,1,0,8.03,3,0
STU-03419,22,Female,Low,78.42,63.17,0.608,9,4.21,1,1,1,15.98,1,0
STU-03420,20,Female,High,81.2,90.83,0.966,8,4.01,0,0,1,5.32,2,0
STU-03421,22,Female,High,57.52,76.63,0.707,8,4.0,0,0,0,19.82,1,0
STU-03422,18,Male,Medium,80.6,81.93,0.75,8,5.16,1,1,0,18.51,0,0
STU-03423,23,Male,Medium,77.59,81.8,0.942,10,5.15,1,1,0,4.56,0,0
STU-03424,20,Non-binary,Medium,61.91,69.37,0.806,7,3.2,1,1,1,3.52,2,0
STU-03425,20,Female,Low,90.89,79.18,0.977,13,6.96,1,1,0,11.93,2,0
STU-03426,19,Male,Medium,76.11,72.03,0.977,10,7.21,1,0,0,9.06,1,0
STU-03427,18,Male,Low,100.0,97.19,0.932,8,5.66,0,1,1,4.26,0,0
STU-03428,17,Female,High,98.81,79.53,0.633,7,4.39,4,1,0,9.04,3,0
STU-03429,19,Non-binary,High,75.33,75.31,0.672,11,4.99,2,0,0,4.21,2,0
STU-03430,22,Male,High,98.31,66.86,0.73,10,3.92,0,1,1,8.09,1,0
STU-03431,18,Female,Medium,99.72,68.56,0.849,10,4.22,0,0,0,7.26,1,0
STU-03432,17,Female,Medium,75.85,89.56,0.733,11,3.65,2,0,0,4.74,0,0
STU-03433,19,Male,High,71.89,77.43,0.784,9,4.98,2,0,1,20.33,0,0
STU-03434,20,Male,Low,56.29,57.09,0.481,5,1.64,0,1,1,21.28,2,1
STU-03435,20,Male,Low,84.18,73.39,0.701,7,4.8,1,1,1,5.54,0,0
STU-03436,20,Male,Medium,71.29,55.64,0.544,9,0.94,0,0,0,17.34,1,0
STU-03437,23,Female,Medium,86.52,72.25,0.754,13,5.97,1,1,0,3.98,1,0
STU-03438,23,Male,Medium,75.75,56.78,0.818,11,6.84,1,0,0,1.35,4,0
STU-03439,25,Male,Low,71.42,63.53,0.689,8,2.95,2,0,0,6.16,2,0
STU-03440,17,Female,Medium,75.82,78.2,0.708,8,5.1,0,0,1,5.82,3,0
STU-03441,19,Male,Low,65.7,68.27,0.602,8,3.39,0,1,0,2.44,0,0
STU-03442,22,Female,Low,73.82,83.52,0.783,5,4.78,1,1,0,4.03,1,0
STU-03443,20,Female,Low,71.9,69.66,0.581,8,3.55,0,1,1,17.89,1,0
STU-03444,22,Female,Medium,81.84,49.5,0.527,10,3.75,1,0,1,7.66,4,0
STU-03445,21,Male,High,84.4,96.77,0.632,12,3.45,2,0,0,18.54,1,0
STU-03446,24,Female,Medium,70.22,60.3,0.579,10,2.28,2,0,0,9.42,0,1
STU-03447,23,Female,Medium,94.11,81.79,0.775,14,7.06,0,1,0,11.45,0,0
STU-03448,23,Male,Medium,80.24,74.54,0.589,12,1.94,0,0,0,9.63,3,1
STU-03449,20,Female,Medium,98.53,84.7,0.771,13,5.67,1,0,0,8.7,1,0
STU-03450,20,Male,High,85.9,78.46,0.897,10,5.45,1,1,0,5.59,3,0
STU-03451,20,Male,Medium,82.76,75.38,0.879,10,5.27,1,0,0,10.46,2,0
STU-03452,17,Female,Medium,76.6,58.55,0.525,5,4.86,0,1,0,10.88,2,0
STU-03453,24,Female,Low,86.76,99.72,1.0,11,5.39,0,1,1,13.05,0,0
STU-03454,22,Non-binary,Low,80.37,77.29,0.572,10,5.16,3,1,1,14.85,0,0
STU-03455,20,Female,High,92.69,81.76,0.755,9,8.17,1,0,0,19.26,0,0
STU-03456,23,Female,Medium,99.65,100.0,0.977,8,6.2,2,0,0,8.93,0,0
STU-03457,19,Male,High,75.25,62.15,0.804,12,1.91,1,0,0,9.83,0,0
STU-03458,17,Male,High,90.0,88.63,0.994,11,5.83,0,0,0,8.4,0,0
STU-03459,23,Male,Low,86.44,68.14,0.698,12,4.58,1,1,0,18.77,2,0
STU-03460,18,Male,Medium,87.04,80.8,0.673,11,5.43,2,0,0,9.17,1,0
STU-03461,20,Male,Medium,77.23,76.32,0.907,12,2.39,0,0,0,9.11,3,0
STU-03462,21,Male,Medium,77.46,48.81,0.464,10,4.22,0,0,0,10.17,3,0
STU-03463,21,Male,Low,73.58,53.2,0.596,7,3.43,3,1,0,10.13,1,0
STU-03464,22,Male,Low,73.36,83.28,0.789,8,5.75,3,1,1,8.43,3,0
STU-03465,22,Male,Medium,72.76,67.4,0.905,8,4.24,1,0,0,4.75,2,0
STU-03466,22,Male,Medium,80.85,93.82,0.823,8,6.29,2,0,0,4.67,3,0
STU-03467,19,Female,Medium,73.66,83.46,0.916,13,2.93,0,0,1,2.45,2,0
STU-03468,21,Male,Medium,86.79,74.46,0.717,10,5.03,0,0,0,6.29,3,0
STU-03469,17,Male,Medium,82.63,71.58,0.771,10,3.62,2,1,1,2.33,0,0
STU-03470,24,Female,High,85.11,94.09,1.0,8,5.15,1,0,0,1.08,2,0
STU-03471,18,Female,Medium,78.99,93.95,0.656,10,8.26,0,0,0,14.12,0,0
STU-03472,20,Male,Medium,82.76,71.86,0.697,8,3.43,2,1,0,4.72,1,0
STU-03473,18,Female,Medium,79.28,88.44,0.742,11,4.22,0,0,0,0.59,1,0
STU-03474,19,Female,Medium,90.57,88.78,0.905,9,4.17,1,0,0,15.17,1,0
STU-03475,21,Female,Medium,77.13,84.05,0.894,12,4.7,3,1,0,3.29,0,0
STU-03476,19,Female,Medium,86.13,77.35,0.696,11,4.69,0,1,0,6.1,1,0
STU-03477,23,Male,High,68.88,63.09,0.566,7,2.68,0,1,0,13.83,4,0
STU-03478,21,Female,High,91.08,69.93,0.713,12,7.39,2,1,1,10.65,3,0
STU-03479,20,Female,High,77.1,60.71,0.455,10,5.34,1,0,1,1.97,1,0
STU-03480,20,Male,Medium,71.97,88.65,0.891,10,3.56,1,1,0,2.58,1,0
STU-03481,23,Female,Medium,69.47,68.46,0.577,6,4.92,1,0,1,7.25,1,0
STU-03482,22,Female,Medium,68.6,56.48,0.659,10,3.32,2,1,1,2.95,2,0
STU-03483,18,Male,High,77.95,84.19,0.654,9,2.68,2,0,1,9.28,2,0
STU-03484,19,Male,Medium,98.48,77.48,0.686,10,4.42,2,0,0,7.84,0,0
STU-03485,21,Male,Medium,74.92,64.45,0.55,8,2.17,5,0,0,20.83,0,0
STU-03486,21,Male,Medium,57.7,83.38,0.769,8,5.18,2,0,1,7.7,2,0
STU-03487,18,Male,Medium,86.02,62.98,0.793,8,3.98,1,0,0,4.49,3,0
STU-03488,22,Female,Medium,69.74,70.83,0.797,6,6.29,1,1,0,3.62,2,0
STU-03489,19,Male,Low,88.96,68.99,0.622,6,4.99,2,1,1,4.36,4,0
STU-03490,23,Male,Medium,77.37,64.63,0.584,9,3.59,0,1,0,15.39,2,0
STU-03491,22,Female,Medium,78.99,58.27,0.693,5,3.87,1,0,0,7.44,2,0
STU-03492,18,Male,Low,93.17,77.52,0.614,11,7.41,0,1,1,6.07,2,0
STU-03493,19,Female,High,90.05,71.23,0.702,11,5.11,0,0,0,8.77,4,0
STU-03494,19,Male,Medium,68.29,73.69,0.648,8,3.24,1,0,1,2.23,1,0
STU-03495,21,Male,Low,67.91,64.33,0.619,10,5.03,0,1,1,9.05,2,0
STU-03496,20,Male,High,63.63,64.17,0.735,8,4.84,0,0,0,6.28,4,0
STU-03497,18,Female,Medium,100.0,74.31,0.646,11,3.98,1,0,0,5.77,0,0
STU-03498,18,Male,Medium,72.51,84.11,0.928,6,5.04,0,1,0,18.69,0,0
STU-03499,22,Male,Medium,94.87,87.89,1.0,7,3.74,0,0,0,5.83,0,0
STU-03500,21,Female,High,77.39,67.09,0.736,9,4.59,0,1,0,6.63,1,0
STU-03501,21,Female,Medium,70.12,55.07,0.549,9,4.15,3,1,1,4.15,4,0
STU-03502,21,Male,Medium,82.24,55.59,0.702,11,5.37,1,0,0,11.43,3,0
STU-03503,19,Female,Low,76.41,80.25,0.645,8,2.9,5,0,1,31.55,1,0
STU-03504,21,Male,Medium,90.82,87.69,1.0,11,5.05,1,1,1,2.8,1,0
STU-03505,26,Male,Medium,90.96,89.13,0.765,11,5.69,0,1,0,6.7,0,0
STU-03506,23,Female,Medium,75.51,70.04,0.949,9,6.99,2,1,0,3.88,2,0
STU-03507,20,Male,Medium,66.16,74.82,0.645,9,3.97,2,0,0,14.33,3,0
STU-03508,19,Female,High,70.08,80.66,0.861,7,3.93,1,1,1,14.63,1,0
STU-03509,17,Male,Medium,56.89,61.61,0.429,4,4.09,1,0,0,4.86,0,0
STU-03510,23,Male,Low,76.98,65.57,0.625,8,4.44,2,1,0,8.76,2,0
STU-03511,22,Female,High,83.12,66.88,0.532,10,4.49,1,1,1,7.03,1,0
STU-03512,19,Male,Medium,69.43,72.59,0.538,7,4.76,1,0,0,5.28,2,0
STU-03513,17,Male,High,69.35,75.63,0.882,10,4.61,3,0,0,12.54,0,0
STU-03514,18,Non-binary,High,83.07,72.56,0.564,7,3.04,1,0,0,4.65,2,0
STU-03515,21,Female,High,76.3,70.49,0.605,8,3.95,2,0,0,9.46,2,0
STU-03516,20,Male,Medium,79.66,71.06,0.596,9,5.85,1,1,1,3.29,1,0
STU-03517,22,Male,Medium,77.96,80.33,0.915,8,7.89,2,0,0,26.58,2,0
STU-03518,21,Female,Low,82.74,58.17,0.708,8,3.08,1,1,1,7.09,2,0
STU-03519,23,Male,Medium,75.78,60.32,0.757,4,6.92,3,1,0,4.86,0,0
STU-03520,21,Female,Medium,76.62,60.92,0.515,10,3.38,2,1,0,5.13,3,0
STU-03521,22,Male,Medium,61.3,62.94,0.789,8,4.11,1,1,1,6.52,1,0
STU-03522,17,Female,High,82.7,79.6,0.677,7,7.07,1,0,0,6.41,3,0
STU-03523,18,Non-binary,Low,80.98,60.38,0.514,12,3.52,0,0,0,2.04,3,0
STU-03524,20,Female,Medium,80.05,82.51,0.714,8,4.3,1,0,0,14.66,0,0
STU-03525,23,Female,Medium,100.0,97.63,0.849,10,5.12,4,1,0,4.83,0,0
STU-03526,24,Male,Medium,83.79,79.36,0.759,8,5.05,1,0,0,22.81,2,1
STU-03527,20,Male,Low,78.28,81.0,0.684,11,4.95,3,1,1,9.0,2,0
STU-03528,19,Male,Low,85.49,64.08,0.665,12,3.81,1,1,0,4.53,1,0
STU-03529,17,Male,High,100.0,75.84,0.426,12,6.69,1,0,1,11.05,3,0
STU-03530,22,Female,Medium,84.78,80.84,0.81,12,4.16,1,0,0,7.19,4,0
STU-03531,19,Male,Low,55.54,58.48,0.458,6,3.46,0,1,0,23.17,1,0
STU-03532,27,Female,Low,84.75,63.95,0.556,12,4.43,4,1,1,8.89,1,0
STU-03533,19,Female,Medium,72.33,83.97,0.733,8,6.14,1,0,0,14.42,1,0
STU-03534,25,Male,Low,58.85,63.44,0.745,5,2.71,3,1,1,11.07,2,0
STU-03535,22,Male,Medium,100.0,90.02,0.923,10,7.06,2,0,0,3.46,2,0
STU-03536,18,Female,Medium,98.3,75.44,0.716,11,8.9,1,1,0,22.35,0,0
STU-03537,21,Female,Low,70.04,82.62,0.713,7,2.21,0,1,0,2.32,4,0
STU-03538,22,Male,Medium,72.12,68.06,0.766,9,3.23,3,0,0,6.64,2,1
STU-03539,20,Female,Low,81.76,81.64,1.0,11,8.6,0,0,1,9.29,1,0
STU-03540,22,Female,Medium,72.26,63.86,0.632,9,3.89,1,1,0,1.02,3,0
STU-03541,22,Female,High,81.76,77.68,0.564,10,4.44,0,0,0,4.41,3,0
STU-03542,22,Female,Medium,74.15,76.17,0.658,8,3.78,2,0,1,8.46,3,0
STU-03543,20,Female,High,78.85,94.55,0.969,8,7.77,1,1,0,8.78,1,0
STU-03544,18,Non-binary,Low,64.55,58.79,0.538,5,1.17,2,1,0,25.05,3,0
STU-03545,20,Female,Medium,91.1,80.75,0.679,9,6.8,0,0,0,15.78,1,0
STU-03546,21,Male,Medium,95.24,86.63,0.725,9,3.34,3,0,0,5.12,0,0
STU-03547,17,Male,Medium,80.9,59.68,0.61,9,2.2,2,1,0,1.01,0,0
STU-03548,21,Male,High,82.85,54.78,0.372,4,2.2,0,0,0,1.82,1,0
STU-03549,20,Male,Low,86.92,63.96,0.632,6,4.56,2,0,0,7.08,2,0
STU-03550,18,Male,High,83.27,86.39,0.842,11,4.24,1,1,0,11.92,3,0
STU-03551,20,Male,High,100.0,100.0,0.896,8,5.08,0,0,0,4.1,0,0
STU-03552,20,Male,Medium,67.52,58.18,0.461,7,2.01,0,0,0,24.48,0,0
STU-03553,25,Male,Medium,91.47,66.74,0.783,8,4.15,1,1,0,7.39,1,0
STU-03554,21,Male,Medium,80.74,89.1,0.695,7,3.35,3,0,0,6.11,0,0
STU-03555,23,Male,Low,67.67,59.03,0.614,8,4.14,5,1,0,26.68,1,0
STU-03556,20,Female,Medium,100.0,79.28,0.857,11,5.15,0,1,0,23.37,2,0
STU-03557,17,Male,Medium,100.0,97.59,0.948,12,2.6,1,0,1,14.82,3,0
STU-03558,22,Male,High,80.96,88.56,0.998,8,5.58,1,0,0,5.59,4,0
STU-03559,19,Female,Medium,86.89,86.05,0.692,8,5.97,0,0,0,24.98,1,0
STU-03560,20,Male,Medium,76.82,54.76,0.461,10,3.34,1,0,0,16.2,1,0
STU-03561,18,Female,Medium,78.59,60.14,0.548,8,2.32,0,1,0,7.15,2,0
STU-03562,21,Female,Medium,69.54,79.59,1.0,10,6.17,3,0,0,20.63,0,0
STU-03563,23,Male,High,69.17,73.13,0.777,8,2.48,0,0,0,5.28,1,0
STU-03564,22,Female,Low,100.0,72.42,0.793,11,5.39,0,0,1,2.35,2,0
STU-03565,24,Female,High,82.82,73.06,0.794,5,5.04,0,0,0,5.8,5,0
STU-03566,24,Female,High,83.81,88.09,0.855,12,6.82,1,1,0,2.12,0,0
STU-03567,17,Male,High,74.33,87.71,0.969,9,6.05,0,0,0,7.52,2,0
STU-03568,18,Female,Medium,84.09,75.3,0.51,6,4.55,2,0,0,7.16,1,0
STU-03569,17,Male,High,66.71,61.9,0.652,6,5.19,3,0,0,4.53,2,0
STU-03570,22,Male,Medium,73.49,67.52,0.719,8,2.79,1,1,0,16.06,1,0
STU-03571,19,Male,Medium,68.8,81.46,0.911,9,7.02,0,1,0,9.09,5,0
STU-03572,19,Male,Low,94.22,90.66,0.73,10,1.08,1,1,1,5.06,0,0
STU-03573,20,Male,Medium,63.83,67.58,0.538,6,5.39,2,0,0,6.17,2,0
STU-03574,21,Female,Medium,69.03,62.84,0.504,9,2.34,1,0,1,12.64,4,0
STU-03575,17,Male,Medium,59.48,74.38,0.789,7,4.53,3,0,0,15.56,1,0
STU-03576,18,Male,Medium,72.21,85.89,0.891,8,6.93,2,0,0,8.52,2,0
STU-03577,21,Female,High,78.2,59.75,0.486,8,4.66,3,1,1,3.79,3,0
STU-03578,23,Female,Low,90.76,73.44,0.948,12,6.44,1,0,0,6.52,1,0
STU-03579,20,Male,Medium,79.56,84.75,0.851,9,6.32,0,0,1,11.65,0,0
STU-03580,19,Female,Low,75.48,69.17,0.696,8,2.35,2,1,1,18.12,1,0
STU-03581,17,Male,Medium,85.3,71.06,0.673,9,2.93,0,0,0,5.64,1,0
STU-03582,23,Female,Medium,77.13,73.87,0.834,11,5.32,0,0,1,3.37,0,0
STU-03583,19,Male,Medium,100.0,86.71,0.881,13,5.84,0,0,0,13.27,2,0
STU-03584,18,Female,Medium,75.5,59.97,0.828,10,4.41,0,1,0,17.59,0,0
STU-03585,17,Male,High,87.8,79.8,0.628,10,6.49,1,0,0,8.09,4,0
STU-03586,17,Female,High,92.34,84.75,0.631,14,6.59,0,0,1,4.2,0,0
STU-03587,18,Female,Medium,75.18,66.18,0.567,9,2.71,1,0,0,5.74,2,0
STU-03588,20,Female,Medium,83.82,67.44,0.733,10,5.54,0,0,0,8.42,4,0
STU-03589,18,Male,Medium,76.49,66.34,0.605,8,1.99,1,1,0,4.84,3,0
STU-03590,21,Male,Low,83.01,62.34,0.775,10,2.79,5,0,0,2.72,1,0
STU-03591,20,Male,High,84.36,85.75,0.778,4,3.84,0,1,0,4.78,0,0
STU-03592,25,Female,Medium,80.46,63.78,0.764,11,4.79,2,1,0,5.71,4,1
STU-03593,17,Male,High,70.54,72.5,0.611,6,3.01,0,0,1,5.66,0,0
STU-03594,21,Female,Low,100.0,76.46,0.887,9,6.77,1,1,1,0.82,1,0
STU-03595,21,Female,Low,86.45,66.63,0.824,7,5.3,1,1,0,35.0,1,0
STU-03596,18,Male,High,65.77,82.04,0.726,7,5.64,0,0,0,4.92,0,0
STU-03597,21,Male,High,78.63,73.18,0.775,9,5.58,2,0,0,3.13,1,0
STU-03598,22,Male,High,65.99,61.73,0.649,10,2.39,1,1,0,6.17,0,0
STU-03599,21,Female,High,91.63,73.08,0.778,12,6.67,1,1,0,16.59,3,0
STU-03600,23,Female,Medium,81.76,77.64,0.909,13,4.18,1,0,0,16.07,0,0
STU-03601,17,Male,Low,80.04,78.89,0.883,10,5.8,2,0,0,14.23,3,0
STU-03602,19,Female,Low,70.73,78.86,0.827,9,3.94,2,0,1,21.37,1,1
STU-03603,24,Female,Medium,78.53,71.02,0.777,11,6.67,2,1,0,3.79,3,0
STU-03604,22,Non-binary,Low,88.66,72.48,0.558,8,5.6,1,1,0,2.8,0,0
STU-03605,22,Male,High,94.86,83.59,0.802,8,4.67,3,0,1,11.65,1,0
STU-03606,23,Female,Low,89.31,76.74,0.615,9,4.25,0,1,1,5.45,1,0
STU-03607,17,Female,Low,62.93,54.68,0.553,8,7.98,1,1,1,13.82,4,0
STU-03608,22,Male,Low,77.95,84.24,0.947,6,3.57,2,1,1,15.57,2,0
STU-03609,23,Female,Low,82.79,72.16,0.707,11,3.78,1,0,0,9.28,2,0
STU-03610,19,Female,Low,71.92,72.07,0.406,8,2.4,1,1,0,6.89,1,0
STU-03611,26,Female,Medium,63.75,69.84,0.562,9,1.84,1,0,0,19.47,1,1
STU-03612,21,Male,Medium,67.85,71.61,0.772,6,2.85,0,1,0,8.73,0,0
STU-03613,17,Male,Medium,98.5,72.24,0.643,9,5.14,1,0,0,5.04,4,0
STU-03614,21,Female,High,70.14,70.36,0.786,7,5.14,2,1,0,7.04,4,0
STU-03615,19,Female,Medium,82.52,97.42,0.782,9,2.79,3,0,0,8.17,2,0
STU-03616,23,Male,Medium,80.28,89.41,0.903,10,4.6,0,0,0,1.27,3,0
STU-03617,22,Male,Medium,80.31,75.12,0.785,11,3.8,1,0,0,22.63,0,0
STU-03618,19,Male,Low,76.48,65.24,0.742,9,2.98,0,1,0,4.19,1,0
STU-03619,24,Female,Medium,90.68,56.35,0.491,8,5.85,1,0,1,1.83,3,0
STU-03620,22,Male,High,83.64,71.92,0.799,13,4.05,1,1,0,8.57,2,0
STU-03621,19,Male,Medium,75.12,70.27,0.872,9,3.05,0,1,1,9.58,3,0
STU-03622,20,Male,Low,80.56,67.7,0.396,7,4.92,0,1,1,4.35,0,0
STU-03623,22,Female,Medium,67.95,65.14,0.653,5,5.7,1,0,0,5.68,3,0
STU-03624,20,Male,High,88.49,85.45,0.606,9,5.05,0,0,1,8.57,2,0
STU-03625,20,Female,Medium,74.51,60.76,0.505,9,2.45,1,0,0,8.31,0,0
STU-03626,21,Female,Medium,75.14,73.8,0.628,7,3.8,1,0,0,13.52,3,0
STU-03627,18,Female,High,88.89,78.32,0.753,11,4.29,1,0,0,8.67,2,0
STU-03628,17,Male,Medium,77.52,63.39,0.676,9,4.38,1,0,1,1.59,2,0
STU-03629,21,Female,Medium,78.14,89.25,0.965,7,6.41,0,0,0,6.86,1,0
STU-03630,17,Male,Low,92.84,84.24,0.844,11,5.64,3,1,1,11.16,1,0
STU-03631,18,Male,Low,69.29,57.6,0.662,8,4.03,3,0,0,4.75,1,0
STU-03632,17,Male,High,88.73,84.51,0.685,7,4.27,2,0,0,6.65,1,0
STU-03633,17,Female,Medium,92.44,65.48,0.776,12,6.37,0,0,0,12.71,2,0
STU-03634,21,Male,Medium,94.84,73.89,0.327,10,4.63,2,0,1,8.37,2,0
STU-03635,20,Female,Medium,100.0,96.28,1.0,9,3.93,1,0,0,11.01,1,0
STU-03636,20,Female,Low,72.94,70.72,0.857,10,2.33,2,0,1,9.27,1,0
STU-03637,18,Female,High,73.7,74.84,0.821,9,4.28,1,1,0,6.35,2,0
STU-03638,19,Female,Low,88.99,84.78,1.0,10,7.36,3,0,0,27.24,2,0
STU-03639,21,Male,High,93.59,87.79,0.627,9,6.65,0,0,0,3.48,0,0
STU-03640,20,Female,Medium,73.3,67.52,0.761,9,5.6,1,0,0,1.96,0,0
STU-03641,22,Female,Low,85.33,82.52,0.814,11,5.03,5,1,1,7.68,1,0
STU-03642,23,Non-binary,Low,100.0,63.31,0.66,11,7.46,1,1,1,6.43,1,0
STU-03643,20,Female,High,84.4,70.59,0.554,5,3.36,2,0,0,7.71,2,0
STU-03644,17,Female,Low,90.16,74.51,0.775,6,4.86,2,1,1,14.59,1,0
STU-03645,19,Female,Low,97.34,84.4,0.856,7,3.93,1,1,1,3.97,0,0
STU-03646,20,Female,Medium,100.0,79.75,0.691,8,5.03,1,0,0,0.81,2,0
STU-03647,19,Male,Medium,84.7,57.82,0.575,8,3.24,0,0,0,35.0,4,1
STU-03648,18,Female,Medium,95.78,61.73,0.459,8,6.73,1,0,0,6.52,2,0
STU-03649,21,Female,Low,71.33,65.76,0.604,8,5.82,4,1,0,10.81,0,0
STU-03650,26,Male,High,83.52,72.06,0.822,10,5.28,2,1,0,6.78,2,0
STU-03651,19,Female,Low,75.09,59.14,0.712,9,5.11,1,1,1,5.64,3,0
STU-03652,20,Male,Low,59.26,49.87,0.606,10,2.56,2,1,0,6.86,3,0
STU-03653,18,Non-binary,Medium,64.37,67.23,0.78,5,0.64,1,0,0,11.23,1,0
STU-03654,23,Female,Low,84.73,85.89,0.944,11,4.57,1,1,0,14.12,0,0
STU-03655,22,Female,Medium,86.95,78.07,0.682,10,5.94,3,1,0,19.17,0,0
STU-03656,22,Female,Low,68.54,78.26,0.801,6,5.06,2,1,0,12.14,1,0
STU-03657,23,Female,Low,97.13,75.08,0.863,11,5.38,4,0,1,6.61,2,0
STU-03658,20,Male,Medium,69.79,72.93,0.549,9,4.73,1,1,0,26.59,4,0
STU-03659,20,Male,High,86.08,91.59,0.71,9,4.29,2,0,1,11.11,3,0
STU-03660,24,Female,Low,75.43,66.83,0.488,4,2.16,4,0,1,12.39,3,0
STU-03661,22,Female,Low,81.18,71.42,0.487,10,5.05,0,1,1,19.34,1,0
STU-03662,17,Female,High,93.13,77.71,0.63,10,4.15,0,1,0,7.57,1,0
STU-03663,21,Non-binary,High,91.58,86.63,0.77,11,6.82,0,0,0,18.25,1,0
STU-03664,19,Male,Medium,89.79,87.12,1.0,4,3.24,3,1,0,1.93,3,0
STU-03665,22,Female,Low,86.38,77.18,0.699,8,4.13,2,1,1,7.02,2,0
STU-03666,21,Male,Medium,68.0,65.35,0.466,5,4.19,0,0,0,20.8,2,0
STU-03667,17,Female,Low,92.48,61.59,0.636,12,5.69,1,0,1,15.88,0,0
STU-03668,21,Male,Low,68.34,64.52,0.618,6,3.54,2,1,1,9.87,2,0
STU-03669,21,Male,Medium,80.83,71.88,0.611,11,4.8,0,0,0,2.98,4,0
STU-03670,21,Male,Medium,78.14,74.86,0.66,11,4.63,1,0,0,1.42,3,0
STU-03671,22,Female,Medium,85.85,77.38,0.881,10,3.4,1,0,0,7.32,1,0
STU-03672,24,Female,Medium,76.67,87.52,0.672,11,3.89,0,0,0,6.78,0,0
STU-03673,21,Non-binary,Low,78.26,62.8,0.426,6,4.0,2,1,1,13.95,3,0
STU-03674,21,Female,Medium,99.81,67.15,0.72,9,6.3,0,0,0,8.54,3,0
STU-03675,23,Female,Medium,67.75,56.1,0.494,9,3.34,1,1,1,15.35,2,0
STU-03676,25,Male,High,83.22,70.36,0.878,8,4.58,0,0,0,9.53,1,0
STU-03677,22,Male,Medium,69.74,79.3,0.751,6,2.47,3,1,0,3.54,3,0
STU-03678,21,Male,Medium,89.42,64.95,0.633,9,5.9,4,0,1,10.6,1,0
STU-03679,21,Male,Low,72.01,55.12,0.654,7,5.03,1,0,1,8.03,3,1
STU-03680,21,Male,Low,80.42,74.94,0.531,12,5.5,2,0,0,7.41,0,0
STU-03681,21,Female,Medium,67.43,75.86,0.78,10,2.82,1,1,0,8.33,1,0
STU-03682,25,Male,Low,94.21,61.93,0.575,8,5.05,2,1,1,9.82,4,0
STU-03683,19,Male,Medium,82.8,57.02,0.699,7,3.79,0,0,0,7.68,3,0
STU-03684,23,Male,Medium,83.52,67.22,0.587,10,4.5,1,1,0,2.13,0,0
STU-03685,20,Female,Low,89.12,81.55,0.81,12,9.47,1,1,0,2.57,1,0
STU-03686,17,Female,Low,66.23,65.42,0.606,9,4.98,0,1,1,5.62,5,0
STU-03687,20,Male,Medium,75.23,63.61,0.683,7,3.31,1,0,0,17.27,2,0
STU-03688,19,Female,High,85.12,85.0,0.789,7,4.8,1,1,1,8.85,2,0
STU-03689,22,Female,Medium,62.62,66.3,0.688,7,3.31,4,0,0,7.52,1,0
STU-03690,21,Male,Medium,63.8,64.55,0.852,9,4.57,3,0,0,26.04,2,0
STU-03691,18,Male,Low,70.97,50.12,0.482,7,1.4,2,0,1,9.52,4,1
STU-03692,24,Female,Medium,69.45,60.63,0.656,10,4.48,1,0,0,7.68,2,0
STU-03693,23,Female,Low,76.22,88.35,1.0,11,2.47,0,1,0,6.05,3,0
STU-03694,24,Female,Medium,87.75,73.76,0.768,10,2.86,0,0,0,5.38,0,0
STU-03695,21,Male,Medium,90.25,68.75,0.386,10,6.9,2,0,0,1.71,0,0
STU-03696,20,Male,Medium,100.0,79.18,0.689,8,5.0,1,0,0,7.58,2,0
STU-03697,22,Female,Low,79.75,71.67,0.559,8,6.17,3,1,1,2.81,4,0
STU-03698,19,Female,Low,81.7,80.25,0.888,8,4.19,1,1,1,4.08,0,0
STU-03699,21,Female,Low,79.73,76.68,0.736,10,1.8,0,0,1,2.71,0,0
STU-03700,20,Female,Medium,85.52,69.29,0.81,8,3.77,1,1,0,24.74,3,0
STU-03701,17,Female,High,87.63,91.53,0.949,10,9.54,2,1,0,9.28,1,0
STU-03702,21,Male,Low,90.14,83.62,0.88,10,3.7,1,1,1,18.0,3,0
STU-03703,20,Female,Medium,92.1,74.76,0.583,10,7.3,0,0,0,13.31,2,0
STU-03704,20,Female,Medium,87.71,75.82,0.8,8,5.79,0,1,0,6.45,1,0
STU-03705,21,Female,Low,96.61,84.58,0.979,12,6.45,1,1,1,4.63,2,0
STU-03706,23,Female,Low,80.29,81.49,0.615,7,3.33,1,1,0,6.38,1,0
STU-03707,19,Female,Medium,75.27,55.94,0.528,7,2.62,1,0,0,3.66,0,0
STU-03708,20,Female,Medium,77.07,72.7,0.755,9,5.47,0,0,0,0.87,0,0
STU-03709,19,Female,Medium,80.84,73.49,0.731,11,6.62,2,1,1,1.9,1,0
STU-03710,19,Female,Medium,70.08,62.93,0.8,7,4.79,0,0,0,11.73,4,1
STU-03711,19,Male,High,76.5,67.71,0.756,6,5.7,2,0,0,2.11,1,0
STU-03712,20,Female,Medium,69.46,78.89,0.815,7,3.94,0,0,1,4.08,2,0
STU-03713,22,Male,High,87.03,83.87,0.907,9,8.66,2,0,0,6.12,0,0
STU-03714,21,Male,Medium,85.89,97.29,1.0,14,6.2,1,0,0,2.86,1,0
STU-03715,18,Female,High,63.79,61.67,0.621,9,6.5,2,1,0,10.96,1,0
STU-03716,23,Female,High,76.06,74.63,0.686,7,3.07,1,1,0,15.0,3,0
STU-03717,22,Female,Medium,100.0,86.1,0.948,11,6.27,2,1,0,2.21,3,0
STU-03718,19,Female,High,90.18,89.0,0.765,13,6.81,1,0,0,2.03,5,0
STU-03719,23,Male,High,88.25,92.69,0.877,10,5.78,4,0,0,4.82,0,0
STU-03720,21,Female,Medium,74.69,71.79,0.565,8,4.7,3,0,0,12.33,2,0
STU-03721,20,Male,Medium,85.16,64.93,0.732,9,3.61,1,0,0,12.12,3,0
STU-03722,21,Male,Medium,81.84,67.17,0.812,11,4.51,2,1,0,1.83,3,0
STU-03723,20,Male,High,74.49,73.93,0.611,8,2.88,1,1,0,9.93,0,0
STU-03724,22,Male,Medium,76.57,82.98,0.783,11,4.63,2,0,0,6.36,3,0
STU-03725,21,Male,High,78.07,59.76,0.542,10,3.78,4,0,0,16.39,1,0
STU-03726,20,Male,Medium,65.62,54.8,0.686,9,3.21,1,1,0,3.41,2,0
STU-03727,17,Non-binary,High,68.69,77.29,0.922,9,5.73,0,0,0,2.77,4,0
STU-03728,22,Female,Low,77.81,56.61,0.515,6,2.46,2,0,0,12.7,4,1
STU-03729,20,Female,Medium,72.67,58.63,0.219,7,0.0,2,1,0,1.87,3,1
STU-03730,22,Female,Medium,78.69,84.14,0.95,9,4.58,3,0,0,8.12,2,0
STU-03731,22,Female,High,65.59,66.02,0.659,7,6.88,1,1,1,6.78,0,0
STU-03732,20,Male,High,92.06,77.96,0.764,9,6.1,1,1,0,4.95,2,0
STU-03733,23,Female,Medium,100.0,96.68,1.0,12,5.32,1,1,1,5.74,0,0
STU-03734,21,Male,Medium,93.3,69.15,0.638,8,5.66,2,0,0,8.12,2,0
STU-03735,21,Male,Low,92.44,63.93,0.56,7,4.56,6,1,0,1.02,2,0
STU-03736,20,Female,High,90.14,96.31,0.875,8,6.2,1,1,0,3.47,1,0
STU-03737,24,Male,Low,82.92,74.34,0.785,13,6.28,2,1,1,1.33,4,0
STU-03738,19,Female,Medium,82.95,81.61,0.895,11,5.67,1,0,0,0.5,0,0
STU-03739,20,Male,Medium,71.94,66.42,0.854,7,4.94,1,0,0,1.72,3,1
STU-03740,18,Male,Medium,89.59,76.94,0.797,12,7.46,2,0,1,6.59,1,0
STU-03741,22,Female,Low,86.94,66.89,0.644,9,5.53,2,0,0,11.02,1,0
STU-03742,19,Male,Low,74.91,71.34,0.807,13,5.02,0,1,1,14.94,2,0
STU-03743,20,Female,High,89.04,87.8,0.727,10,5.19,1,0,0,14.19,3,0
STU-03744,19,Male,Medium,74.37,72.66,0.882,10,4.18,2,0,1,8.29,0,0
STU-03745,21,Male,Low,73.07,77.88,0.783,10,2.85,2,1,0,0.85,2,0
STU-03746,18,Female,Medium,90.53,85.08,0.792,13,6.35,3,0,1,1.77,6,0
STU-03747,17,Male,Low,84.74,62.39,0.506,8,6.02,3,1,0,10.77,0,0
STU-03748,21,Male,High,80.7,74.04,0.799,12,5.59,4,0,1,3.07,2,1
STU-03749,17,Male,Medium,78.18,68.04,0.638,8,5.15,0,0,0,14.53,2,0
STU-03750,22,Male,Low,81.92,79.06,0.756,9,3.66,3,1,1,3.89,3,0
STU-03751,24,Male,Low,59.81,65.52,0.449,7,2.09,2,1,1,10.2,2,0
STU-03752,20,Female,Medium,73.66,71.63,0.651,10,2.4,2,0,0,9.95,1,0
STU-03753,23,Male,Medium,68.08,77.82,0.688,8,3.72,2,0,1,17.18,3,0
STU-03754,20,Male,Medium,82.13,55.77,0.615,12,5.84,0,1,0,6.98,1,0
STU-03755,24,Female,Medium,93.97,74.08,0.692,12,4.27,1,0,0,7.0,0,0
STU-03756,20,Female,Medium,87.25,71.7,0.386,9,3.86,2,0,0,7.67,0,0
STU-03757,17,Female,Low,74.37,70.42,0.643,7,5.19,2,1,0,14.18,2,0
STU-03758,20,Female,Low,72.23,72.4,0.535,10,5.45,3,0,1,3.29,1,0
STU-03759,24,Female,High,74.96,72.72,0.587,5,1.75,1,0,0,5.85,0,0
STU-03760,22,Female,Low,100.0,67.05,0.784,12,5.14,1,1,1,7.16,1,0
STU-03761,19,Male,High,84.0,81.14,0.583,7,3.41,1,1,0,1.88,2,0
STU-03762,21,Female,Medium,84.2,76.7,0.782,12,3.86,3,0,0,5.34,3,0
STU-03763,23,Female,Low,56.78,44.77,0.408,4,2.13,3,0,0,9.9,3,1
STU-03764,20,Male,Low,67.01,61.41,0.53,7,0.78,1,1,1,2.35,1,0
STU-03765,26,Female,Low,79.51,74.11,0.607,10,3.81,3,0,0,12.2,2,0
STU-03766,19,Female,Medium,76.52,88.26,0.886,10,5.13,2,1,1,7.65,0,0
STU-03767,23,Male,Medium,83.46,64.17,0.69,8,3.3,0,1,0,15.81,3,0
STU-03768,22,Non-binary,Medium,83.32,82.89,0.594,8,3.78,1,0,0,15.68,2,0
STU-03769,19,Male,Medium,88.6,66.77,0.799,12,5.37,0,1,0,20.16,3,0
STU-03770,20,Female,Medium,61.44,51.78,0.388,9,2.97,0,0,0,7.67,3,0
STU-03771,23,Female,High,71.09,58.76,0.638,8,1.75,2,0,0,11.2,1,0
STU-03772,21,Non-binary,High,82.15,82.23,0.653,8,5.57,0,1,1,8.28,3,0
STU-03773,21,Male,Medium,74.88,72.24,0.653,6,5.27,2,0,1,5.86,1,0
STU-03774,17,Male,High,79.84,71.92,0.552,9,3.12,1,1,0,6.63,0,0
STU-03775,22,Male,Medium,83.2,79.51,0.708,11,7.16,1,0,0,4.6,0,0
STU-03776,21,Female,Medium,73.81,70.83,0.672,9,4.91,1,0,1,2.73,0,0
STU-03777,20,Female,Medium,84.11,76.48,0.607,7,4.96,1,0,0,7.2,2,0
STU-03778,21,Male,Low,85.98,70.44,0.73,13,5.96,4,1,0,8.74,0,0
STU-03779,20,Male,Medium,82.72,64.43,0.694,5,3.3,0,0,1,4.85,2,0
STU-03780,19,Female,High,91.18,97.43,1.0,12,5.61,3,0,1,5.03,2,0
STU-03781,20,Male,Low,56.1,73.13,0.827,8,4.84,4,0,0,20.5,3,0
STU-03782,20,Female,High,76.8,89.52,1.0,11,4.34,1,1,0,5.69,1,0
STU-03783,25,Male,High,93.07,76.03,0.529,8,4.19,2,1,0,2.08,0,0
STU-03784,22,Female,Low,70.49,59.22,0.36,7,3.97,4,1,0,7.09,1,0
STU-03785,18,Male,Medium,71.0,64.94,0.609,9,4.38,2,0,0,6.8,3,0
STU-03786,25,Female,High,81.86,86.78,1.0,10,5.71,1,1,0,6.82,4,0
STU-03787,20,Male,High,83.06,76.62,1.0,7,5.83,1,0,0,7.54,0,0
STU-03788,21,Male,Low,74.12,62.34,0.54,11,3.62,3,1,1,5.28,0,0
STU-03789,22,Female,Medium,100.0,86.64,0.763,12,6.94,0,1,0,3.83,0,0
STU-03790,17,Male,Medium,85.15,68.51,0.741,10,7.93,0,0,1,1.07,0,0
STU-03791,20,Male,Low,70.07,52.28,0.511,8,4.0,1,0,1,2.62,2,0
STU-03792,19,Male,Medium,66.17,68.05,0.651,11,5.66,3,0,0,10.13,2,0
STU-03793,21,Female,Low,84.46,67.58,0.744,8,4.37,0,1,1,20.09,4,0
STU-03794,21,Male,Low,69.81,65.57,0.976,8,4.11,2,1,1,3.82,2,0
STU-03795,20,Male,Medium,100.0,56.15,0.725,12,4.52,0,1,1,5.2,2,0
STU-03796,20,Male,Medium,86.71,67.7,0.893,11,4.27,3,0,1,6.98,0,0
STU-03797,23,Female,Medium,88.16,76.87,0.527,7,4.04,1,1,1,24.65,0,0
STU-03798,21,Male,Medium,84.74,60.51,0.735,11,6.21,2,0,0,6.9,4,0
STU-03799,21,Female,Medium,94.34,65.46,0.535,10,6.16,2,1,1,26.28,1,0
STU-03800,21,Female,Low,53.65,58.34,0.788,6,3.02,2,1,1,1.06,3,0
STU-03801,24,Female,Low,66.76,71.26,0.863,10,4.11,3,1,0,1.32,1,0
STU-03802,21,Female,Low,91.38,67.14,0.736,10,5.27,0,0,0,18.39,1,0
STU-03803,19,Female,Medium,98.51,79.66,0.684,10,5.75,1,1,0,2.84,1,0
STU-03804,17,Female,Low,66.41,61.69,0.558,9,4.4,1,1,1,5.97,0,0
STU-03805,17,Male,Low,60.0,45.37,0.426,8,2.3,2,1,0,5.68,3,1
STU-03806,20,Male,Low,81.84,83.32,0.896,11,5.07,0,0,1,1.63,4,0
STU-03807,20,Female,Medium,87.34,75.09,0.781,10,7.13,1,0,0,6.13,2,0
STU-03808,19,Male,Medium,83.62,73.42,0.889,9,5.02,0,1,0,30.41,3,0
STU-03809,21,Male,High,82.59,80.12,0.97,10,4.82,1,0,0,13.74,6,0
STU-03810,19,Male,Medium,61.63,48.98,0.404,9,2.75,0,0,1,1.95,3,0
STU-03811,19,Male,Medium,77.87,81.58,0.846,10,5.12,1,0,0,1.48,0,0
STU-03812,22,Non-binary,Low,77.52,79.91,0.83,9,2.79,2,1,1,10.57,1,0
STU-03813,23,Male,Medium,75.97,72.87,0.702,9,3.84,1,0,0,20.95,3,0
STU-03814,18,Non-binary,Low,58.89,65.09,0.759,11,4.47,3,0,1,25.76,2,0
STU-03815,21,Male,Medium,88.43,74.19,0.784,11,8.09,0,1,0,9.74,2,0
STU-03816,17,Female,Medium,91.52,87.56,0.772,10,4.65,0,0,0,1.93,1,0
STU-03817,17,Male,Medium,73.26,61.93,0.602,10,5.09,1,0,0,9.69,2,0
STU-03818,19,Male,Low,77.95,69.29,0.641,8,4.61,3,0,0,2.84,1,0
STU-03819,23,Male,Medium,76.53,72.01,0.619,9,5.85,1,1,0,8.75,1,0
STU-03820,19,Male,High,77.89,73.75,0.711,12,3.71,1,0,0,12.08,1,0
STU-03821,19,Female,Medium,87.42,87.66,0.687,11,6.48,0,1,0,3.95,2,0
STU-03822,21,Female,Medium,87.69,98.97,0.998,13,7.9,2,0,1,17.24,0,0
STU-03823,21,Male,Medium,93.82,78.94,0.935,10,8.04,0,1,0,6.27,0,0
STU-03824,19,Male,Low,91.59,80.87,0.789,9,7.45,2,0,1,5.85,0,0
STU-03825,25,Male,Medium,80.11,65.43,0.763,11,5.11,2,0,0,3.82,0,0
STU-03826,20,Male,Medium,100.0,93.32,0.91,7,7.03,3,0,0,10.29,1,0
STU-03827,21,Male,Low,97.05,73.61,0.597,10,4.49,0,1,0,11.53,0,0
STU-03828,20,Male,Medium,74.76,100.0,1.0,12,2.25,2,0,0,18.01,1,0
STU-03829,21,Female,High,84.64,60.67,0.317,9,3.98,1,0,0,5.56,2,0
STU-03830,23,Male,Medium,60.16,85.35,0.823,5,3.92,5,0,0,8.46,0,0
STU-03831,24,Female,Medium,82.3,84.42,0.722,7,6.16,1,1,0,5.9,0,0
STU-03832,19,Male,Medium,100.0,71.78,0.894,11,7.37,0,0,1,9.36,3,0
STU-03833,23,Female,Medium,100.0,100.0,0.975,12,4.93,0,0,0,12.52,3,0
STU-03834,22,Male,Medium,80.67,64.44,0.947,11,8.74,0,1,0,7.09,2,0
STU-03835,23,Female,Low,83.68,69.22,0.686,9,5.31,4,0,1,5.67,2,0
STU-03836,20,Female,Medium,88.66,64.59,0.55,10,2.75,0,0,0,6.77,3,0
STU-03837,20,Male,Medium,100.0,81.54,0.584,11,3.57,0,0,0,9.5,2,0
STU-03838,22,Male,Low,69.19,64.88,0.777,8,1.35,1,1,1,7.18,2,0
STU-03839,23,Female,Medium,100.0,91.3,0.774,11,6.85,0,0,1,9.29,2,0
STU-03840,24,Male,Low,76.51,93.31,0.841,8,4.2,0,1,1,8.24,2,0
STU-03841,21,Female,Medium,69.13,63.05,0.776,10,3.22,2,0,0,7.09,1,0
STU-03842,20,Female,Medium,78.53,45.17,0.599,7,3.35,0,0,0,6.78,4,0
STU-03843,17,Female,Medium,73.09,76.57,0.673,9,3.82,1,0,1,6.83,0,0
STU-03844,17,Male,Medium,86.61,71.07,0.644,10,5.56,1,0,0,5.61,2,0
STU-03845,20,Male,High,65.07,86.17,0.619,7,1.41,0,0,1,4.14,1,0
STU-03846,18,Male,Medium,83.56,74.76,0.483,10,2.61,1,1,0,5.9,0,0
STU-03847,22,Male,Medium,89.3,70.27,0.783,13,5.97,3,0,0,7.02,0,0
STU-03848,18,Male,Medium,98.31,72.06,0.811,9,4.99,2,1,1,11.39,0,0
STU-03849,19,Male,Low,87.49,80.42,0.822,12,6.18,0,1,1,11.97,1,0
STU-03850,20,Non-binary,Low,95.63,75.35,0.758,12,4.83,3,1,0,19.29,2,0
STU-03851,23,Female,Medium,75.34,85.84,0.742,9,6.77,1,0,0,9.04,2,0
STU-03852,19,Female,Low,84.34,70.58,0.87,11,5.67,1,1,0,0.83,1,0
STU-03853,21,Female,Medium,57.48,76.74,0.533,7,4.81,2,1,1,6.4,1,0
STU-03854,21,Male,Medium,80.75,59.96,0.545,11,4.9,0,0,0,6.67,2,1
STU-03855,22,Male,Medium,86.25,59.02,0.612,4,5.45,1,0,1,5.4,6,1
STU-03856,22,Female,Low,85.25,81.41,0.788,12,4.1,0,1,1,0.87,5,0
STU-03857,20,Male,High,65.94,63.75,0.634,6,5.43,2,0,0,11.54,0,0
STU-03858,17,Male,Medium,77.71,69.66,0.623,9,4.59,1,0,0,8.25,2,0
STU-03859,20,Female,Medium,79.24,62.91,0.692,8,3.24,1,0,0,5.14,1,0
STU-03860,20,Female,Low,75.28,57.48,0.434,11,0.62,0,1,0,2.79,1,0
STU-03861,21,Female,Medium,89.98,84.54,0.798,9,5.6,0,0,1,6.92,3,0
STU-03862,19,Female,Low,77.61,69.27,0.734,8,6.75,1,0,1,28.97,1,0
STU-03863,23,Male,Medium,83.09,64.28,0.599,11,3.19,3,0,1,8.24,2,0
STU-03864,21,Male,Medium,76.61,79.68,0.773,10,3.41,0,1,0,7.37,1,0
STU-03865,19,Female,High,94.96,94.08,0.924,10,5.59,0,0,0,2.89,2,0
STU-03866,20,Female,Medium,94.53,79.29,0.558,8,6.38,1,0,1,9.95,1,0
STU-03867,25,Female,Medium,78.61,82.76,0.6,7,1.68,2,0,0,4.68,4,0
STU-03868,22,Female,Low,100.0,70.18,0.706,12,4.65,0,1,1,10.24,1,0
STU-03869,23,Female,Medium,73.57,76.09,0.669,9,2.84,3,0,1,1.27,1,0
STU-03870,18,Male,Medium,93.08,81.3,0.721,10,6.08,0,1,0,3.26,1,0
STU-03871,19,Male,Medium,71.54,61.42,0.682,9,4.0,1,1,0,4.56,2,0
STU-03872,19,Male,Low,88.5,95.21,0.789,6,4.82,2,1,1,5.77,2,0
STU-03873,21,Female,Low,87.65,76.6,0.456,8,3.95,1,1,1,18.5,2,0
STU-03874,20,Male,Low,68.87,59.35,0.795,8,5.54,1,0,1,15.28,0,0
STU-03875,19,Female,High,81.81,76.22,0.888,11,6.89,1,1,0,9.11,1,0
STU-03876,20,Female,Medium,100.0,74.3,0.87,8,7.52,3,0,1,2.89,2,0
STU-03877,19,Male,Low,71.04,54.73,0.421,10,4.15,2,1,1,3.0,0,0
STU-03878,20,Male,High,87.67,74.34,0.717,13,6.98,0,1,1,14.23,3,0
STU-03879,23,Female,Low,83.69,68.55,0.524,6,2.94,2,1,0,5.48,0,0
STU-03880,17,Male,Medium,81.53,66.1,0.648,9,5.08,1,1,0,4.03,2,0
STU-03881,21,Male,Medium,62.96,77.73,0.714,9,7.21,1,0,1,4.99,1,0
STU-03882,23,Male,High,92.36,73.43,0.589,11,2.27,2,0,0,6.41,2,0
STU-03883,20,Male,Medium,82.13,65.1,0.706,5,4.01,1,0,0,8.59,1,0
STU-03884,19,Female,Medium,94.14,68.33,0.643,10,3.64,2,0,1,6.18,2,0
STU-03885,22,Male,High,85.8,65.11,0.853,9,5.79,2,0,1,0.93,5,0
STU-03886,18,Female,Low,80.71,81.21,0.797,9,6.99,3,1,1,7.59,0,0
STU-03887,20,Female,High,87.35,81.26,0.481,13,5.02,1,0,0,8.96,1,0
STU-03888,18,Male,High,72.39,78.4,0.544,8,3.49,0,0,0,8.76,1,0
STU-03889,17,Male,High,100.0,94.93,1.0,12,7.26,1,1,1,6.23,2,0
STU-03890,20,Female,Low,75.87,65.28,0.605,8,3.74,0,1,1,2.71,3,0
STU-03891,18,Male,Low,76.01,83.41,0.834,10,5.16,1,1,1,1.9,0,0
STU-03892,20,Male,Medium,96.22,74.91,0.733,11,6.34,2,0,0,4.99,2,0
STU-03893,23,Male,Medium,84.72,64.71,0.813,11,7.67,2,1,0,11.6,3,0
STU-03894,24,Female,Medium,79.4,76.85,0.519,7,4.66,0,0,0,4.1,3,0
STU-03895,21,Female,High,87.8,80.34,0.938,10,6.06,2,0,0,35.0,2,0
STU-03896,23,Female,Medium,88.89,79.09,0.919,11,8.59,0,0,0,13.12,3,0
STU-03897,21,Female,Medium,80.7,83.89,0.81,6,2.29,3,0,0,5.27,1,0
STU-03898,20,Female,Medium,92.15,80.29,0.828,8,5.47,0,1,0,4.87,3,0
STU-03899,17,Female,Low,66.02,67.02,0.618,10,2.71,2,1,1,5.75,0,0
STU-03900,24,Female,Low,82.88,85.58,0.622,8,4.19,1,0,1,7.0,1,0
STU-03901,18,Female,Low,88.8,77.49,0.823,15,6.28,1,1,0,2.39,1,0
STU-03902,23,Male,High,90.09,84.94,0.848,12,6.94,0,1,0,4.42,2,0
STU-03903,22,Male,Medium,57.35,48.35,0.533,8,2.36,0,1,0,18.39,0,0
STU-03904,18,Female,Medium,80.61,100.0,1.0,13,6.56,0,0,0,9.86,0,0
STU-03905,21,Male,Medium,68.65,52.04,0.46,9,2.1,2,0,0,5.65,2,1
STU-03906,25,Female,Medium,96.14,75.76,0.918,11,4.27,1,0,1,8.92,2,0
STU-03907,24,Female,High,78.95,68.95,0.681,6,4.63,0,0,1,5.91,1,0
STU-03908,19,Male,High,96.17,100.0,1.0,12,6.02,2,1,0,12.37,2,0
STU-03909,19,Female,Medium,68.61,61.93,0.586,11,5.85,4,0,0,22.66,2,0
STU-03910,21,Female,High,87.55,83.19,0.929,9,8.69,0,0,0,6.93,1,0
STU-03911,20,Female,Medium,82.09,68.77,0.691,6,3.85,0,1,0,2.49,2,0
STU-03912,23,Male,Medium,100.0,72.6,0.701,8,3.01,2,0,0,2.9,2,0
STU-03913,22,Male,High,96.21,88.63,0.996,14,4.4,0,0,1,14.14,2,0
STU-03914,17,Female,Medium,94.25,73.05,0.508,9,3.5,0,1,0,22.1,0,0
STU-03915,21,Female,Medium,100.0,85.08,0.786,13,6.11,1,0,1,4.17,1,0
STU-03916,20,Female,Medium,85.12,82.13,0.721,9,4.57,1,0,0,4.03,2,0
STU-03917,21,Male,Medium,80.91,92.9,0.933,9,3.66,1,0,0,10.02,1,0
STU-03918,21,Female,Medium,79.65,60.61,0.645,13,6.95,3,0,0,2.32,0,0
STU-03919,23,Male,Medium,85.61,74.56,0.727,9,5.91,4,0,0,10.02,2,0
STU-03920,23,Male,Medium,51.53,58.62,0.504,6,5.19,5,0,1,10.97,2,0
STU-03921,19,Female,Low,80.03,70.62,0.691,10,2.09,2,1,1,3.78,2,0
STU-03922,20,Male,High,85.74,100.0,0.988,10,7.6,0,1,0,1.35,0,0
STU-03923,20,Female,Medium,80.29,71.8,0.683,10,4.39,0,0,1,3.7,3,0
STU-03924,17,Female,High,66.41,43.42,0.59,9,3.13,0,0,0,11.73,1,1
STU-03925,20,Female,Low,78.35,67.82,0.743,10,4.74,2,1,1,9.36,0,0
STU-03926,24,Female,Medium,65.13,65.08,0.648,7,2.83,1,0,0,6.31,2,1
STU-03927,17,Male,Medium,100.0,80.59,0.499,7,4.7,0,0,0,14.68,0,0
STU-03928,20,Non-binary,High,80.42,68.16,0.647,7,5.81,0,0,1,8.83,2,0
STU-03929,20,Female,Low,57.31,46.5,0.56,6,0.42,2,1,1,8.13,2,1
STU-03930,21,Female,High,80.98,97.21,0.892,10,7.39,1,1,0,1.92,1,0
STU-03931,18,Male,Medium,91.85,82.27,0.832,9,6.14,1,0,0,9.22,3,0
STU-03932,18,Female,Medium,83.94,73.37,0.691,7,4.63,1,1,0,11.64,3,0
STU-03933,18,Female,Medium,71.95,90.81,0.898,7,6.22,1,0,0,21.62,3,0
STU-03934,23,Non-binary,Low,72.54,58.33,0.755,9,4.99,1,1,0,4.33,3,1
STU-03935,18,Male,Medium,78.84,78.87,0.86,11,4.43,2,0,0,6.33,1,0
STU-03936,19,Male,Low,75.16,55.79,0.41,7,2.41,0,0,1,16.45,1,0
STU-03937,25,Female,Medium,68.14,75.22,0.535,7,5.68,2,1,0,10.84,1,0
STU-03938,19,Female,Medium,81.26,62.66,0.678,10,2.56,1,0,0,10.26,0,0
STU-03939,21,Female,Medium,67.33,72.02,0.846,9,4.26,0,0,0,3.09,4,0
STU-03940,23,Male,Low,90.44,95.14,0.708,12,3.16,0,0,1,6.37,1,0
STU-03941,23,Female,Low,91.78,77.19,0.726,9,5.94,1,0,1,11.33,4,0
STU-03942,18,Female,Low,68.96,43.38,0.742,7,4.14,2,0,0,3.69,4,1
STU-03943,19,Female,Low,72.12,67.17,0.632,10,2.32,0,1,1,7.59,2,0
STU-03944,21,Male,Medium,77.35,76.93,1.0,9,4.26,1,0,0,6.08,4,0
STU-03945,25,Male,Low,79.65,79.44,0.672,8,4.6,2,1,0,10.62,1,0
STU-03946,19,Male,High,86.08,92.8,0.809,11,5.66,0,1,0,8.85,1,0
STU-03947,19,Female,Low,85.09,88.29,0.763,12,2.36,2,1,1,0.99,2,0
STU-03948,21,Male,Low,84.84,71.61,0.549,9,3.39,0,1,1,6.18,1,0
STU-03949,22,Female,High,100.0,78.16,0.557,8,5.31,1,0,0,19.88,2,0
STU-03950,22,Female,Low,80.66,59.73,0.573,11,5.96,1,1,0,13.45,0,0
STU-03951,19,Female,Medium,67.67,62.08,0.637,9,5.06,1,1,0,5.95,2,0
STU-03952,19,Male,High,65.55,72.98,0.629,8,3.12,1,0,0,12.22,1,0
STU-03953,21,Female,High,100.0,71.26,0.643,9,6.75,1,1,0,5.18,4,0
STU-03954,23,Non-binary,Medium,87.61,67.78,0.843,12,5.0,1,0,0,10.57,1,0
STU-03955,20,Female,Low,82.27,77.31,0.869,8,0.91,1,1,1,4.17,1,0
STU-03956,20,Female,Medium,86.94,70.27,0.66,7,6.84,2,0,1,23.43,1,0
STU-03957,18,Male,High,85.01,81.26,0.838,13,5.95,0,0,0,6.14,0,0
STU-03958,24,Male,High,88.02,70.85,0.5,7,4.62,2,0,0,7.45,4,1
STU-03959,21,Female,Low,75.9,71.51,0.734,11,4.58,3,0,1,14.67,2,0
STU-03960,23,Male,Medium,93.61,72.21,0.7,12,5.68,2,0,1,7.31,1,1
STU-03961,21,Female,Medium,76.23,52.57,0.492,9,3.82,1,0,0,8.24,2,0
STU-03962,21,Female,Low,70.06,75.39,0.74,7,3.91,1,1,1,8.16,3,0
STU-03963,17,Male,Medium,63.4,58.47,0.573,9,2.57,0,0,0,9.25,1,0
STU-03964,17,Male,Low,77.39,66.86,0.504,11,4.0,1,1,0,3.0,1,0
STU-03965,23,Female,Medium,95.94,74.14,0.926,11,4.85,0,0,1,9.84,4,0
STU-03966,21,Female,Low,74.97,73.63,0.834,8,3.24,2,1,1,4.93,1,0
STU-03967,21,Male,Medium,66.84,70.41,0.646,9,4.25,1,0,0,4.44,0,0
STU-03968,18,Female,Low,83.13,77.52,0.543,6,5.65,3,1,0,5.8,2,0
STU-03969,19,Male,Medium,74.84,65.43,0.354,6,2.19,1,0,0,2.33,2,0
STU-03970,23,Male,Low,97.03,78.28,1.0,10,5.5,2,1,1,5.75,4,0
STU-03971,24,Male,High,95.07,86.55,0.812,10,3.3,2,0,0,2.81,0,0
STU-03972,19,Female,Low,66.02,79.34,0.861,7,2.69,0,1,1,0.9,3,0
STU-03973,22,Male,Medium,80.09,76.51,0.631,9,2.63,0,0,1,12.11,0,0
STU-03974,21,Female,Low,71.69,56.58,0.535,9,5.1,3,1,1,5.73,1,0
STU-03975,20,Female,Low,67.23,67.15,0.633,8,1.42,3,1,1,8.54,1,0
STU-03976,24,Female,Low,79.38,68.65,0.706,5,5.27,2,1,1,10.77,0,0
STU-03977,20,Female,Low,89.0,54.93,0.568,9,4.25,3,0,0,16.77,3,1
STU-03978,23,Male,Low,79.1,51.72,0.419,11,4.55,0,1,1,5.85,2,0
STU-03979,21,Male,Medium,76.32,70.97,0.585,9,5.74,0,0,0,7.18,0,0
STU-03980,20,Male,Medium,57.73,62.89,0.617,8,3.33,1,0,0,10.24,4,0
STU-03981,23,Male,Low,72.68,64.14,0.427,7,5.02,1,1,0,1.73,1,0
STU-03982,21,Male,Medium,88.07,86.12,0.73,11,7.27,1,0,0,5.25,2,0
STU-03983,20,Male,Medium,67.24,57.92,0.565,8,5.52,2,0,0,6.97,1,0
STU-03984,23,Male,Low,94.11,63.51,0.68,11,4.27,1,1,0,4.52,1,0
STU-03985,23,Male,Medium,75.58,63.02,0.808,7,2.03,1,1,0,4.54,1,0
STU-03986,23,Male,Low,82.13,65.53,0.593,9,4.22,0,1,0,3.77,1,0
STU-03987,17,Female,Low,75.61,67.91,0.675,8,4.61,1,1,1,35.0,1,0
STU-03988,21,Non-binary,Medium,69.06,60.17,0.379,8,0.39,0,0,1,6.95,5,0
STU-03989,21,Female,High,88.09,57.62,0.621,6,4.84,0,0,0,3.57,0,0
STU-03990,20,Female,High,76.67,47.86,0.387,7,0.0,2,0,0,5.93,4,1
STU-03991,22,Male,High,74.09,73.54,0.683,10,6.48,3,1,0,3.35,1,0
STU-03992,21,Female,Medium,55.86,50.52,0.576,9,3.83,0,0,1,7.42,1,0
STU-03993,22,Female,Low,94.33,57.42,0.641,10,3.95,1,1,0,8.58,5,0
STU-03994,20,Female,Medium,82.07,80.64,0.607,5,4.61,3,1,0,16.98,3,0
STU-03995,24,Female,Low,92.17,91.89,0.975,12,6.42,2,1,1,2.06,0,0
STU-03996,22,Male,Low,86.82,72.93,0.71,12,5.65,1,1,1,13.4,0,0
STU-03997,22,Male,Low,92.17,79.13,0.92,9,5.99,4,1,1,7.26,1,0
STU-03998,22,Female,Medium,75.79,74.15,0.9,9,6.41,0,1,0,11.73,1,0
STU-03999,23,Non-binary,Medium,66.9,43.98,0.655,10,2.13,1,0,1,13.82,1,1
STU-04000,23,Male,Low,88.39,83.51,0.635,11,4.63,1,0,1,15.7,1,0
STU-04001,20,Male,Medium,83.43,87.45,0.889,12,7.9,1,1,1,2.72,1,0
STU-04002,23,Female,Medium,76.87,90.27,0.676,11,3.93,1,0,0,10.66,1,0
STU-04003,21,Male,High,91.42,76.26,0.899,8,6.13,2,0,1,3.64,2,0
STU-04004,25,Female,Low,83.39,60.88,0.783,9,3.66,0,0,1,3.55,2,0
STU-04005,23,Female,Medium,89.03,91.32,0.991,12,9.0,0,1,0,9.45,4,0
STU-04006,19,Male,Low,68.75,70.19,0.639,8,4.34,2,0,0,9.78,3,0
STU-04007,25,Female,Medium,92.75,88.27,0.913,11,4.13,0,0,0,11.26,1,0
STU-04008,17,Male,Low,79.95,64.1,0.571,8,5.75,1,1,0,4.91,6,0
STU-04009,22,Male,Low,91.93,79.04,0.769,9,3.9,4,1,0,8.69,0,0
STU-04010,19,Female,Medium,92.65,68.94,0.668,9,6.07,1,1,1,9.21,2,0
STU-04011,24,Female,Low,87.55,74.17,0.485,7,5.73,1,1,0,6.07,1,0
STU-04012,21,Male,Low,78.78,66.53,0.561,7,6.98,3,0,1,14.72,0,0
STU-04013,19,Male,High,91.06,100.0,1.0,10,6.41,2,1,0,1.38,1,0
STU-04014,20,Female,Low,92.22,81.95,0.782,10,5.52,2,0,0,3.38,3,0
STU-04015,19,Non-binary,Medium,88.67,56.04,0.587,10,1.83,2,1,0,14.63,1,0
STU-04016,20,Male,Medium,84.23,75.41,0.735,9,4.3,1,1,0,9.43,1,0
STU-04017,20,Male,Low,87.83,78.04,0.709,13,4.02,2,1,1,26.96,1,0
STU-04018,19,Female,Medium,76.22,66.84,0.666,11,4.11,0,0,0,11.0,1,0
STU-04019,21,Male,Low,96.65,67.57,0.619,9,4.4,1,1,1,4.27,0,0
STU-04020,21,Male,Medium,63.5,72.09,0.433,8,4.14,0,1,0,13.8,1,0
STU-04021,18,Female,Low,80.38,61.17,0.706,11,3.89,2,1,0,15.55,2,0
STU-04022,17,Non-binary,Low,75.53,74.21,0.919,8,5.81,2,1,0,8.95,3,0
STU-04023,21,Male,Medium,74.95,60.52,0.467,7,3.5,0,1,0,3.08,3,0
STU-04024,22,Male,High,86.61,72.98,0.665,12,3.95,1,1,0,8.78,2,0
STU-04025,22,Male,Medium,69.62,77.98,0.938,10,3.94,0,1,0,5.31,0,0
STU-04026,22,Male,High,100.0,89.64,0.767,12,6.08,0,1,0,4.5,3,0
STU-04027,24,Male,Medium,67.13,67.54,0.714,9,6.02,1,0,0,8.09,1,0
STU-04028,23,Male,Medium,71.54,69.04,1.0,9,4.2,2,0,1,1.48,2,0
STU-04029,26,Female,Medium,70.5,69.74,0.762,6,4.48,4,0,0,6.55,0,0
STU-04030,27,Female,High,85.43,69.84,0.696,10,5.55,0,1,0,4.32,3,0
STU-04031,17,Female,Medium,93.16,64.55,0.747,12,5.36,1,0,0,3.13,2,0
STU-04032,17,Male,Medium,87.79,82.83,0.893,12,3.15,2,0,0,5.62,2,0
STU-04033,20,Female,Medium,98.2,97.43,0.848,12,6.6,0,1,0,5.05,1,0
STU-04034,22,Male,Medium,72.9,76.03,0.533,10,1.68,1,0,0,13.75,2,0
STU-04035,20,Female,Low,87.25,76.62,0.818,14,3.25,1,0,0,6.9,2,0
STU-04036,22,Female,Medium,78.66,60.67,0.697,6,2.74,1,0,0,9.52,4,1
STU-04037,20,Male,Medium,84.51,84.34,0.778,10,4.86,0,1,0,16.56,0,0
STU-04038,19,Male,High,95.45,87.38,1.0,9,4.95,1,0,0,4.36,0,0
STU-04039,19,Female,Medium,63.39,73.03,0.888,11,2.49,4,1,0,7.16,1,0
STU-04040,20,Female,High,100.0,95.09,1.0,10,7.03,1,1,0,10.37,0,0
STU-04041,22,Female,Medium,80.4,89.45,0.824,11,5.02,3,0,0,7.81,2,0
STU-04042,19,Female,Medium,64.33,54.73,0.305,6,3.73,3,0,0,6.4,0,0
STU-04043,20,Female,Low,72.38,54.05,0.529,9,2.73,3,0,1,5.92,1,0
STU-04044,22,Male,High,84.38,78.73,0.544,9,4.25,1,0,0,9.1,0,0
STU-04045,20,Female,Medium,74.38,61.48,0.332,8,4.33,0,1,0,3.72,3,0
STU-04046,23,Female,Low,57.47,48.83,0.582,8,1.41,2,1,0,3.57,2,0
STU-04047,19,Female,Low,81.06,83.31,0.945,11,4.55,2,0,0,18.6,3,0
STU-04048,18,Female,Low,72.06,56.7,0.339,7,4.52,2,1,0,1.34,3,0
STU-04049,21,Non-binary,Medium,89.16,77.69,0.725,11,5.16,1,0,1,3.92,2,0
STU-04050,21,Female,Medium,70.25,52.4,0.534,10,3.46,4,0,0,11.11,2,0
STU-04051,19,Female,High,100.0,85.38,0.787,10,5.77,0,0,0,13.87,1,0
STU-04052,23,Male,Medium,87.65,88.9,0.688,13,6.66,0,0,1,2.39,1,0
STU-04053,25,Male,Medium,84.16,87.53,1.0,12,5.75,2,1,0,14.84,0,0
STU-04054,19,Male,Medium,88.85,88.1,0.684,9,5.05,2,1,0,35.0,0,0
STU-04055,24,Male,High,63.21,66.31,0.423,8,2.97,0,1,1,17.15,1,0
STU-04056,17,Male,High,77.78,85.2,0.656,11,2.14,1,1,0,6.63,1,0
STU-04057,23,Male,Low,99.61,84.32,0.871,12,6.77,1,1,0,6.63,2,0
STU-04058,19,Non-binary,High,79.73,70.63,0.662,9,3.36,0,0,0,8.44,3,0
STU-04059,23,Female,Medium,81.31,77.85,0.664,3,2.82,0,1,1,3.33,1,0
STU-04060,18,Male,High,78.12,83.1,0.866,8,2.64,1,0,0,5.08,2,0
STU-04061,20,Male,High,99.36,71.17,0.739,11,3.48,1,0,0,6.41,1,0
STU-04062,19,Male,Medium,79.31,62.46,0.346,6,0.3,0,1,1,11.94,1,1
STU-04063,20,Female,Low,66.23,62.55,0.686,9,2.54,3,0,1,11.36,0,0
STU-04064,24,Male,Medium,100.0,70.78,0.837,12,5.37,3,0,0,3.08,0,0
STU-04065,20,Female,Low,64.87,50.98,0.509,7,4.83,0,1,0,6.08,1,0
STU-04066,25,Male,Medium,80.93,69.64,0.657,6,4.63,1,0,1,2.54,1,0
STU-04067,20,Female,Low,70.74,76.08,0.969,8,5.44,2,0,1,15.49,2,0
STU-04068,24,Male,Medium,74.28,80.39,0.694,10,6.15,3,0,0,5.82,2,0
STU-04069,17,Male,High,71.59,74.32,0.706,11,0.29,2,1,1,8.88,1,0
STU-04070,20,Female,Low,74.06,69.55,0.725,5,5.0,2,1,1,7.0,1,0
STU-04071,19,Female,Medium,92.82,100.0,0.955,11,6.48,2,0,0,11.1,1,0
STU-04072,24,Female,Medium,61.08,58.92,0.56,5,4.49,1,0,0,3.01,4,0
STU-04073,21,Male,Medium,95.87,83.43,0.816,10,3.21,2,0,0,1.79,1,0
STU-04074,17,Male,Low,91.97,70.46,0.881,10,4.95,0,0,0,2.12,0,0
STU-04075,18,Male,Low,85.6,60.41,0.702,14,3.6,2,1,1,3.07,2,0
STU-04076,18,Female,Medium,83.39,86.87,0.826,9,3.39,3,1,1,2.63,2,0
STU-04077,22,Male,Medium,85.04,72.77,0.609,11,7.81,0,0,0,4.06,1,0
STU-04078,22,Male,Medium,97.66,88.82,0.765,12,4.85,0,1,0,4.58,1,0
STU-04079,20,Female,Low,60.8,58.92,0.706,8,5.09,2,0,1,1.4,0,0
STU-04080,19,Female,Medium,90.0,90.67,0.677,10,6.01,2,0,1,7.02,0,0
STU-04081,22,Female,Medium,73.79,60.45,0.894,9,2.97,2,1,0,9.38,1,0
STU-04082,18,Female,Low,89.08,86.6,0.829,9,4.73,2,1,1,2.76,0,0
STU-04083,21,Female,Medium,75.25,80.06,0.611,7,4.23,2,0,0,7.51,2,0
STU-04084,21,Female,Medium,89.78,60.15,0.625,9,5.39,0,1,0,3.39,2,0
STU-04085,20,Female,Medium,64.97,61.02,0.514,6,3.83,1,1,0,14.49,3,0
STU-04086,21,Female,High,64.63,77.98,0.708,7,6.43,1,1,0,8.98,3,0
STU-04087,21,Female,Medium,80.76,90.14,0.683,9,5.89,2,1,0,16.23,1,0
STU-04088,22,Male,Medium,97.79,89.09,0.826,11,6.76,0,0,0,18.87,3,0
STU-04089,18,Male,Low,85.9,69.47,0.429,9,5.39,3,1,1,1.04,1,0
STU-04090,22,Female,Low,85.82,63.71,0.562,9,6.35,0,1,0,6.97,1,0
STU-04091,23,Male,Low,89.46,80.81,0.683,8,4.14,0,1,0,15.38,2,0
STU-04092,21,Male,Medium,77.63,68.0,0.611,9,2.04,2,0,1,13.06,2,0
STU-04093,22,Female,High,89.97,76.1,0.65,11,4.08,1,0,0,3.93,0,0
STU-04094,20,Female,Low,73.62,65.3,0.652,8,2.28,1,1,1,4.83,0,0
STU-04095,22,Female,Low,76.55,77.76,0.863,8,3.63,5,1,1,6.68,1,0
STU-04096,21,Male,Medium,79.91,91.42,0.918,9,5.47,0,0,0,16.66,1,0
STU-04097,18,Female,Medium,76.0,81.75,0.947,9,4.47,1,1,0,13.05,2,0
STU-04098,22,Female,Medium,81.27,74.11,0.665,11,5.49,0,0,0,17.99,2,0
STU-04099,17,Male,Medium,79.2,64.02,0.676,10,4.95,0,1,0,14.65,2,0
STU-04100,21,Non-binary,High,75.47,79.65,0.816,9,5.32,1,1,0,7.0,5,0
STU-04101,20,Female,Low,78.45,86.51,0.97,13,3.66,1,1,1,24.06,1,0
STU-04102,20,Male,Medium,83.71,85.22,0.733,9,3.68,4,1,0,2.29,3,0
STU-04103,21,Male,Medium,69.9,70.63,0.789,11,1.8,1,1,0,6.12,1,0
STU-04104,19,Male,Medium,86.59,71.67,0.6,11,5.41,2,0,0,6.39,1,0
STU-04105,22,Male,High,77.82,77.56,0.686,11,7.19,2,1,0,14.27,1,0
STU-04106,21,Male,Low,82.18,83.19,0.76,10,5.18,1,1,0,4.98,0,0
STU-04107,19,Female,Medium,74.68,73.17,0.771,9,5.0,1,0,0,21.12,1,0
STU-04108,23,Female,Medium,93.56,78.87,0.635,10,4.3,0,0,0,10.51,1,0
STU-04109,21,Male,High,93.77,74.89,0.617,11,4.69,2,1,1,5.52,0,0
STU-04110,22,Female,Medium,70.46,94.71,0.826,7,6.4,1,1,0,2.99,1,0
STU-04111,23,Non-binary,Medium,87.77,68.22,0.679,9,5.05,2,1,0,0.83,2,0
STU-04112,23,Female,High,99.16,74.51,0.616,13,6.13,1,1,0,0.96,4,0
STU-04113,22,Male,Medium,71.57,70.99,0.729,10,6.17,1,0,0,6.26,3,0
STU-04114,20,Female,Medium,72.44,67.75,0.626,10,5.6,1,0,0,29.56,1,0
STU-04115,17,Female,Medium,90.09,88.47,0.928,8,5.87,0,0,0,10.25,0,0
STU-04116,21,Male,Low,65.62,74.27,0.733,8,4.25,0,1,0,12.18,2,0
STU-04117,23,Female,Medium,73.45,58.11,0.796,10,4.11,1,1,0,3.79,2,0
STU-04118,21,Male,High,72.09,63.8,0.649,8,4.82,1,0,0,3.93,1,0
STU-04119,17,Male,Medium,90.22,69.55,0.539,7,4.0,0,0,0,1.23,2,0
STU-04120,22,Male,Medium,74.38,78.55,0.738,10,5.0,1,0,0,14.82,1,1
STU-04121,22,Male,High,80.12,79.49,0.774,11,6.34,1,0,0,0.77,3,0
STU-04122,20,Non-binary,Medium,73.77,66.69,0.551,8,1.52,2,0,0,7.92,1,0
STU-04123,23,Male,High,95.88,84.94,1.0,12,3.71,2,0,0,6.76,0,0
STU-04124,22,Female,Medium,72.55,58.56,0.552,12,3.77,0,0,0,7.11,0,0
STU-04125,19,Male,High,67.77,61.85,0.54,11,4.52,0,0,0,16.75,2,1
STU-04126,23,Male,Low,64.09,49.96,0.536,7,3.8,1,1,0,7.56,3,0
STU-04127,18,Female,Medium,89.63,79.48,0.662,7,3.26,0,1,0,3.63,1,0
STU-04128,20,Male,Medium,90.42,79.82,0.89,11,6.98,0,0,0,13.12,0,0
STU-04129,20,Female,Medium,95.73,71.11,0.79,14,8.31,0,0,0,14.41,0,0
STU-04130,19,Male,High,69.38,74.26,0.741,11,3.08,1,0,1,3.92,2,0
STU-04131,21,Female,Medium,79.46,83.71,0.879,10,4.17,0,0,0,3.32,1,0
STU-04132,23,Male,Medium,100.0,72.7,0.652,13,5.42,1,0,0,4.98,1,0
STU-04133,23,Female,Medium,78.67,69.5,0.504,10,3.78,2,0,1,4.55,0,0
STU-04134,22,Male,Medium,75.8,76.52,0.706,5,6.16,0,1,0,10.39,2,0
STU-04135,17,Female,Medium,81.77,74.19,0.665,11,5.0,2,1,0,5.28,2,0
STU-04136,18,Male,Low,85.83,59.68,0.355,9,3.39,0,1,0,8.1,0,0
STU-04137,21,Male,Medium,87.65,72.66,0.585,8,3.79,2,0,0,28.88,3,0
STU-04138,20,Male,High,76.49,68.73,0.53,9,1.8,1,0,0,6.27,1,0
STU-04139,19,Female,Medium,75.56,69.57,0.558,9,5.9,0,0,1,4.75,2,0
STU-04140,25,Female,Medium,78.74,71.52,0.862,8,5.98,0,0,0,17.46,1,0
STU-04141,21,Female,Medium,73.97,86.17,0.891,9,4.85,1,1,0,30.29,1,1
STU-04142,22,Male,Medium,68.42,65.76,0.768,8,4.49,4,0,0,18.48,0,0
STU-04143,23,Female,Low,99.89,62.97,0.689,12,5.35,3,1,1,6.63,1,0
STU-04144,21,Male,Medium,77.52,73.12,0.846,9,2.52,1,0,0,12.88,1,0
STU-04145,26,Female,Medium,78.15,89.99,0.866,6,3.1,2,0,1,20.12,0,0
STU-04146,19,Male,Low,76.49,67.24,0.847,8,4.67,2,1,0,4.64,0,0
STU-04147,19,Female,Low,79.11,65.79,0.504,7,3.66,3,1,0,8.33,2,0
STU-04148,19,Female,Medium,86.78,73.6,0.712,7,4.97,2,0,0,4.19,0,0
STU-04149,24,Female,Medium,76.88,77.75,0.633,11,6.66,1,0,0,2.64,0,0
STU-04150,22,Female,Medium,94.53,77.28,0.901,12,5.54,1,0,0,11.44,0,0
STU-04151,19,Female,Low,86.58,58.6,0.64,7,3.68,1,0,0,6.09,3,0
STU-04152,19,Female,Medium,79.9,66.63,0.802,7,5.04,1,0,0,3.19,4,0
STU-04153,23,Male,Medium,74.67,70.2,0.522,8,1.87,0,0,0,3.2,2,0
STU-04154,21,Non-binary,Medium,93.93,85.44,0.751,8,5.65,1,1,0,14.13,1,0
STU-04155,23,Female,Medium,80.22,67.68,0.454,8,2.85,0,1,0,11.47,2,0
STU-04156,20,Male,Low,66.33,61.08,0.654,8,4.19,1,1,0,11.96,1,1
STU-04157,22,Female,High,94.48,82.55,0.746,11,5.19,1,0,1,4.64,1,0
STU-04158,21,Female,Low,72.01,58.99,0.684,9,4.03,3,1,1,16.94,3,1
STU-04159,19,Female,Medium,91.55,78.03,0.762,8,6.24,0,0,0,15.01,2,0
STU-04160,20,Female,Low,52.34,62.0,0.363,7,3.35,1,0,1,17.66,2,0
STU-04161,18,Female,Medium,77.94,60.55,0.407,10,6.46,3,0,0,2.62,1,0
STU-04162,22,Male,Low,92.76,79.79,0.784,6,6.45,4,1,1,9.94,1,0
STU-04163,22,Male,High,83.31,65.83,0.708,10,4.47,1,0,0,9.91,0,0
STU-04164,23,Male,Medium,88.58,66.82,0.395,6,3.16,1,0,0,4.19,1,0
STU-04165,22,Male,Medium,72.08,62.97,0.618,11,4.51,1,0,0,6.68,2,0
STU-04166,20,Female,Low,83.82,86.09,0.707,11,6.88,0,1,0,9.0,0,0
STU-04167,24,Male,Low,80.04,53.47,0.412,10,4.92,3,1,1,17.2,2,0
STU-04168,22,Female,Medium,84.68,71.01,0.619,8,3.59,1,1,0,8.09,1,0
STU-04169,23,Female,Medium,100.0,82.74,0.814,11,6.54,0,1,0,10.87,1,0
STU-04170,24,Female,Medium,96.35,92.92,0.803,11,6.02,2,1,0,1.9,0,0
STU-04171,20,Female,High,91.96,100.0,0.711,5,6.68,0,1,0,5.44,0,0
STU-04172,21,Male,Medium,90.85,74.39,0.741,10,5.68,3,1,0,5.92,2,0
STU-04173,22,Female,High,73.25,77.3,0.71,10,4.74,2,1,0,15.69,1,0
STU-04174,18,Female,Low,74.82,67.17,0.551,6,2.28,3,1,1,15.94,5,1
STU-04175,18,Male,Medium,65.14,65.26,0.611,9,4.79,1,0,0,2.57,4,0
STU-04176,18,Non-binary,Medium,68.03,70.39,0.65,8,2.0,3,0,1,4.37,1,0
STU-04177,20,Male,Medium,72.25,53.82,0.553,11,3.95,0,0,1,9.54,2,0
STU-04178,20,Male,High,82.93,76.08,0.712,8,4.04,0,1,0,6.42,1,0
STU-04179,17,Male,Medium,68.52,72.4,0.729,9,3.36,3,0,0,5.63,1,1
STU-04180,21,Female,High,82.82,67.91,0.665,10,5.47,0,1,1,5.17,0,0
STU-04181,20,Female,Medium,80.31,78.12,0.858,4,5.15,2,1,0,8.96,1,0
STU-04182,23,Female,Low,67.52,47.33,0.682,8,0.67,2,1,1,8.99,2,1
STU-04183,25,Female,Medium,98.78,83.35,0.803,11,5.54,0,0,0,4.73,1,0
STU-04184,21,Non-binary,Medium,67.43,80.79,0.708,4,3.56,0,0,1,5.24,1,1
STU-04185,19,Male,High,95.54,80.42,0.607,11,6.8,2,0,1,6.68,2,0
STU-04186,22,Non-binary,High,58.45,55.03,0.636,8,1.73,1,0,0,7.73,1,1
STU-04187,21,Male,Low,78.44,55.6,0.455,8,6.47,2,1,0,0.68,3,0
STU-04188,20,Male,Low,66.83,68.18,0.955,10,6.06,0,1,1,4.01,0,0
STU-04189,19,Male,Low,72.8,76.42,1.0,9,4.89,1,1,1,4.52,2,0
STU-04190,20,Male,Medium,100.0,82.44,0.771,10,5.18,1,0,0,6.45,0,0
STU-04191,20,Female,Low,76.18,64.13,0.438,10,2.74,0,1,0,8.86,0,0
STU-04192,22,Female,Medium,69.85,49.22,0.586,8,4.27,1,0,0,4.24,1,0
STU-04193,22,Male,Medium,87.36,78.18,1.0,7,4.83,1,1,0,6.13,0,0
STU-04194,24,Female,High,79.34,67.94,0.513,9,3.85,3,0,0,1.24,3,1
STU-04195,22,Male,Low,81.66,65.08,0.874,10,3.75,0,0,1,17.74,0,0
STU-04196,21,Female,Medium,71.94,85.7,0.603,10,4.97,2,0,1,2.3,0,0
STU-04197,20,Male,Low,70.48,48.02,0.323,7,3.24,2,1,1,22.99,0,0
STU-04198,18,Female,High,74.59,55.87,0.603,7,3.43,3,1,0,8.41,2,0
STU-04199,19,Female,Low,88.78,77.13,0.873,8,5.25,1,0,1,12.92,2,0
STU-04200,19,Male,Low,77.5,65.55,0.642,11,3.37,1,1,0,6.91,3,0
STU-04201,17,Female,Low,68.47,59.88,0.655,9,4.41,0,0,0,9.07,3,0
STU-04202,18,Non-binary,High,85.03,80.29,0.911,12,3.78,5,0,0,8.99,0,0
STU-04203,24,Female,Low,80.87,73.58,0.866,12,6.47,1,0,0,13.79,1,0
STU-04204,21,Female,Medium,88.31,67.65,0.594,8,4.92,0,0,1,9.89,2,1
STU-04205,20,Female,Medium,76.7,65.9,0.549,7,3.38,2,1,0,2.1,1,0
STU-04206,21,Male,Medium,81.15,74.45,0.854,9,6.01,2,1,0,1.57,3,0
STU-04207,17,Male,Low,84.64,74.5,0.782,11,5.66,2,0,0,3.09,1,0
STU-04208,21,Female,Low,68.9,70.1,0.76,6,2.87,0,0,1,6.99,4,0
STU-04209,23,Female,Medium,91.75,73.21,0.637,10,6.8,2,0,1,14.2,0,1
STU-04210,20,Male,Low,80.18,74.16,0.801,10,1.48,0,1,1,4.2,3,0
STU-04211,17,Male,Medium,69.89,78.05,0.627,6,5.48,1,0,1,2.09,1,0
STU-04212,20,Female,Medium,69.81,68.98,0.709,7,3.98,3,1,1,2.93,3,0
STU-04213,23,Female,Medium,80.91,72.81,0.727,10,6.15,2,0,0,23.96,2,0
STU-04214,21,Female,Low,73.95,65.34,0.662,12,6.26,2,1,1,13.4,1,0
STU-04215,18,Female,Medium,90.3,72.17,0.801,9,4.83,1,1,0,2.89,1,0
STU-04216,25,Male,Low,76.85,59.71,0.477,9,3.25,1,1,0,5.51,2,0
STU-04217,18,Non-binary,Medium,85.33,72.98,0.796,9,5.63,1,1,0,7.58,1,0
STU-04218,20,Non-binary,Low,70.67,70.63,0.697,9,2.62,3,0,1,9.86,2,0
STU-04219,18,Male,High,83.0,67.7,0.574,8,3.91,0,0,1,35.0,1,0
STU-04220,18,Female,Medium,96.47,80.55,0.622,9,4.55,1,0,0,7.01,1,0
STU-04221,20,Non-binary,Low,78.37,67.9,0.897,14,3.54,4,1,0,3.67,2,0
STU-04222,22,Female,Low,73.92,85.46,0.815,9,4.08,1,1,1,18.24,2,0
STU-04223,23,Female,Medium,72.5,77.03,0.707,6,5.38,3,1,1,25.9,1,0
STU-04224,20,Male,Low,79.79,77.57,0.617,10,5.32,2,1,1,6.34,3,0
STU-04225,18,Female,Low,95.5,87.24,0.969,13,5.95,1,1,0,10.29,3,0
STU-04226,22,Male,High,68.25,64.05,0.758,10,4.39,2,0,0,6.89,2,0
STU-04227,22,Non-binary,Medium,81.45,87.86,0.942,10,5.05,2,1,1,10.46,2,0
STU-04228,21,Male,Low,61.15,63.14,0.622,6,1.08,0,1,1,12.47,4,0
STU-04229,21,Male,Medium,77.49,71.75,0.794,8,3.4,2,1,0,8.91,3,0
STU-04230,20,Female,Low,82.89,59.84,0.501,8,5.48,1,0,0,16.75,4,1
STU-04231,21,Female,High,65.87,64.35,0.666,7,5.57,2,0,1,8.79,3,0
STU-04232,20,Male,Low,75.11,50.59,0.513,7,2.62,2,1,1,3.56,6,1
STU-04233,23,Male,Medium,85.2,73.41,0.75,12,6.6,0,0,0,15.78,2,0
STU-04234,25,Male,Medium,83.44,69.29,0.465,10,2.36,3,1,0,16.66,1,0
STU-04235,21,Female,Low,83.73,68.41,0.899,12,4.72,1,1,1,0.84,1,0
STU-04236,20,Female,Low,69.28,51.59,0.723,7,4.06,4,0,0,27.55,2,1
STU-04237,21,Female,Medium,85.19,82.93,0.663,8,4.37,1,1,1,3.27,2,0
STU-04238,19,Male,High,76.65,79.47,0.84,9,3.97,3,0,0,6.37,3,0
STU-04239,22,Male,Medium,89.85,95.03,0.728,10,5.35,2,0,0,5.42,0,0
STU-04240,21,Non-binary,Medium,56.58,78.77,0.775,8,4.91,1,1,0,3.97,1,0
STU-04241,20,Female,Medium,78.81,74.39,0.463,9,1.79,2,1,0,9.45,5,0
STU-04242,22,Male,High,84.34,87.47,0.806,12,5.35,2,1,0,2.44,0,0
STU-04243,21,Female,Medium,96.84,84.1,0.753,10,6.92,0,0,1,7.96,1,0
STU-04244,18,Female,Medium,82.95,70.54,0.832,11,4.62,1,0,0,13.12,0,0
STU-04245,21,Female,Medium,84.07,72.57,0.911,11,4.73,2,0,0,7.19,1,0
STU-04246,21,Male,Low,84.13,78.97,0.97,10,4.5,1,0,0,18.36,1,0
STU-04247,23,Female,High,97.03,100.0,1.0,12,9.17,0,0,0,2.38,0,0
STU-04248,22,Female,Low,75.8,80.25,0.788,8,6.82,1,0,1,5.31,2,0
STU-04249,20,Male,Low,64.57,65.66,0.698,6,3.52,3,1,1,3.61,1,0
STU-04250,20,Male,High,65.71,73.13,0.762,9,5.85,1,1,0,12.31,3,0
STU-04251,21,Female,Medium,89.31,82.62,0.657,6,4.18,1,0,0,7.53,0,0
STU-04252,21,Female,Low,82.46,70.88,0.834,11,4.96,2,0,1,5.59,0,0
STU-04253,22,Male,Low,77.18,76.81,0.831,7,3.45,3,1,0,13.37,2,0
STU-04254,21,Male,Medium,75.55,69.71,0.775,12,2.1,1,1,0,21.4,2,0
STU-04255,20,Male,High,85.24,67.55,0.394,8,3.08,1,0,0,10.27,2,0
STU-04256,23,Female,Low,82.31,76.52,0.8,12,4.47,0,1,0,14.87,1,0
STU-04257,19,Male,Low,85.28,79.29,0.89,10,6.08,0,1,1,0.67,3,0
STU-04258,26,Male,Medium,69.8,67.05,0.661,8,4.97,2,0,0,10.56,1,0
STU-04259,22,Female,High,63.84,70.49,0.633,10,3.53,3,0,0,31.75,3,0
STU-04260,18,Female,Low,69.95,75.39,0.572,9,2.39,1,1,1,10.49,0,0
STU-04261,21,Non-binary,High,68.39,69.06,0.508,8,2.58,3,0,0,10.79,1,0
STU-04262,22,Female,High,67.82,64.83,0.662,8,6.2,1,0,1,9.42,3,1
STU-04263,20,Male,Low,97.27,71.8,0.676,9,6.22,0,1,1,6.58,2,0
STU-04264,17,Male,High,58.31,62.2,0.591,12,5.31,1,1,0,5.77,2,0
STU-04265,18,Female,Medium,87.17,92.19,1.0,7,8.41,0,0,0,7.04,0,0
STU-04266,22,Male,Medium,91.98,77.17,0.6,7,3.94,1,0,0,10.08,2,0
STU-04267,17,Female,Medium,92.86,83.17,0.762,12,6.56,1,1,0,3.19,1,0
STU-04268,17,Male,High,86.3,74.93,0.935,12,4.41,3,0,0,6.99,2,0
STU-04269,22,Male,Medium,96.52,77.23,0.714,8,6.88,2,0,1,14.65,1,0
STU-04270,20,Male,Medium,100.0,74.21,0.733,7,6.81,1,1,0,7.07,2,0
STU-04271,19,Female,High,79.93,76.12,0.721,11,1.74,0,1,0,5.64,2,0
STU-04272,19,Male,Medium,86.92,71.55,0.787,8,5.79,1,0,0,10.03,2,0
STU-04273,17,Male,High,97.28,96.18,0.67,9,4.12,1,0,0,1.7,1,0
STU-04274,22,Male,High,73.77,71.08,0.674,9,3.8,0,1,0,6.53,2,0
STU-04275,19,Male,Low,77.31,68.86,0.685,7,3.55,0,0,1,2.97,2,0
STU-04276,19,Female,Low,73.12,65.49,0.53,10,5.06,1,1,1,8.57,2,0
STU-04277,21,Male,Medium,87.07,80.5,0.821,10,4.39,0,0,1,5.0,1,0
STU-04278,20,Female,High,62.37,81.6,0.884,7,2.64,4,1,1,10.23,0,0
STU-04279,19,Female,Low,95.8,67.79,0.724,9,4.3,3,0,0,6.64,0,0
STU-04280,17,Male,Medium,87.87,79.96,0.989,13,5.62,0,0,0,11.22,1,0
STU-04281,21,Male,Low,86.49,58.03,0.533,8,4.97,2,1,0,7.95,1,0
STU-04282,21,Non-binary,Medium,56.0,74.11,0.784,9,5.5,3,0,0,2.78,0,0
STU-04283,19,Female,Medium,70.56,67.79,0.727,9,5.02,0,0,1,3.03,2,0
STU-04284,18,Female,Low,96.4,63.52,0.604,7,5.89,3,1,1,2.22,3,0
STU-04285,21,Male,High,81.3,63.02,0.764,11,5.94,0,0,1,9.22,4,0
STU-04286,22,Female,Low,61.04,69.64,0.72,10,5.0,1,1,1,5.47,0,0
STU-04287,21,Male,High,85.69,61.23,0.468,12,5.6,2,0,0,5.7,4,0
STU-04288,24,Male,Low,87.47,76.97,0.839,6,8.93,0,0,0,13.46,1,0
STU-04289,22,Female,High,89.1,75.23,0.674,4,6.09,4,1,1,15.06,1,0
STU-04290,20,Female,Medium,80.35,71.62,0.664,10,4.94,1,1,1,8.02,1,0
STU-04291,22,Female,Low,92.49,69.86,0.658,9,4.42,0,0,1,2.76,2,0
STU-04292,21,Male,Low,72.28,57.36,0.667,6,4.62,1,0,0,8.19,5,0
STU-04293,21,Male,Low,85.94,68.58,0.806,10,6.86,1,1,1,16.35,0,0
STU-04294,23,Female,Medium,83.49,80.79,0.763,9,3.29,3,0,0,4.02,2,0
STU-04295,19,Female,High,81.79,73.08,0.689,7,6.45,0,1,0,13.59,1,0
STU-04296,21,Female,Medium,77.83,76.57,0.5,8,3.31,0,0,0,15.35,1,0
STU-04297,23,Female,Medium,78.22,70.12,0.605,10,3.93,1,0,1,17.06,1,0
STU-04298,21,Male,Medium,82.35,80.64,0.668,9,5.37,2,1,1,8.67,2,0
STU-04299,20,Male,Medium,78.78,76.96,0.787,10,4.12,1,0,0,10.17,0,0
STU-04300,17,Female,Medium,90.06,72.82,0.7,10,5.74,2,1,0,4.3,0,0
STU-04301,17,Male,Medium,76.1,61.99,0.51,5,2.24,1,0,0,4.73,0,0
STU-04302,25,Female,Medium,99.25,92.2,0.9,11,7.37,3,0,0,6.6,3,0
STU-04303,21,Female,High,76.86,65.51,0.642,9,4.59,0,1,0,0.88,2,0
STU-04304,19,Male,Medium,92.12,84.23,0.508,8,4.56,2,1,1,2.29,1,0
STU-04305,21,Female,Low,90.6,76.0,0.874,9,6.06,2,1,1,10.13,0,0
STU-04306,19,Female,Low,81.82,66.85,0.783,8,4.96,1,1,1,15.83,2,0
STU-04307,20,Male,Medium,82.84,79.06,0.739,9,5.51,1,0,0,4.8,2,0
STU-04308,19,Male,Medium,73.98,84.19,0.854,11,4.57,2,0,0,1.94,1,0
STU-04309,18,Female,High,77.56,80.23,0.739,12,4.25,2,0,0,9.13,1,0
STU-04310,17,Male,Medium,84.42,76.81,0.555,11,1.9,1,0,0,5.27,2,0
STU-04311,17,Female,Medium,81.5,90.34,1.0,7,7.58,0,0,0,6.13,3,0
STU-04312,23,Male,Medium,95.01,63.86,0.725,8,3.77,1,0,0,6.36,2,0
STU-04313,18,Female,Low,75.0,57.08,0.689,10,6.64,1,1,0,4.21,3,0
STU-04314,22,Male,High,78.92,69.98,0.654,11,4.11,2,0,0,3.29,1,0
STU-04315,23,Female,Low,61.69,76.0,0.876,7,6.08,1,1,0,23.0,2,0
STU-04316,21,Male,Medium,89.08,87.19,0.674,10,6.42,0,0,1,12.91,1,0
STU-04317,20,Male,High,89.34,62.47,0.594,7,6.07,2,1,1,11.99,2,0
STU-04318,21,Female,Medium,92.75,75.16,0.822,11,5.67,1,1,1,0.31,2,0
STU-04319,20,Male,High,94.62,68.93,0.604,8,3.32,1,1,1,2.97,0,0
STU-04320,23,Female,Medium,90.68,78.12,0.869,10,5.41,2,0,1,11.39,1,0
STU-04321,24,Male,High,92.39,90.12,0.9,8,5.4,2,1,0,1.91,1,0
STU-04322,24,Female,Medium,88.71,87.34,0.865,7,5.42,2,0,0,7.16,2,0
STU-04323,17,Female,Medium,90.41,81.07,0.699,15,3.38,1,0,0,7.37,2,0
STU-04324,20,Male,Low,59.74,56.62,0.621,8,3.07,2,0,0,4.99,1,0
STU-04325,21,Female,Low,67.9,63.84,0.867,13,0.54,2,1,0,9.38,2,0
STU-04326,21,Male,Medium,68.1,74.52,0.749,11,3.84,0,1,0,4.37,1,0
STU-04327,17,Male,Low,93.97,100.0,1.0,8,6.4,0,1,0,4.37,1,0
STU-04328,17,Female,Medium,73.39,58.37,0.672,9,3.16,2,0,0,2.7,4,0
STU-04329,23,Female,High,76.4,89.31,0.719,7,4.16,2,0,0,17.14,0,0
STU-04330,19,Male,High,83.32,79.19,0.753,9,5.19,1,1,0,3.12,0,0
STU-04331,17,Male,Low,66.32,72.24,0.689,5,5.41,0,1,1,4.72,5,0
STU-04332,18,Female,High,87.44,80.57,0.526,6,5.89,1,0,0,6.68,1,0
STU-04333,21,Female,Low,56.57,73.39,0.813,7,4.37,3,1,1,5.3,1,0
STU-04334,19,Male,Medium,69.05,71.44,0.589,7,3.75,0,1,0,17.26,4,0
STU-04335,21,Male,High,85.44,71.27,0.781,10,5.64,0,0,0,13.36,2,0
STU-04336,18,Male,Low,66.34,68.55,0.585,6,6.18,2,0,0,6.47,1,0
STU-04337,17,Female,Low,94.29,88.73,1.0,11,6.95,0,1,1,6.46,2,0
STU-04338,23,Male,Low,80.51,70.85,0.663,11,4.91,0,1,0,3.75,1,0
STU-04339,21,Male,Medium,94.45,59.6,0.829,11,7.2,1,0,0,0.63,0,0
STU-04340,20,Female,High,87.19,77.45,0.733,9,5.14,1,1,1,1.85,3,0
STU-04341,19,Female,Low,79.87,71.52,0.695,10,3.42,2,1,1,16.84,1,0
STU-04342,24,Female,Low,69.04,64.89,0.832,6,5.21,2,1,1,10.23,3,0
STU-04343,22,Male,Medium,92.22,74.31,0.616,11,5.16,0,0,0,4.43,0,0
STU-04344,23,Female,Low,84.85,86.16,0.835,8,4.99,3,0,1,9.25,2,0
STU-04345,19,Male,Medium,100.0,59.27,0.66,13,6.17,2,1,0,27.47,3,0
STU-04346,21,Male,High,92.36,82.02,0.842,12,3.11,0,0,0,11.1,0,0
STU-04347,21,Female,Medium,77.63,73.34,0.723,10,3.85,1,0,1,2.6,2,0
STU-04348,19,Male,High,86.43,99.19,0.931,11,4.44,0,0,0,5.91,1,0
STU-04349,20,Male,Medium,86.64,76.44,0.846,10,4.32,0,1,1,9.53,2,0
STU-04350,19,Female,High,96.04,87.31,0.86,9,5.66,1,0,0,15.7,2,0
STU-04351,21,Male,Low,94.54,78.83,0.881,9,4.6,1,0,1,7.15,3,0
STU-04352,18,Male,Low,78.22,70.69,0.742,12,7.04,2,0,1,6.06,1,0
STU-04353,22,Female,Medium,68.63,85.57,0.902,9,5.41,1,0,0,4.37,0,0
STU-04354,21,Male,Low,59.61,49.7,0.648,6,2.44,1,0,1,2.05,1,0
STU-04355,20,Male,High,70.71,64.02,0.599,9,1.46,2,1,1,11.85,1,0
STU-04356,21,Female,Medium,75.49,78.78,0.898,10,4.25,1,1,0,5.86,1,0
STU-04357,20,Non-binary,High,99.8,87.22,0.82,10,5.45,2,0,1,1.99,0,0
STU-04358,19,Male,Medium,98.71,79.55,0.604,8,4.28,1,1,0,3.85,2,0
STU-04359,22,Male,Medium,92.56,78.72,0.725,11,8.84,2,0,0,8.29,3,0
STU-04360,22,Female,Medium,95.53,90.0,0.776,12,3.27,1,1,0,7.28,2,0
STU-04361,19,Female,Low,72.22,71.72,0.749,9,4.52,4,1,1,10.67,5,0
STU-04362,19,Female,Medium,65.33,59.23,0.561,8,3.35,3,0,0,4.67,3,0
STU-04363,20,Male,Medium,70.93,71.42,0.716,7,3.94,1,1,0,6.65,3,0
STU-04364,19,Male,High,60.87,65.47,0.771,9,1.29,2,0,0,1.59,0,0
STU-04365,24,Male,Medium,69.75,73.18,0.895,8,4.74,1,0,0,4.14,1,0
STU-04366,21,Female,Low,74.43,64.72,0.678,6,4.57,1,0,1,13.53,5,0
STU-04367,21,Male,Medium,83.83,63.16,0.759,11,6.0,1,0,0,8.01,4,0
STU-04368,19,Male,Medium,83.49,81.8,0.77,8,5.7,1,1,0,5.41,1,0
STU-04369,22,Male,Low,72.41,72.44,0.522,5,5.44,0,0,0,11.56,1,0
STU-04370,19,Male,Medium,88.26,91.52,0.734,12,2.26,0,0,0,8.73,1,0
STU-04371,19,Male,Low,72.63,53.9,0.525,5,3.42,2,1,0,14.18,3,0
STU-04372,22,Female,Low,80.11,69.95,0.784,9,8.42,3,0,0,2.49,0,0
STU-04373,21,Male,Medium,69.79,66.2,0.632,6,5.45,2,1,0,9.1,0,0
STU-04374,17,Non-binary,Low,91.98,72.39,0.852,9,3.63,2,1,0,7.84,1,0
STU-04375,20,Male,Medium,82.23,59.06,0.813,14,5.23,1,1,1,13.15,2,0
STU-04376,21,Female,Low,87.47,63.52,0.526,9,2.95,4,1,1,3.83,1,0
STU-04377,20,Non-binary,Medium,68.62,70.64,0.949,10,4.32,1,0,1,9.82,0,0
STU-04378,21,Female,Low,81.92,66.52,0.462,10,6.77,0,1,1,0.22,3,1
STU-04379,17,Female,High,89.55,71.47,0.923,9,7.13,2,0,0,12.6,0,0
STU-04380,17,Female,Low,57.52,74.11,0.72,10,1.57,1,1,0,10.61,2,0
STU-04381,18,Female,Medium,94.85,100.0,0.922,11,4.95,1,0,1,3.0,2,0
STU-04382,21,Female,Medium,68.26,67.2,0.663,10,4.0,3,1,1,6.65,1,0
STU-04383,17,Male,Low,82.32,56.69,0.477,7,3.66,0,1,0,2.55,1,0
STU-04384,19,Male,Medium,100.0,86.96,1.0,12,6.94,0,0,0,7.85,1,0
STU-04385,17,Female,High,93.75,60.9,0.527,9,3.62,4,0,1,12.18,4,0
STU-04386,20,Male,High,66.86,55.34,0.493,10,2.88,1,0,0,11.6,1,0
STU-04387,25,Male,Medium,80.04,77.56,0.589,8,3.19,3,1,1,9.05,2,0
STU-04388,20,Male,Low,93.57,63.28,0.543,13,4.23,3,1,0,1.72,1,0
STU-04389,20,Female,Medium,73.02,67.09,0.579,9,4.93,2,0,0,10.01,0,0
STU-04390,22,Female,Medium,78.04,57.62,0.489,8,4.29,0,1,0,9.6,1,0
STU-04391,21,Male,Low,75.73,69.11,0.66,8,3.34,1,1,0,11.36,2,0
STU-04392,20,Male,Medium,88.27,88.6,0.717,10,6.65,2,0,1,3.56,0,0
STU-04393,22,Male,Medium,65.09,60.12,0.794,7,5.76,0,1,0,4.63,1,0
STU-04394,21,Female,Medium,88.89,77.47,0.735,11,5.15,0,1,0,24.38,1,0
STU-04395,21,Male,Medium,75.15,62.91,0.672,9,3.97,3,0,0,2.44,0,0
STU-04396,20,Male,Medium,81.88,66.84,0.765,13,7.4,3,1,0,8.32,1,0
STU-04397,20,Male,Low,77.53,61.1,0.854,9,7.27,4,1,1,3.41,3,0
STU-04398,22,Male,Medium,88.6,85.39,0.932,10,3.65,1,1,1,5.97,1,0
STU-04399,20,Male,Low,79.77,56.35,0.54,8,5.79,0,1,1,6.59,0,0
STU-04400,23,Male,Medium,97.84,78.65,0.635,13,7.65,1,1,0,9.85,1,0
STU-04401,18,Male,Medium,92.88,83.68,0.848,8,6.61,3,0,0,7.36,1,0
STU-04402,24,Male,Medium,73.25,79.26,0.897,9,4.31,2,1,1,0.94,1,0
STU-04403,21,Male,Low,95.02,82.21,0.812,11,5.19,2,0,0,3.74,2,0
STU-04404,18,Female,Low,83.51,71.56,0.71,7,7.23,3,0,1,5.56,0,0
STU-04405,22,Male,Medium,83.87,69.57,0.711,14,6.02,2,1,0,12.47,0,0
STU-04406,19,Male,Medium,91.33,88.09,0.622,8,5.67,1,0,0,4.67,2,0
STU-04407,21,Male,High,71.8,62.54,0.641,8,7.35,1,0,0,6.97,2,0
STU-04408,19,Female,Medium,66.83,58.55,0.677,11,2.56,2,0,0,8.14,1,0
STU-04409,20,Male,High,83.52,90.37,0.86,9,5.18,0,0,0,7.89,3,0
STU-04410,22,Male,Low,73.33,71.0,0.832,9,5.03,2,1,1,7.08,1,0
STU-04411,22,Female,Medium,100.0,86.96,0.975,10,6.12,2,1,0,3.03,0,0
STU-04412,18,Female,Low,71.59,72.55,0.65,8,1.53,1,1,1,4.67,0,0
STU-04413,18,Female,Medium,82.44,73.62,0.773,11,6.39,1,0,0,11.91,6,1
STU-04414,21,Non-binary,Low,82.11,57.24,0.583,8,3.31,0,0,0,13.51,2,0
STU-04415,21,Male,Low,93.54,79.61,0.529,5,3.63,2,1,1,14.65,2,0
STU-04416,19,Male,Medium,71.06,68.93,0.657,8,3.6,0,0,0,4.12,0,0
STU-04417,24,Female,Medium,64.27,57.26,0.454,8,2.82,0,0,1,5.17,3,0
STU-04418,22,Male,Low,95.34,67.07,0.679,10,5.09,1,1,0,9.0,2,0
STU-04419,19,Male,Low,80.89,70.56,0.775,9,6.27,4,0,1,20.61,1,0
STU-04420,19,Non-binary,Medium,90.91,65.06,0.62,8,6.51,0,0,0,29.21,0,0
STU-04421,20,Female,Medium,91.42,77.45,0.645,9,4.62,1,0,1,4.12,1,0
STU-04422,20,Female,Low,91.33,73.4,0.746,13,4.46,3,1,1,3.65,3,0
STU-04423,23,Male,Medium,77.84,71.17,0.992,10,5.3,0,0,1,2.06,2,0
STU-04424,23,Female,Low,72.86,71.2,0.438,9,2.23,1,1,0,10.2,5,0
STU-04425,21,Male,Medium,60.04,70.04,0.717,6,3.76,3,0,0,1.77,0,0
STU-04426,22,Male,Medium,71.06,61.99,0.554,8,2.45,1,1,0,9.47,2,0
STU-04427,22,Female,Low,80.68,79.63,0.721,7,7.72,0,0,0,9.64,1,0
STU-04428,21,Female,Low,72.28,64.7,0.63,11,4.25,0,1,1,18.56,1,1
STU-04429,21,Male,Low,67.45,82.11,0.753,6,3.49,5,1,1,3.56,2,0
STU-04430,22,Male,Low,80.55,65.01,0.718,10,5.71,0,0,1,0.92,1,0
STU-04431,22,Male,Medium,96.77,65.34,0.619,10,3.41,0,0,0,2.21,2,0
STU-04432,19,Female,High,82.63,84.75,0.558,9,3.31,5,0,1,5.62,1,0
STU-04433,19,Male,High,70.79,74.98,0.886,5,5.41,1,0,0,3.5,2,0
STU-04434,20,Female,Medium,96.0,93.1,1.0,7,6.51,0,0,0,4.74,2,0
STU-04435,19,Male,Medium,73.48,73.37,0.645,9,5.64,1,1,0,11.79,1,0
STU-04436,17,Male,Medium,98.27,100.0,0.956,9,2.46,4,0,0,4.92,0,0
STU-04437,22,Female,High,80.36,73.43,0.865,8,6.33,2,1,0,5.13,0,0
STU-04438,21,Male,Low,81.13,81.61,0.914,9,4.61,3,0,0,8.14,1,0
STU-04439,18,Male,Low,97.17,73.59,0.883,9,4.36,1,0,0,4.13,5,0
STU-04440,20,Female,Medium,67.13,72.14,0.752,6,1.82,2,1,0,9.57,3,0
STU-04441,20,Male,Low,68.45,71.84,0.797,9,3.65,3,0,0,12.13,0,0
STU-04442,21,Male,Medium,78.41,80.96,0.953,6,7.6,1,0,0,3.65,4,0
STU-04443,18,Male,High,81.71,83.73,0.767,8,6.29,1,1,0,17.63,0,0
STU-04444,18,Female,High,100.0,52.38,0.588,9,7.47,0,0,0,1.89,2,0
STU-04445,22,Male,Low,70.23,65.22,0.39,8,3.05,0,0,1,2.32,4,0
STU-04446,17,Female,Medium,67.65,61.72,0.427,12,3.36,1,0,0,5.17,0,0
STU-04447,20,Male,Medium,71.71,65.64,0.711,7,2.09,3,0,0,2.47,0,1
STU-04448,20,Male,Medium,84.55,72.75,0.791,10,2.92,1,0,1,8.13,1,0
STU-04449,20,Female,Medium,87.41,86.73,0.788,10,5.05,0,0,0,27.65,3,0
STU-04450,21,Female,Low,72.22,68.89,0.606,9,2.06,2,1,1,5.22,2,0
STU-04451,24,Male,High,83.48,71.75,0.661,9,3.47,0,0,0,4.96,0,0
STU-04452,17,Female,High,100.0,70.07,0.712,13,5.64,2,0,0,2.32,1,0
STU-04453,22,Male,Medium,82.39,89.88,0.584,10,6.16,0,0,0,31.64,2,0
STU-04454,17,Male,Medium,85.53,69.58,0.741,11,5.03,1,0,1,17.44,1,0
STU-04455,23,Male,Medium,100.0,81.69,0.794,8,3.94,1,0,0,13.34,0,0
STU-04456,17,Female,Medium,74.32,92.06,0.91,10,2.51,1,0,0,6.06,2,0
STU-04457,26,Female,Low,71.6,60.37,0.59,7,4.08,0,1,1,14.57,2,0
STU-04458,20,Female,Medium,76.83,69.12,0.515,7,3.03,5,0,0,10.31,1,0
STU-04459,23,Male,Low,74.19,70.13,0.558,7,4.09,3,1,1,4.15,2,0
STU-04460,23,Non-binary,High,63.22,51.04,0.707,8,3.62,2,1,0,31.09,2,0
STU-04461,20,Male,Medium,83.52,57.87,0.506,9,4.08,1,0,0,1.12,1,0
STU-04462,20,Female,Medium,84.39,70.69,0.792,11,6.81,0,0,1,5.57,0,0
STU-04463,19,Female,Medium,79.96,68.91,0.549,10,5.63,1,0,1,3.79,2,0
STU-04464,22,Female,High,85.97,79.36,0.768,10,5.64,2,1,0,0.48,2,0
STU-04465,20,Non-binary,Low,82.84,62.18,0.568,9,3.09,1,1,0,1.11,2,0
STU-04466,19,Female,Low,65.52,67.99,0.637,7,3.01,1,1,0,20.68,0,0
STU-04467,22,Female,Low,83.18,50.56,0.479,8,5.14,0,1,1,4.71,4,0
STU-04468,19,Male,Medium,88.14,76.61,0.919,9,7.53,0,0,0,5.78,1,0
STU-04469,20,Male,High,65.68,71.88,0.936,8,2.97,0,0,0,4.83,3,0
STU-04470,21,Female,Low,96.09,81.61,0.818,11,7.88,1,0,1,5.01,1,0
STU-04471,19,Male,High,69.66,68.56,0.627,11,2.85,3,1,0,1.03,3,1
STU-04472,19,Female,Low,67.48,57.99,0.425,7,4.13,2,1,1,8.98,2,0
STU-04473,24,Female,Medium,84.22,73.51,0.551,7,8.28,1,0,0,9.85,3,0
STU-04474,20,Female,Low,85.88,85.76,1.0,12,3.64,2,1,1,4.32,0,0
STU-04475,20,Female,Medium,90.55,72.47,0.534,6,5.29,1,1,1,12.17,1,0
STU-04476,20,Non-binary,Medium,88.17,87.1,0.785,12,4.84,2,1,0,20.94,3,0
STU-04477,21,Male,Medium,76.28,82.99,0.82,7,5.48,2,0,0,1.21,1,0
STU-04478,18,Male,Low,81.19,53.81,0.236,9,2.34,1,1,1,5.97,1,0
STU-04479,21,Female,High,79.77,73.76,0.571,8,0.75,0,0,0,8.91,3,0
STU-04480,21,Male,High,85.17,67.85,0.509,9,3.21,0,1,0,1.36,1,0
STU-04481,17,Non-binary,Medium,82.75,59.7,0.519,12,4.67,1,0,0,17.63,2,1
STU-04482,24,Female,Medium,76.45,79.61,0.803,8,6.7,3,0,0,11.22,0,0
STU-04483,24,Non-binary,Medium,78.18,77.26,0.875,8,5.69,1,0,1,11.36,1,0
STU-04484,19,Male,Low,59.63,63.45,0.552,8,5.31,2,1,1,17.68,3,0
STU-04485,18,Male,High,92.38,70.24,0.635,12,4.3,0,1,0,5.85,2,0
STU-04486,21,Female,Low,83.27,74.28,0.712,10,4.02,0,1,0,5.97,0,0
STU-04487,18,Male,Medium,56.63,49.08,0.41,7,3.14,0,0,0,7.31,3,0
STU-04488,23,Male,Low,88.72,75.56,0.787,10,4.79,3,1,1,9.52,2,0
STU-04489,20,Male,Low,79.42,63.7,0.688,7,6.15,1,1,1,9.92,2,0
STU-04490,24,Male,Medium,71.69,79.92,0.448,8,1.49,1,1,0,3.13,1,0
STU-04491,19,Female,Medium,70.72,65.31,0.725,8,5.51,1,1,0,2.25,2,0
STU-04492,20,Male,High,75.68,75.39,0.751,11,6.3,1,0,0,10.55,1,0
STU-04493,23,Male,High,73.0,74.13,0.756,10,5.01,1,0,0,9.94,1,0
STU-04494,20,Male,Low,71.23,65.63,0.792,6,5.82,2,1,1,14.8,3,1
STU-04495,21,Female,Low,98.71,80.63,0.567,9,4.15,1,1,1,12.96,2,0
STU-04496,23,Female,Medium,86.08,79.36,0.619,10,3.49,1,1,0,1.76,1,0
STU-04497,19,Female,Medium,100.0,74.04,0.715,8,6.08,2,0,0,2.29,2,0
STU-04498,18,Female,Medium,84.48,79.58,0.493,7,3.17,0,1,0,3.5,2,0
STU-04499,17,Non-binary,High,89.62,88.41,0.823,9,5.89,0,1,0,8.05,2,0
STU-04500,22,Female,Medium,72.31,73.68,0.822,10,5.11,2,1,1,16.74,2,0
STU-04501,21,Male,Low,78.15,66.17,0.703,11,4.47,2,1,1,8.05,3,0
STU-04502,23,Male,Medium,81.1,75.67,0.748,10,5.24,0,0,1,6.53,1,0
STU-04503,20,Male,Medium,88.82,74.0,0.696,14,5.91,3,1,0,2.41,0,0
STU-04504,17,Female,Medium,81.46,72.91,0.663,8,4.45,3,1,0,6.3,1,0
STU-04505,17,Male,Low,83.86,60.58,0.549,10,3.66,0,1,1,11.21,4,0
STU-04506,27,Male,Medium,85.47,89.83,0.889,8,6.64,1,1,0,5.11,1,0
STU-04507,22,Male,Medium,78.67,92.12,0.695,12,4.95,0,0,1,4.51,2,0
STU-04508,21,Female,Low,75.54,61.42,0.79,12,5.36,1,1,1,13.96,2,0
STU-04509,21,Male,Medium,74.64,78.69,0.676,10,5.14,1,0,0,9.63,1,0
STU-04510,17,Female,Medium,93.91,94.65,0.97,8,6.34,0,0,1,12.91,0,0
STU-04511,19,Male,Medium,78.67,63.19,0.639,10,3.9,3,0,0,3.64,1,0
STU-04512,24,Female,Medium,85.62,54.51,0.416,7,3.12,1,0,0,20.03,1,0
STU-04513,22,Female,High,81.53,91.05,1.0,11,5.54,1,0,0,4.34,1,0
STU-04514,19,Male,Low,91.69,76.11,0.872,8,6.39,1,1,0,5.72,2,0
STU-04515,18,Female,Low,58.13,54.91,0.369,7,3.34,2,0,1,10.51,2,0
STU-04516,19,Male,Medium,85.33,76.43,0.736,9,5.2,1,0,0,4.37,2,0
STU-04517,20,Male,Medium,68.2,64.04,0.662,7,4.48,0,0,0,8.67,2,0
STU-04518,25,Female,Low,84.3,100.0,0.701,10,3.29,1,1,0,8.89,1,0
STU-04519,20,Female,Medium,80.39,68.28,0.419,8,3.11,1,0,1,6.04,1,0
STU-04520,18,Female,Low,63.74,66.07,0.554,7,4.38,3,1,0,9.2,1,0
STU-04521,20,Male,Low,83.71,85.31,0.664,10,3.53,3,1,1,4.97,3,0
STU-04522,21,Male,Medium,84.47,88.42,0.724,13,5.11,2,1,0,9.63,1,0
STU-04523,18,Female,Medium,79.46,84.1,0.654,9,4.54,0,0,1,11.25,3,0
STU-04524,21,Male,High,82.1,71.9,0.691,6,4.54,1,1,0,7.13,1,0
STU-04525,23,Female,Medium,83.78,73.69,0.614,6,5.48,1,1,1,12.24,2,0
STU-04526,21,Male,Medium,94.96,58.84,0.725,10,5.71,2,0,1,3.73,3,0
STU-04527,19,Male,Medium,78.54,71.96,0.727,11,2.99,0,0,0,7.3,0,0
STU-04528,19,Female,Medium,93.14,80.04,0.871,11,6.5,2,0,0,21.87,2,0
STU-04529,17,Male,Low,79.59,77.82,0.554,10,3.44,1,1,1,7.18,2,0
STU-04530,20,Female,Medium,96.25,99.16,0.867,10,4.0,0,1,0,6.1,2,0
STU-04531,21,Male,Medium,79.41,80.23,0.794,11,5.95,1,0,0,2.76,4,0
STU-04532,19,Male,Medium,74.67,81.55,0.843,10,3.2,1,0,0,3.98,4,0
STU-04533,25,Non-binary,Medium,69.93,68.39,0.597,6,3.36,0,0,0,6.76,1,0
STU-04534,22,Male,Medium,81.63,87.02,0.777,10,5.37,1,0,0,14.1,3,0
STU-04535,17,Male,Medium,73.28,70.28,0.644,6,4.06,0,1,0,11.79,1,0
STU-04536,17,Female,Low,95.45,89.42,0.822,11,4.85,1,1,1,3.33,2,0
STU-04537,18,Male,Medium,72.42,77.8,1.0,9,3.87,0,1,0,8.91,2,0
STU-04538,24,Female,High,75.66,76.99,0.787,9,3.66,0,0,0,7.2,2,0
STU-04539,22,Male,Low,86.39,58.26,0.591,10,3.07,1,1,0,7.61,6,0
STU-04540,24,Female,Medium,95.04,91.55,0.725,10,5.22,1,0,1,11.23,1,0
STU-04541,21,Non-binary,Low,88.04,78.24,0.612,12,3.96,3,0,0,10.43,3,0
STU-04542,20,Male,Low,91.65,83.22,0.778,10,3.48,2,1,0,9.96,3,0
STU-04543,18,Female,High,82.37,79.42,0.906,10,5.0,1,1,0,10.44,4,0
STU-04544,21,Male,Medium,81.27,78.87,0.742,12,3.93,1,0,0,1.14,1,0
STU-04545,20,Male,Medium,100.0,96.01,0.896,14,6.54,1,0,0,22.39,1,0
STU-04546,20,Female,Low,98.59,74.79,0.641,10,5.79,2,1,0,7.45,2,0
STU-04547,24,Male,High,91.11,85.16,0.611,8,6.74,0,0,0,11.65,2,0
STU-04548,20,Male,Low,92.17,68.67,0.73,9,6.19,0,1,0,14.12,0,0
STU-04549,23,Male,Medium,91.44,84.66,0.786,11,3.91,1,0,0,4.54,4,0
STU-04550,17,Female,Low,66.73,66.75,0.714,8,1.05,3,0,0,6.5,2,0
STU-04551,26,Male,Low,79.56,64.08,0.656,6,2.35,2,1,1,14.18,4,0
STU-04552,20,Female,Medium,98.46,83.2,0.688,12,4.73,0,0,0,16.82,1,0
STU-04553,22,Male,Low,87.92,68.72,0.705,11,2.76,1,1,1,7.28,2,0
STU-04554,22,Female,Medium,81.3,70.24,0.536,11,3.31,5,0,0,1.66,3,0
STU-04555,19,Female,Low,96.6,82.11,0.82,13,5.82,0,1,0,3.58,1,0
STU-04556,22,Female,Medium,86.06,78.99,0.759,10,4.31,3,0,0,5.04,1,0
STU-04557,22,Female,Medium,90.31,59.14,0.779,10,5.75,0,0,1,8.72,2,0
STU-04558,19,Male,Medium,86.12,80.04,0.672,11,3.97,1,0,0,9.32,1,0
STU-04559,19,Male,Low,85.95,70.42,0.533,7,3.31,3,1,0,11.9,1,0
STU-04560,21,Male,Medium,88.74,73.45,0.669,9,7.33,3,1,0,13.64,2,0
STU-04561,20,Male,High,97.55,72.3,0.782,10,5.65,0,1,0,0.54,2,0
STU-04562,23,Female,Low,95.73,77.7,0.42,11,4.61,0,1,1,5.55,0,0
STU-04563,22,Female,Low,75.04,62.99,0.733,8,5.7,1,0,0,13.52,4,0
STU-04564,20,Male,High,87.16,91.32,0.849,9,6.67,1,0,0,18.65,0,0
STU-04565,22,Male,Low,93.98,59.82,0.463,8,4.0,1,1,0,9.84,0,0
STU-04566,17,Male,Medium,80.55,64.03,0.593,10,5.79,1,0,1,2.93,2,0
STU-04567,19,Female,Medium,67.6,57.13,0.488,8,2.77,2,0,0,7.96,3,0
STU-04568,21,Male,Low,70.0,68.39,0.528,5,5.06,2,1,0,15.33,1,0
STU-04569,23,Female,Medium,72.76,81.66,0.557,6,2.13,2,0,0,2.1,1,0
STU-04570,21,Male,Medium,76.96,76.97,0.837,10,4.51,0,1,0,3.04,1,0
STU-04571,24,Female,Medium,73.79,59.47,0.53,8,4.13,1,0,0,3.13,0,0
STU-04572,22,Male,High,94.57,77.85,0.71,10,5.83,2,0,1,10.39,2,0
STU-04573,19,Female,Low,76.95,61.05,0.712,8,3.36,1,1,0,3.86,1,0
STU-04574,20,Male,Medium,95.87,86.1,0.835,12,3.48,3,0,0,0.3,1,0
STU-04575,21,Female,High,70.82,66.25,0.469,9,4.13,3,1,0,15.42,2,0
STU-04576,20,Male,Low,76.11,54.61,0.636,9,3.97,0,0,1,6.93,2,0
STU-04577,24,Female,High,84.4,83.11,0.981,11,5.19,1,0,0,22.64,0,0
STU-04578,18,Male,Low,88.92,87.51,0.901,13,8.0,1,0,1,11.49,1,0
STU-04579,21,Female,Medium,94.58,78.61,0.66,8,4.76,1,0,1,7.08,2,0
STU-04580,22,Female,Low,74.08,68.96,0.503,7,3.02,0,1,0,12.53,2,0
STU-04581,20,Male,Medium,92.93,64.54,0.533,9,2.17,2,0,0,3.52,1,0
STU-04582,19,Female,Medium,63.5,44.89,0.483,10,1.69,2,0,1,9.04,1,0
STU-04583,20,Female,High,92.83,62.82,0.797,9,6.76,0,0,0,8.92,2,0
STU-04584,22,Male,High,68.5,69.18,0.59,7,2.76,0,0,0,6.52,2,0
STU-04585,19,Male,Medium,86.91,73.64,0.642,9,5.65,2,1,1,2.4,0,0
STU-04586,18,Male,Medium,94.42,85.78,0.949,11,4.27,1,1,0,8.67,1,0
STU-04587,23,Female,Medium,91.76,77.07,0.698,12,3.95,0,1,0,8.39,0,0
STU-04588,21,Male,High,65.22,77.93,0.963,8,3.56,1,0,0,4.35,3,0
STU-04589,23,Male,Medium,77.08,80.72,0.764,8,5.38,0,0,0,2.19,1,0
STU-04590,22,Female,High,91.14,77.27,0.892,9,5.46,2,1,0,3.87,3,0
STU-04591,25,Male,Low,87.57,64.2,0.684,9,3.38,0,1,1,19.65,2,0
STU-04592,23,Female,Medium,85.04,56.66,0.658,14,5.73,2,0,0,4.63,4,0
STU-04593,19,Male,Medium,57.78,77.07,0.729,9,4.42,0,0,0,8.63,2,0
STU-04594,21,Male,Low,93.18,67.5,0.654,11,5.56,3,1,1,8.29,0,0
STU-04595,19,Male,Low,95.14,62.9,0.677,10,5.66,2,1,1,6.35,1,0
STU-04596,20,Male,High,85.05,78.87,0.862,10,4.19,1,0,1,20.3,3,0
STU-04597,18,Female,Medium,84.51,60.69,0.671,11,6.51,1,0,0,10.96,1,0
STU-04598,20,Female,Low,85.53,74.54,0.516,10,4.16,2,0,1,10.11,0,0
STU-04599,22,Male,Medium,98.06,78.71,0.795,11,6.13,0,0,1,7.19,4,0
STU-04600,20,Male,Medium,84.76,84.92,0.74,9,5.52,1,0,1,4.6,1,0
STU-04601,18,Male,Medium,79.9,81.72,0.725,8,3.39,0,0,0,7.39,0,0
STU-04602,17,Female,High,87.45,89.76,0.915,11,8.32,3,1,0,11.14,1,0
STU-04603,25,Male,High,83.13,78.71,0.968,10,5.6,1,0,0,12.74,0,0
STU-04604,21,Female,Medium,82.0,65.78,0.624,13,4.53,0,0,0,11.18,3,0
STU-04605,19,Female,Medium,62.58,54.67,0.792,10,3.57,1,0,0,0.95,4,1
STU-04606,21,Male,Medium,87.75,71.81,0.573,8,6.19,1,1,0,1.66,4,0
STU-04607,25,Male,High,96.14,100.0,1.0,9,8.0,0,0,0,5.89,1,0
STU-04608,22,Male,Low,91.22,73.5,0.771,9,5.59,1,1,1,1.62,0,0
STU-04609,17,Non-binary,Low,90.46,77.23,0.777,8,3.3,2,1,1,3.36,1,1
STU-04610,26,Female,High,82.67,91.62,1.0,9,5.49,3,1,0,2.58,0,0
STU-04611,17,Male,High,84.85,80.03,0.699,8,4.77,2,0,1,6.1,4,0
STU-04612,20,Male,Medium,95.11,73.16,0.87,10,5.23,0,0,0,7.25,0,0
STU-04613,18,Male,Medium,91.54,86.24,0.805,9,4.12,0,0,0,2.32,2,0
STU-04614,19,Female,Medium,98.35,77.92,0.681,10,3.23,1,0,1,16.6,0,0
STU-04615,21,Female,Medium,74.6,73.7,0.562,8,6.01,1,0,0,9.1,2,0
STU-04616,17,Female,Low,72.53,72.14,0.898,8,5.97,0,1,0,6.97,1,0
STU-04617,20,Female,Low,76.34,63.9,0.773,11,4.76,3,1,1,12.23,1,0
STU-04618,23,Female,Medium,71.63,71.24,0.642,9,3.17,0,1,0,6.83,3,0
STU-04619,19,Male,Medium,67.46,83.38,0.871,8,5.13,1,0,0,9.54,0,0
STU-04620,18,Male,Medium,87.16,70.57,0.709,8,5.28,0,1,0,4.72,1,0
STU-04621,20,Female,Low,84.41,85.88,0.784,7,4.55,1,1,0,3.58,2,0
STU-04622,20,Male,High,85.96,72.11,0.823,7,5.85,2,1,0,2.65,1,0
STU-04623,19,Male,Medium,85.89,94.25,0.825,12,6.02,1,0,0,7.52,0,0
STU-04624,18,Male,High,67.15,60.43,0.342,9,3.88,2,0,0,8.84,1,0
STU-04625,22,Male,Low,74.72,64.13,0.669,8,3.06,1,1,0,24.96,1,0
STU-04626,22,Male,Medium,78.77,87.89,0.852,12,5.68,1,0,0,0.91,4,0
STU-04627,18,Female,High,83.78,92.49,0.813,11,6.82,1,1,0,6.88,2,0
STU-04628,19,Female,Medium,65.94,74.84,0.624,8,4.18,1,0,0,12.46,2,0
STU-04629,21,Male,Low,69.79,54.88,0.37,9,6.22,1,0,1,3.39,0,0
STU-04630,18,Male,Low,75.2,69.12,0.638,10,3.97,0,1,0,14.45,3,0
STU-04631,21,Male,Low,91.64,76.2,0.638,10,2.56,2,1,1,12.47,0,0
STU-04632,24,Non-binary,Medium,84.88,67.18,0.78,9,3.93,4,1,1,15.12,1,0
STU-04633,20,Female,Medium,93.24,86.72,0.896,10,4.93,1,0,0,9.92,1,0
STU-04634,18,Female,Low,78.65,62.19,0.563,6,4.92,2,0,1,3.63,2,0
STU-04635,21,Male,Medium,82.01,61.46,0.677,8,5.82,3,0,0,7.14,1,0
STU-04636,20,Female,Low,85.49,57.03,0.563,12,4.64,2,1,0,13.37,3,0
STU-04637,20,Male,Medium,80.05,90.55,0.835,8,5.48,1,1,0,3.94,3,0
STU-04638,21,Male,Medium,75.13,65.96,0.647,5,6.93,4,0,0,1.7,2,0
STU-04639,22,Male,Low,63.61,57.84,0.796,10,3.04,3,1,0,2.33,1,0
STU-04640,21,Female,Low,73.42,57.14,0.654,9,4.1,2,1,1,11.17,1,0
STU-04641,20,Male,Low,89.2,88.69,0.815,10,4.79,0,1,1,4.21,1,0
STU-04642,25,Female,Low,93.87,63.45,0.739,10,3.75,0,1,1,9.02,0,0
STU-04643,23,Male,Medium,73.5,58.24,0.689,10,1.48,5,0,1,12.16,0,0
STU-04644,22,Female,Low,60.93,58.23,0.617,10,5.33,0,1,1,5.04,2,0
STU-04645,21,Male,Low,90.19,75.28,0.695,9,4.01,3,1,1,2.89,1,0
STU-04646,18,Male,High,84.01,83.66,0.76,11,4.66,1,0,1,3.17,1,0
STU-04647,23,Female,High,68.43,62.84,0.497,10,4.07,1,0,0,22.88,2,0
STU-04648,21,Male,Low,45.78,69.62,0.707,6,1.46,1,1,1,3.37,2,0
STU-04649,19,Female,Medium,71.4,62.59,0.551,11,2.61,2,1,0,9.48,2,0
STU-04650,20,Female,Medium,76.91,61.83,0.565,10,4.04,3,1,0,1.04,1,0
STU-04651,18,Male,High,70.58,59.59,0.673,6,3.52,0,0,0,12.89,1,0
STU-04652,23,Male,High,90.86,72.62,0.914,13,4.03,2,0,0,9.07,1,0
STU-04653,22,Female,Low,71.06,54.62,0.6,6,4.77,2,1,0,6.11,0,0
STU-04654,21,Male,Low,80.14,78.17,0.747,8,4.15,2,1,0,6.8,2,0
STU-04655,20,Male,Medium,100.0,72.99,0.712,11,5.77,0,0,0,8.06,2,0
STU-04656,19,Male,High,84.54,76.0,0.877,12,5.49,1,1,0,1.81,1,0
STU-04657,17,Female,High,81.98,65.8,0.699,9,6.08,2,1,0,10.44,2,0
STU-04658,18,Female,Low,78.98,58.36,0.611,8,4.8,2,1,0,20.71,0,0
STU-04659,19,Male,Medium,89.36,88.96,0.885,10,4.45,1,0,1,0.2,0,0
STU-04660,19,Female,Low,86.0,89.51,0.687,9,6.49,2,1,0,3.89,0,0
STU-04661,21,Female,Medium,70.96,81.75,0.838,10,4.01,1,1,1,6.88,1,0
STU-04662,22,Male,High,78.73,59.83,0.495,8,2.79,0,0,1,16.17,3,0
STU-04663,20,Female,Medium,74.66,57.51,0.627,7,2.82,2,1,1,19.47,3,0
STU-04664,23,Male,Low,76.89,88.89,0.765,6,1.43,1,1,0,0.76,0,0
STU-04665,19,Female,Medium,100.0,80.46,0.851,10,5.17,1,1,0,12.03,1,0
STU-04666,20,Male,Medium,88.79,63.87,0.617,9,5.33,1,0,0,18.39,4,0
STU-04667,20,Non-binary,High,82.37,87.11,0.7,7,2.84,0,0,0,1.24,1,0
STU-04668,23,Non-binary,Medium,95.69,81.6,0.755,7,7.91,1,0,0,9.6,0,0
STU-04669,21,Male,High,85.32,83.4,1.0,12,2.7,0,0,0,18.47,0,0
STU-04670,21,Male,Low,61.98,39.57,0.151,5,0.98,3,1,1,5.49,2,1
STU-04671,17,Female,Low,98.3,76.12,0.762,8,3.58,2,1,0,8.73,0,0
STU-04672,19,Non-binary,Medium,80.28,83.02,0.681,12,5.88,1,1,0,5.17,2,0
STU-04673,23,Male,Low,55.18,52.28,0.7,9,4.44,4,1,1,9.63,4,0
STU-04674,17,Male,Low,62.4,74.5,0.826,10,3.88,1,1,0,13.92,3,0
STU-04675,23,Female,Medium,94.4,67.15,0.686,11,3.25,2,0,0,15.68,1,0
STU-04676,22,Female,Low,62.58,61.11,0.722,11,2.25,3,1,1,4.11,1,0
STU-04677,19,Male,Low,94.84,94.17,0.928,12,6.39,2,1,1,2.34,1,0
STU-04678,19,Male,Low,80.89,59.52,0.598,8,3.41,2,1,1,9.59,0,0
STU-04679,24,Female,Low,87.85,77.08,0.678,7,4.14,2,1,0,11.21,0,0
STU-04680,23,Female,High,80.43,81.21,0.743,7,4.69,1,1,0,2.13,1,0
STU-04681,20,Male,High,89.01,80.39,0.723,9,4.54,1,0,1,5.76,0,0
STU-04682,21,Female,Low,83.48,69.77,0.688,7,2.31,0,1,1,17.84,1,0
STU-04683,19,Male,Medium,81.58,65.39,0.422,7,1.96,0,1,1,5.66,0,0
STU-04684,21,Female,Medium,70.28,70.7,0.818,9,2.75,0,0,0,14.85,1,0
STU-04685,19,Female,High,87.19,77.58,0.988,13,4.87,1,0,0,4.44,1,0
STU-04686,20,Female,Medium,62.01,50.4,0.466,5,3.21,2,0,0,14.85,3,0
STU-04687,24,Male,Low,90.25,86.52,0.973,10,6.04,2,0,1,6.99,1,0
STU-04688,20,Male,Medium,84.17,66.3,0.64,7,6.3,2,1,1,5.98,2,0
STU-04689,18,Female,High,88.36,65.06,0.573,8,2.64,3,1,0,7.32,1,0
STU-04690,18,Female,Medium,53.21,54.59,0.509,9,3.25,3,0,0,3.75,3,1
STU-04691,21,Female,Medium,69.62,59.49,0.608,7,2.78,4,0,0,2.18,3,1
STU-04692,19,Female,Low,74.44,65.35,0.562,8,6.71,1,0,1,5.49,1,0
STU-04693,21,Male,Medium,89.41,65.49,0.722,10,4.99,2,0,1,11.21,0,0
STU-04694,17,Female,High,72.88,76.21,0.68,10,3.47,1,0,0,1.37,4,0
STU-04695,22,Male,Medium,100.0,96.81,0.793,9,6.22,1,1,0,15.86,2,0
STU-04696,18,Female,Medium,79.1,74.03,0.721,11,4.94,2,0,0,5.97,0,0
STU-04697,21,Female,Medium,70.82,54.55,0.471,7,2.96,2,0,0,11.44,3,0
STU-04698,20,Female,Medium,79.94,64.24,0.599,10,5.15,0,1,1,5.42,1,0
STU-04699,24,Female,Medium,71.54,71.55,0.696,8,6.36,1,0,0,10.64,2,0
STU-04700,21,Female,Medium,68.97,48.44,0.34,9,4.28,2,1,0,11.11,4,0
STU-04701,25,Female,High,94.37,69.72,0.861,14,5.59,3,0,1,17.65,3,0
STU-04702,22,Female,Medium,87.65,60.59,0.704,9,7.49,1,0,0,1.41,2,0
STU-04703,23,Non-binary,Medium,87.68,78.24,0.685,9,5.61,1,1,0,6.61,3,0
STU-04704,20,Female,Medium,96.04,100.0,0.947,10,4.62,2,1,0,13.94,0,0
STU-04705,21,Female,Low,85.35,60.56,0.683,8,4.9,3,0,1,6.8,2,0
STU-04706,23,Female,Low,68.26,73.13,0.741,7,3.94,1,1,0,6.02,0,0
STU-04707,22,Male,Low,87.8,68.7,0.903,10,4.88,2,1,1,5.58,5,0
STU-04708,22,Male,Medium,69.61,55.21,0.531,7,4.07,2,0,0,7.52,3,0
STU-04709,20,Male,Low,74.74,83.72,0.951,8,2.57,3,1,1,10.97,1,0
STU-04710,20,Male,Medium,81.5,95.72,0.752,4,7.12,1,1,0,6.04,1,0
STU-04711,23,Male,Medium,80.38,77.7,0.614,11,5.24,0,1,0,14.1,2,0
STU-04712,23,Female,Low,60.3,64.77,0.845,11,1.64,0,1,1,8.58,1,1
STU-04713,19,Male,Medium,71.36,69.87,0.636,10,4.89,2,1,1,6.35,1,0
STU-04714,19,Male,High,83.0,75.11,0.593,7,5.05,1,0,0,7.54,1,0
STU-04715,19,Female,Medium,75.28,74.54,0.722,7,6.55,0,1,1,13.84,2,0
STU-04716,22,Male,Low,92.39,83.31,0.956,8,8.43,3,1,1,4.22,0,0
STU-04717,19,Female,Medium,96.27,97.84,0.839,12,8.47,0,1,1,5.65,0,0
STU-04718,22,Female,Medium,69.68,63.22,0.625,11,3.55,1,1,0,4.5,1,0
STU-04719,22,Male,Medium,82.66,75.95,0.518,9,4.93,0,0,1,5.73,2,0
STU-04720,19,Female,Low,97.41,78.07,0.703,12,4.76,0,0,1,7.21,3,0
STU-04721,24,Male,Medium,80.52,83.89,0.929,11,6.77,0,0,0,13.78,0,0
STU-04722,17,Non-binary,Medium,77.52,96.21,0.823,8,1.89,2,1,0,10.95,4,0
STU-04723,24,Male,Low,89.46,85.73,0.673,11,3.19,2,1,0,7.09,0,0
STU-04724,21,Female,Medium,78.98,80.89,0.69,11,3.96,1,0,1,6.88,2,0
STU-04725,17,Male,Low,93.98,86.39,0.758,8,5.37,3,1,0,9.77,3,0
STU-04726,24,Male,Medium,75.46,83.89,0.901,11,5.31,1,1,0,5.42,2,0
STU-04727,23,Female,High,78.03,98.35,0.981,10,7.23,1,1,0,4.09,2,0
STU-04728,20,Female,Low,88.69,57.92,0.652,9,3.97,2,1,1,9.85,2,0
STU-04729,18,Male,Medium,83.11,80.89,0.787,10,3.25,0,0,0,4.2,1,0
STU-04730,17,Male,Medium,83.19,49.12,0.433,9,3.39,1,0,0,3.42,6,0
STU-04731,26,Female,Medium,61.0,73.79,0.629,9,2.71,2,1,1,26.38,4,1
STU-04732,19,Female,High,79.36,80.35,0.831,8,5.8,0,1,0,1.13,0,0
STU-04733,18,Non-binary,Medium,91.5,73.45,0.909,11,7.96,0,1,0,0.88,0,0
STU-04734,21,Female,Low,71.38,39.76,0.313,5,5.02,4,1,0,6.69,0,0
STU-04735,17,Female,High,90.96,80.27,0.656,9,6.52,1,1,0,10.49,2,0
STU-04736,18,Male,Medium,84.95,78.0,0.622,9,3.82,2,0,0,6.2,0,0
STU-04737,23,Female,Medium,79.8,72.67,0.812,11,4.76,2,1,0,5.43,1,0
STU-04738,21,Female,Low,94.94,71.55,0.697,10,5.9,0,1,1,21.72,3,0
STU-04739,20,Male,Low,76.26,59.84,0.667,8,3.29,1,1,1,4.47,2,0
STU-04740,21,Male,Medium,79.03,72.42,0.649,11,3.48,1,0,0,7.26,1,0
STU-04741,20,Male,Low,77.68,61.47,0.689,8,5.02,2,0,0,5.8,3,1
STU-04742,20,Female,Low,80.89,79.12,0.733,8,2.88,1,1,1,8.07,0,0
STU-04743,19,Male,Medium,90.44,77.62,0.57,6,6.22,5,0,1,5.94,3,0
STU-04744,19,Male,Low,63.8,45.58,0.587,7,2.99,0,0,0,9.49,3,0
STU-04745,19,Male,Low,89.55,76.95,0.745,8,5.97,0,0,1,7.34,3,0
STU-04746,19,Male,Low,80.75,75.1,0.696,9,4.95,0,1,1,5.27,0,0
STU-04747,23,Male,Medium,88.09,93.47,0.926,11,7.48,1,0,1,2.42,0,0
STU-04748,22,Male,Medium,100.0,92.28,0.709,8,2.59,1,0,0,0.36,0,0
STU-04749,19,Male,High,77.62,65.02,0.697,7,6.29,1,0,0,10.17,0,0
STU-04750,18,Female,Low,66.53,78.39,0.69,5,5.74,1,1,0,3.46,3,0
STU-04751,20,Male,Low,82.13,57.76,0.564,8,4.69,1,1,0,7.34,3,0
STU-04752,25,Male,Medium,85.87,76.5,0.882,8,6.22,1,0,1,2.41,3,0
STU-04753,18,Female,Medium,91.59,86.5,0.909,14,6.67,1,0,1,12.36,1,0
STU-04754,20,Female,Medium,76.08,86.1,0.808,12,3.55,1,0,0,12.0,1,0
STU-04755,21,Male,High,74.12,91.22,0.861,12,4.97,0,0,0,3.7,1,0
STU-04756,20,Female,Medium,65.14,79.01,0.46,5,4.45,3,0,1,10.93,2,1
STU-04757,20,Male,Medium,66.96,65.77,0.553,8,1.08,1,0,0,12.3,3,0
STU-04758,23,Male,High,78.67,80.31,0.798,7,5.55,2,0,0,16.47,2,0
STU-04759,21,Female,Low,78.72,72.23,0.616,12,4.44,1,1,1,2.58,3,0
STU-04760,22,Female,High,100.0,77.66,0.596,11,6.09,0,1,0,5.37,2,0
STU-04761,22,Male,Medium,63.38,64.27,0.696,6,2.1,2,1,0,6.69,2,1
STU-04762,22,Female,Medium,85.69,94.11,1.0,11,4.81,1,0,1,5.73,1,0
STU-04763,24,Male,High,75.26,79.34,0.683,6,2.42,5,1,0,18.32,0,0
STU-04764,23,Female,Medium,84.45,96.13,1.0,10,3.83,1,1,0,9.64,1,0
STU-04765,25,Female,Medium,75.91,60.61,0.694,8,5.6,1,1,0,3.32,2,0
STU-04766,23,Male,Low,91.39,72.25,0.591,11,3.98,0,1,0,21.68,0,0
STU-04767,19,Female,Medium,93.32,83.95,0.723,12,4.38,1,0,0,10.41,3,0
STU-04768,22,Male,Medium,80.76,81.19,1.0,10,7.16,3,0,0,5.52,1,0
STU-04769,22,Male,Low,95.83,77.03,0.616,9,4.6,1,1,1,1.7,1,0
STU-04770,25,Female,Medium,90.36,86.38,0.758,4,6.64,2,0,0,6.02,0,0
STU-04771,18,Female,Medium,97.32,89.64,1.0,14,4.91,0,1,0,15.83,2,0
STU-04772,22,Male,Medium,81.53,60.25,0.536,7,3.7,0,0,1,7.15,0,0
STU-04773,19,Male,Low,90.47,83.16,0.965,11,4.69,1,1,1,5.73,2,0
STU-04774,22,Male,Medium,73.55,81.04,0.662,13,5.0,0,1,1,9.66,2,0
STU-04775,20,Male,Low,70.43,68.97,0.696,6,3.91,1,1,1,6.37,3,0
STU-04776,22,Female,Low,100.0,61.8,0.748,10,6.72,1,1,1,11.38,1,0
STU-04777,18,Female,Medium,70.06,65.86,0.597,9,4.08,3,1,0,12.79,1,0
STU-04778,22,Male,Low,75.2,72.68,0.724,11,1.78,2,1,1,3.66,1,0
STU-04779,21,Male,Low,59.12,51.92,0.621,8,3.08,2,1,1,14.43,5,1
STU-04780,21,Male,Medium,72.7,79.08,0.659,11,2.03,1,0,0,3.65,3,0
STU-04781,25,Female,Medium,71.06,76.41,1.0,9,5.68,1,0,0,7.97,4,0
STU-04782,20,Male,High,75.88,74.52,0.852,10,5.72,3,1,0,18.84,2,0
STU-04783,21,Male,High,86.55,78.47,0.719,10,5.92,4,0,0,7.7,0,0
STU-04784,21,Female,Medium,87.95,79.15,0.74,9,4.95,0,1,0,1.72,0,0
STU-04785,21,Male,High,72.18,71.35,0.93,10,2.74,1,0,0,8.38,1,0
STU-04786,25,Male,High,74.56,59.69,0.556,7,4.23,1,1,0,11.7,6,1
STU-04787,21,Female,Medium,93.92,75.78,0.682,9,5.78,0,0,0,11.87,0,0
STU-04788,19,Female,Medium,100.0,83.72,0.946,9,6.07,1,1,0,14.21,1,0
STU-04789,24,Female,Low,93.82,91.42,0.707,9,5.4,3,1,1,8.18,4,0
STU-04790,20,Male,Medium,63.89,72.59,0.702,10,1.28,2,1,0,12.87,5,0
STU-04791,17,Female,Medium,95.08,95.36,0.919,11,6.11,4,1,0,3.34,1,0
STU-04792,19,Female,Low,100.0,66.15,0.571,10,4.97,2,1,1,11.22,2,0
STU-04793,18,Female,Low,61.34,58.08,0.397,4,1.13,3,1,0,5.22,2,0
STU-04794,17,Female,High,95.16,100.0,0.958,11,6.89,1,0,0,16.41,0,0
STU-04795,20,Female,Medium,84.48,68.12,0.755,9,4.33,0,0,0,8.06,0,0
STU-04796,20,Male,Low,76.4,61.24,0.531,9,4.26,2,1,1,5.65,2,0
STU-04797,23,Female,Low,81.17,68.44,0.534,11,4.84,0,1,1,12.97,0,0
STU-04798,22,Female,Medium,86.88,96.88,1.0,10,6.37,0,1,0,7.58,0,0
STU-04799,22,Female,High,95.98,76.11,0.805,10,3.82,1,1,1,1.67,4,0
STU-04800,19,Female,Medium,94.17,85.77,0.782,12,5.0,1,0,0,3.08,3,0
STU-04801,22,Female,Medium,65.42,70.32,0.802,7,7.29,0,0,0,23.86,0,0
STU-04802,23,Male,Low,72.86,47.89,0.525,8,5.71,1,1,0,9.37,4,0
STU-04803,21,Male,Low,81.03,70.94,0.912,6,6.53,1,0,0,8.32,2,0
STU-04804,21,Male,Medium,99.29,77.13,0.83,10,6.31,1,1,0,6.34,1,0
STU-04805,18,Female,High,53.25,69.09,0.514,9,1.46,2,0,0,9.24,2,1
STU-04806,23,Male,Medium,75.28,88.53,0.771,10,4.43,0,0,1,10.09,2,0
STU-04807,24,Male,Medium,65.19,62.85,0.553,9,2.91,1,0,0,2.14,0,0
STU-04808,21,Female,Medium,66.94,63.68,0.671,10,3.84,1,0,0,5.58,3,0
STU-04809,19,Female,Medium,92.84,100.0,0.913,13,3.87,1,1,1,3.94,0,0
STU-04810,20,Male,Medium,76.15,64.44,0.505,8,5.18,0,1,0,2.3,1,0
STU-04811,20,Female,Medium,56.33,48.61,0.573,9,0.0,3,0,0,1.08,4,1
STU-04812,20,Female,Medium,80.26,87.3,0.959,14,6.68,1,0,0,25.34,3,0
STU-04813,22,Male,Medium,100.0,82.49,0.785,10,7.04,1,0,0,32.88,6,0
STU-04814,21,Female,High,63.38,70.0,0.714,6,7.19,1,0,0,24.96,1,0
STU-04815,23,Non-binary,Medium,87.86,99.49,0.829,9,5.06,2,1,0,12.98,1,0
STU-04816,21,Female,Low,97.24,64.85,0.581,10,4.31,2,1,1,8.73,4,0
STU-04817,19,Female,Low,79.46,68.38,0.617,6,4.52,3,1,0,4.94,4,0
STU-04818,19,Female,Medium,100.0,70.64,0.761,9,6.52,0,1,0,5.68,0,0
STU-04819,19,Female,Medium,74.74,74.23,0.756,8,4.46,1,1,0,2.54,4,0
STU-04820,20,Male,Medium,97.91,76.46,0.705,10,3.81,1,0,1,6.73,1,0
STU-04821,24,Male,Medium,95.31,69.02,0.636,13,5.91,0,0,0,1.53,1,0
STU-04822,25,Male,Low,79.64,77.75,0.52,10,4.05,1,0,0,8.04,1,0
STU-04823,22,Male,Medium,65.64,66.61,0.852,7,3.07,0,1,0,2.69,2,0
STU-04824,21,Female,Medium,70.98,56.55,0.322,14,0.75,1,1,0,13.57,2,0
STU-04825,18,Female,Medium,56.21,50.08,0.566,7,6.6,1,0,0,5.29,1,0
STU-04826,21,Female,Medium,88.54,79.58,0.776,7,6.43,1,0,0,16.0,2,0
STU-04827,19,Male,Low,85.22,56.4,0.539,7,5.14,0,1,0,16.14,1,0
STU-04828,24,Male,Medium,82.87,77.05,0.749,7,4.77,0,1,0,10.83,2,0
STU-04829,17,Female,Medium,80.65,87.11,0.758,7,5.82,1,1,0,17.85,1,0
STU-04830,21,Male,High,98.18,90.55,0.946,12,4.77,1,0,0,7.74,0,0
STU-04831,19,Male,Medium,85.28,69.7,0.528,4,4.61,2,1,0,15.35,1,0
STU-04832,20,Female,Low,73.9,70.41,0.732,11,4.81,3,0,1,9.35,2,0
STU-04833,22,Male,Medium,83.62,62.62,0.543,10,2.86,1,0,0,16.05,2,1
STU-04834,23,Male,Medium,100.0,84.36,0.762,10,5.59,3,0,0,8.52,1,0
STU-04835,20,Male,Medium,88.84,74.38,0.679,11,4.39,1,1,0,14.86,3,0
STU-04836,22,Female,High,78.96,64.26,0.619,7,3.26,2,0,1,14.19,0,0
STU-04837,19,Female,Low,79.51,76.6,0.806,8,4.2,1,1,0,8.45,1,0
STU-04838,21,Female,Low,85.1,53.27,0.539,10,1.96,1,1,1,3.82,1,0
STU-04839,23,Male,Low,75.37,56.52,0.683,8,5.87,1,0,1,14.96,1,0
STU-04840,21,Non-binary,Low,74.4,57.25,0.703,8,6.59,3,0,1,8.45,2,0
STU-04841,19,Male,High,83.13,71.6,0.74,9,3.61,1,1,1,15.55,5,0
STU-04842,20,Female,Medium,98.71,95.37,0.991,13,7.97,0,1,0,5.02,1,0
STU-04843,23,Female,Low,88.7,82.32,1.0,13,5.95,0,1,1,1.55,0,0
STU-04844,18,Male,Medium,77.5,73.25,0.547,9,4.02,2,0,1,1.25,1,0
STU-04845,19,Female,Medium,91.56,79.53,0.901,10,3.99,3,1,0,3.73,2,0
STU-04846,22,Male,Medium,82.09,74.29,0.911,11,4.63,1,0,0,15.31,0,0
STU-04847,20,Male,Low,83.79,86.14,0.881,8,6.14,1,1,0,5.48,0,0
STU-04848,17,Female,Medium,84.79,57.54,0.809,12,3.84,0,0,1,10.52,1,0
STU-04849,23,Female,Low,56.79,67.17,0.877,10,3.12,0,1,1,10.23,0,0
STU-04850,18,Female,Medium,48.48,53.19,0.502,10,1.88,2,0,0,0.91,2,0
STU-04851,20,Female,Low,82.49,76.83,0.717,8,0.04,0,1,0,11.1,0,0
STU-04852,19,Male,Medium,72.62,74.93,0.795,7,5.07,0,0,0,10.81,1,0
STU-04853,20,Female,High,65.22,75.39,0.661,9,4.74,4,0,1,3.86,5,0
STU-04854,19,Female,Low,70.96,82.1,1.0,9,5.7,2,1,1,9.31,0,0
STU-04855,22,Female,Low,90.17,61.77,0.712,11,6.46,3,0,0,17.81,1,0
STU-04856,21,Female,High,87.19,88.65,0.856,12,4.84,1,0,1,7.67,2,0
STU-04857,23,Male,Medium,90.49,77.8,0.587,12,7.29,0,0,0,13.21,2,0
STU-04858,19,Male,Medium,86.98,72.14,0.738,10,3.89,1,0,0,6.62,2,0
STU-04859,25,Male,Low,69.89,86.09,0.686,10,3.83,1,1,0,24.61,0,0
STU-04860,17,Male,Low,88.54,81.72,0.882,9,5.15,3,1,0,3.34,0,0
STU-04861,17,Female,Medium,88.44,73.28,0.417,9,4.38,1,1,0,8.54,2,0
STU-04862,24,Male,High,81.96,85.66,0.991,10,5.32,0,0,0,1.95,0,0
STU-04863,21,Female,Low,80.65,70.45,0.642,9,4.34,5,0,1,10.07,1,0
STU-04864,21,Male,Medium,90.72,74.22,0.522,12,3.6,1,1,0,1.2,0,0
STU-04865,21,Female,Medium,73.76,64.34,0.638,6,3.55,0,0,0,7.0,2,1
STU-04866,22,Female,Low,91.97,79.39,0.772,10,2.28,0,0,1,19.81,0,0
STU-04867,21,Female,Low,86.22,67.44,0.659,9,5.91,0,1,1,13.14,0,0
STU-04868,18,Male,Low,80.02,72.17,0.873,11,3.76,2,1,0,2.32,0,0
STU-04869,22,Female,Medium,98.84,91.32,0.92,9,5.5,0,1,1,16.69,2,0
STU-04870,22,Male,Medium,67.76,68.63,0.772,8,2.84,3,1,1,6.89,2,0
STU-04871,23,Female,Medium,76.94,91.7,0.848,8,5.77,1,0,1,6.27,1,0
STU-04872,24,Male,Low,72.5,67.13,0.715,5,3.59,3,1,1,5.87,3,0
STU-04873,21,Male,Medium,85.94,89.74,0.703,11,1.5,0,0,0,5.5,1,0
STU-04874,18,Female,Medium,95.01,90.37,0.897,8,6.34,0,0,0,3.14,0,0
STU-04875,24,Female,Medium,71.19,84.42,0.723,6,3.27,1,0,0,5.28,0,0
STU-04876,18,Female,Medium,100.0,100.0,1.0,13,6.47,0,0,1,6.72,0,0
STU-04877,21,Male,Low,72.71,49.49,0.519,7,4.9,2,0,0,1.02,1,0
STU-04878,20,Male,Medium,85.97,78.92,0.846,9,3.99,0,0,0,4.21,1,0
STU-04879,20,Female,Medium,82.03,73.26,0.748,9,4.82,0,0,0,11.8,0,0
STU-04880,22,Female,Medium,82.51,75.72,0.955,12,4.49,0,1,0,6.71,3,0
STU-04881,21,Female,Low,71.28,62.44,0.436,7,4.78,0,1,0,13.17,1,0
STU-04882,22,Female,Medium,93.74,74.56,0.715,11,5.42,2,0,0,1.73,1,0
STU-04883,19,Male,Medium,72.61,58.86,0.477,6,3.56,0,0,0,1.66,2,0
STU-04884,20,Female,Medium,62.54,65.99,0.408,8,1.18,0,0,0,8.77,3,0
STU-04885,19,Female,High,70.91,80.13,0.654,10,5.13,0,0,0,3.72,3,1
STU-04886,20,Male,High,99.15,79.4,0.911,13,7.41,2,0,0,4.05,2,0
STU-04887,20,Male,Low,93.76,73.92,0.719,7,4.25,0,1,1,5.26,2,0
STU-04888,24,Male,Medium,59.92,56.78,0.547,7,3.46,0,0,1,4.28,1,0
STU-04889,20,Female,Medium,90.95,68.71,0.77,13,6.18,0,1,1,5.72,3,0
STU-04890,17,Male,High,61.45,63.88,0.649,10,6.75,2,1,0,9.81,2,0
STU-04891,23,Male,Low,79.7,73.89,0.796,9,5.48,0,1,0,32.22,1,0
STU-04892,21,Male,Low,66.71,76.8,0.787,9,4.32,2,1,1,4.32,3,0
STU-04893,20,Female,Medium,91.8,67.14,0.729,10,5.05,2,1,0,15.38,3,0
STU-04894,20,Male,Low,86.1,73.22,0.663,9,4.66,2,1,1,0.7,1,0
STU-04895,19,Male,Medium,92.78,91.31,1.0,12,7.25,2,0,1,6.25,0,0
STU-04896,25,Male,Medium,78.75,61.01,0.465,9,2.6,1,0,1,7.62,3,0
STU-04897,21,Male,Low,77.9,82.26,0.785,7,6.12,0,1,1,4.2,0,0
STU-04898,17,Male,Medium,65.51,62.05,0.751,8,1.99,2,0,0,5.82,2,0
STU-04899,21,Male,High,71.91,78.38,0.743,8,5.35,1,0,1,6.93,1,0
STU-04900,23,Male,Medium,92.43,77.19,0.699,9,6.52,0,0,0,3.15,2,0
STU-04901,21,Female,Medium,86.04,80.89,1.0,11,7.0,2,1,0,9.16,2,0
STU-04902,19,Female,Low,81.15,87.24,1.0,10,6.03,2,1,1,8.52,2,0
STU-04903,18,Male,Low,93.88,76.05,0.758,9,6.0,4,0,1,6.46,0,0
STU-04904,19,Male,High,68.95,79.81,0.658,11,3.45,3,0,0,6.13,1,0
STU-04905,24,Male,Medium,89.92,80.91,0.539,9,3.0,4,0,0,11.88,2,0
STU-04906,20,Male,Medium,69.03,60.27,0.689,11,4.46,3,0,1,10.86,2,0
STU-04907,17,Male,High,99.51,83.06,0.954,13,6.43,0,0,0,4.32,1,0
STU-04908,21,Male,Low,85.99,71.39,0.748,8,6.36,1,1,1,15.65,3,0
STU-04909,21,Female,Medium,92.61,65.33,0.443,8,4.19,2,1,0,8.71,0,0
STU-04910,20,Male,Low,72.28,71.49,0.721,8,4.58,0,1,1,5.92,1,0
STU-04911,18,Female,Low,100.0,86.78,0.776,11,6.19,0,0,0,15.73,0,0
STU-04912,18,Male,Medium,100.0,91.12,0.892,12,6.96,0,0,0,1.51,0,0
STU-04913,23,Male,Medium,86.73,90.93,1.0,11,7.23,0,0,0,4.12,3,0
STU-04914,21,Female,High,96.18,92.45,0.979,10,4.92,2,0,1,16.31,2,0
STU-04915,22,Female,Medium,78.68,66.74,0.729,12,5.66,2,1,0,8.96,1,0
STU-04916,21,Female,High,69.3,66.11,0.649,8,3.74,1,0,0,9.84,2,0
STU-04917,21,Male,Medium,90.75,86.95,0.886,12,6.62,2,0,1,6.76,2,0
STU-04918,20,Female,Medium,71.89,73.4,0.632,8,6.13,3,0,0,3.62,4,1
STU-04919,20,Female,High,97.66,83.45,0.872,10,3.03,1,0,0,6.53,4,0
STU-04920,23,Male,Medium,93.53,71.15,0.675,11,6.87,0,0,1,11.38,5,0
STU-04921,23,Female,Medium,84.59,70.29,0.593,12,4.34,2,1,0,6.64,5,0
STU-04922,18,Male,Low,81.97,77.37,0.851,10,4.01,1,1,1,11.33,2,0
STU-04923,20,Male,Low,90.88,56.31,0.302,8,3.24,1,0,1,9.28,4,1
STU-04924,22,Female,High,86.27,54.76,0.491,11,2.81,1,0,1,3.99,2,0
STU-04925,24,Female,Medium,77.55,79.16,0.842,10,5.69,0,1,0,9.28,4,0
STU-04926,24,Non-binary,Medium,65.34,61.03,0.758,9,2.72,1,1,1,12.47,5,0
STU-04927,19,Male,Low,90.55,80.35,0.835,12,7.23,0,1,1,3.05,2,0
STU-04928,23,Female,Medium,86.03,92.06,0.8,10,6.2,2,1,0,5.43,0,0
STU-04929,21,Male,Medium,100.0,72.87,0.708,15,5.88,0,1,1,6.15,1,0
STU-04930,23,Male,Low,78.94,53.4,0.579,9,1.36,0,1,0,8.36,2,0
STU-04931,22,Female,Medium,85.32,73.19,0.904,12,3.68,1,0,0,20.76,1,0
STU-04932,18,Male,Medium,85.58,69.23,0.792,10,5.07,1,0,0,3.78,0,0
STU-04933,22,Male,Medium,89.16,77.54,0.866,11,5.55,0,0,0,5.96,2,0
STU-04934,23,Female,Low,69.36,70.88,0.704,8,5.49,3,1,1,4.01,3,0
STU-04935,20,Male,Medium,81.15,77.22,0.623,8,0.37,0,0,0,1.51,1,0
STU-04936,20,Female,Low,89.1,75.43,0.567,10,3.56,1,1,1,10.61,0,0
STU-04937,17,Female,Medium,78.34,83.18,0.767,8,5.95,2,0,1,20.08,1,0
STU-04938,22,Female,Medium,90.69,85.24,0.905,9,5.31,0,0,0,11.34,2,0
STU-04939,21,Male,Medium,83.06,73.06,0.655,9,3.98,1,0,0,3.32,0,0
STU-04940,19,Male,Low,84.42,79.07,0.836,12,3.02,0,0,1,3.34,0,0
STU-04941,20,Male,High,95.91,67.33,0.57,10,6.42,2,0,0,5.84,2,0
STU-04942,21,Female,Low,77.5,80.04,0.699,9,3.85,2,1,1,4.3,3,0
STU-04943,19,Male,Medium,66.03,66.92,0.831,7,5.96,0,0,0,3.62,1,0
STU-04944,21,Male,High,80.32,63.3,0.722,12,6.78,2,1,0,13.11,1,0
STU-04945,17,Female,Medium,72.92,65.83,0.616,10,5.9,1,0,0,13.62,4,0
STU-04946,23,Female,High,59.87,75.86,0.64,10,3.5,2,0,0,5.3,1,0
STU-04947,21,Male,Medium,80.83,66.12,0.769,7,4.22,0,0,1,13.49,1,0
STU-04948,18,Female,Medium,84.19,79.52,0.877,10,4.62,1,0,0,13.39,1,0
STU-04949,17,Male,Medium,93.23,88.54,0.927,9,8.72,2,1,0,3.12,0,0
STU-04950,23,Male,Medium,69.47,68.59,0.655,10,3.73,3,0,0,6.7,2,0
STU-04951,22,Female,Low,80.97,62.42,0.491,9,5.49,0,1,0,1.88,2,1
STU-04952,21,Non-binary,Medium,94.41,79.68,0.771,11,6.19,1,0,1,3.86,2,0
STU-04953,22,Male,Low,73.68,53.47,0.714,7,3.82,2,0,0,16.13,4,0
STU-04954,22,Male,High,89.15,74.65,0.62,7,4.44,0,0,1,19.54,1,0
STU-04955,21,Male,Low,97.57,67.96,0.677,9,7.01,1,0,1,9.32,1,0
STU-04956,20,Female,Low,59.51,60.3,0.801,9,4.08,0,1,0,13.53,1,0
STU-04957,20,Male,High,86.25,65.46,0.613,9,4.01,2,0,0,4.59,2,0
STU-04958,21,Female,Low,92.79,77.57,0.739,10,4.21,1,1,1,4.46,2,0
STU-04959,23,Female,Medium,78.14,83.84,0.647,7,4.83,0,1,0,10.34,0,0
STU-04960,20,Female,Medium,97.25,93.64,0.969,11,5.55,0,1,0,5.96,0,0
STU-04961,24,Female,Low,86.98,61.49,0.526,11,5.23,0,1,1,1.04,1,0
STU-04962,21,Female,Low,99.46,73.28,0.531,10,8.54,1,1,1,5.74,0,0
STU-04963,21,Female,Medium,88.41,85.96,0.713,10,5.79,0,0,0,15.08,2,0
STU-04964,26,Non-binary,Low,100.0,87.24,0.864,11,8.59,3,1,0,6.68,0,0
STU-04965,24,Female,Low,83.3,66.03,0.465,8,3.03,0,0,0,13.85,0,0
STU-04966,24,Female,Low,64.95,58.51,0.423,10,4.03,3,1,1,1.44,4,1
STU-04967,19,Female,Medium,75.06,71.85,0.772,10,6.41,2,0,0,7.11,2,0
STU-04968,25,Male,Medium,93.2,61.4,0.605,10,6.86,0,0,1,5.27,3,0
STU-04969,20,Female,Low,90.99,81.13,0.676,11,6.85,1,1,1,2.3,2,0
STU-04970,20,Male,Medium,78.58,83.55,0.768,11,4.82,0,1,0,6.8,2,0
STU-04971,17,Male,Medium,100.0,79.11,0.976,9,7.67,0,0,0,5.63,1,0
STU-04972,21,Female,Low,76.11,54.54,0.708,9,3.07,2,0,1,17.84,2,0
STU-04973,18,Non-binary,Medium,87.08,90.93,0.858,14,7.71,1,1,0,15.39,1,0
STU-04974,21,Female,High,88.03,81.2,0.884,13,4.26,0,0,0,6.0,1,0
STU-04975,18,Male,Medium,67.36,74.42,0.742,8,5.96,1,0,1,6.36,1,1
STU-04976,24,Female,Medium,80.78,60.57,0.394,9,5.16,2,1,1,4.14,2,0
STU-04977,22,Male,Medium,100.0,69.83,0.453,9,6.2,3,1,0,2.73,2,1
STU-04978,25,Male,Low,69.86,69.87,0.578,9,6.69,0,1,1,7.97,1,0
STU-04979,18,Female,High,90.13,90.29,0.676,9,6.49,0,1,1,1.25,0,0
STU-04980,24,Female,High,70.55,59.32,0.628,7,2.13,0,0,0,4.99,1,0
STU-04981,17,Female,High,72.99,70.77,0.629,7,4.92,0,0,0,2.64,3,0
STU-04982,21,Female,Low,64.44,47.26,0.542,11,0.79,2,1,0,9.62,0,0
STU-04983,19,Non-binary,Medium,92.35,72.31,0.762,9,5.27,0,1,0,12.3,1,0
STU-04984,20,Male,Low,70.41,63.43,0.714,11,3.66,1,1,1,6.51,2,0
STU-04985,19,Male,Medium,95.94,85.94,0.716,9,6.3,2,0,0,5.6,2,0
STU-04986,19,Male,Medium,76.16,50.5,0.581,7,2.93,0,0,0,13.11,2,0
STU-04987,18,Male,Medium,83.41,88.24,0.733,10,3.79,3,0,0,4.2,0,0
STU-04988,20,Male,Low,84.53,71.07,0.783,7,5.81,2,1,1,12.74,2,0
STU-04989,21,Female,High,65.46,81.12,0.932,10,6.37,2,1,0,8.92,0,0
STU-04990,23,Female,Low,82.24,78.66,0.851,9,5.23,0,1,0,6.8,1,0
STU-04991,21,Female,Low,83.85,80.97,0.763,8,8.27,1,0,0,17.32,1,0
STU-04992,23,Female,High,95.79,100.0,1.0,9,5.83,1,1,1,12.91,1,0
STU-04993,17,Female,Medium,71.45,61.48,0.431,11,4.34,1,1,1,2.2,1,0
STU-04994,20,Female,Medium,73.01,71.4,0.49,8,4.13,0,1,0,5.11,2,0
STU-04995,22,Female,Medium,89.26,67.94,0.727,10,4.66,1,0,0,2.87,1,0
STU-04996,21,Female,Low,95.54,77.04,0.907,12,7.84,2,1,1,5.75,1,0
STU-04997,19,Female,Low,73.48,74.67,0.582,7,2.72,3,1,1,14.42,3,0
STU-04998,22,Female,Medium,68.41,79.11,0.77,11,1.44,1,0,0,11.57,2,0
STU-04999,19,Female,Medium,78.52,68.87,0.731,9,4.5,2,0,0,2.37,0,0
STU-05000,19,Male,Medium,70.85,56.96,0.502,5,3.23,3,1,1,4.37,1,0
